type,value,source,first_seen,tlp,confidence,tags,source_ref
domain,0fbw5tqk.imzural.info,text_feeds:threatfox_c2,2026-09-29T15:40:23Z,CLEAR,0.5,c2;threatfox_c2,https://threatfox.abuse.ch/export/csv/recent/
domain,0gnu5zak.edebiyatkonulari.com,text_feeds:threatfox_c2,2026-09-28T08:18:33Z,CLEAR,0.5,c2;threatfox_c2,https://threatfox.abuse.ch/export/csv/recent/
domain,0rqzexak.binazirvarzesh.ir,text_feeds:threatfox_c2,2026-09-27T20:50:42Z,CLEAR,0.5,c2;threatfox_c2,https://threatfox.abuse.ch/export/csv/recent/
domain,0ygn6edx.exploringvirtualreality.com,text_feeds:threatfox_c2,2026-09-29T12:27:12Z,CLEAR,0.5,c2;threatfox_c2,https://threatfox.abuse.ch/export/csv/recent/
domain,110tonn.ru,text_feeds:threatfox_c2,2026-08-23T01:07:03Z,CLEAR,0.5,c2;threatfox_c2,https://threatfox.abuse.ch/export/csv/recent/
domain,1188brewing.com,text_feeds:threatfox_c2,2026-09-23T15:24:05Z,CLEAR,0.5,c2;threatfox_c2,https://threatfox.abuse.ch/export/csv/recent/
domain,1309673150-86ymvxmhrm.ap-shanghai.tencentscf.com,text_feeds:threatfox_c2,2026-09-11T09:47:44Z,CLEAR,0.5,c2;threatfox_c2,https://threatfox.abuse.ch/export/csv/recent/
domain,14fet9qp.hwgrouppik.com,text_feeds:threatfox_c2,2026-09-29T11:23:06Z,CLEAR,0.5,c2;threatfox_c2,https://threatfox.abuse.ch/export/csv/recent/
domain,161-35-173-98.sslip.io,text_feeds:threatfox_c2,2026-08-29T23:46:33Z,CLEAR,0.5,c2;threatfox_c2,https://threatfox.abuse.ch/export/csv/recent/
domain,16sondra.workers.dev,text_feeds:threatfox_c2,2026-09-28T22:55:23Z,CLEAR,0.5,c2;threatfox_c2,https://threatfox.abuse.ch/export/csv/recent/
domain,17.aa.4t.com,text_feeds:threatfox_c2,2025-06-30T07:56:18Z,CLEAR,0.5,c2;threatfox_c2,https://threatfox.abuse.ch/export/csv/recent/
domain,178-128-196-79.sslip.io,text_feeds:threatfox_c2,2026-09-24T13:48:03Z,CLEAR,0.5,c2;threatfox_c2,https://threatfox.abuse.ch/export/csv/recent/
domain,1cujg0ph.nomoneynohoney.org,text_feeds:threatfox_c2,2026-09-29T12:31:17Z,CLEAR,0.5,c2;threatfox_c2,https://threatfox.abuse.ch/export/csv/recent/
domain,295ivovdik.workers.dev,text_feeds:threatfox_c2,2026-09-29T12:48:34Z,CLEAR,0.5,c2;threatfox_c2,https://threatfox.abuse.ch/export/csv/recent/
domain,35su8ccd.favarzesh.ir,text_feeds:threatfox_c2,2026-09-28T09:40:46Z,CLEAR,0.5,c2;threatfox_c2,https://threatfox.abuse.ch/export/csv/recent/
domain,360safeupdate.com,text_feeds:threatfox_c2,2022-11-24T11:50:52Z,CLEAR,0.5,c2;threatfox_c2,https://threatfox.abuse.ch/export/csv/recent/
domain,39group.id,text_feeds:threatfox_c2,2026-09-29T16:06:11Z,CLEAR,0.5,c2;threatfox_c2,https://threatfox.abuse.ch/export/csv/recent/
domain,44384f75.roxymigurdia.wiki,text_feeds:threatfox_c2,2026-09-29T18:52:32Z,CLEAR,0.5,c2;threatfox_c2,https://threatfox.abuse.ch/export/csv/recent/
domain,4qbl.com,text_feeds:threatfox_c2,2026-09-23T15:24:06Z,CLEAR,0.5,c2;threatfox_c2,https://threatfox.abuse.ch/export/csv/recent/
domain,521mc6ro.melbettr.co,text_feeds:threatfox_c2,2026-09-28T00:15:20Z,CLEAR,0.5,c2;threatfox_c2,https://threatfox.abuse.ch/export/csv/recent/
domain,5starautobody.com,text_feeds:threatfox_c2,2026-09-29T12:51:25Z,CLEAR,0.5,c2;threatfox_c2,https://threatfox.abuse.ch/export/csv/recent/
domain,5ueb461u.enus-bellyflush.com,text_feeds:threatfox_c2,2026-09-28T18:02:30Z,CLEAR,0.5,c2;threatfox_c2,https://threatfox.abuse.ch/export/csv/recent/
domain,666621.xyz,text_feeds:threatfox_c2,2022-12-30T19:48:52Z,CLEAR,0.5,c2;threatfox_c2,https://threatfox.abuse.ch/export/csv/recent/
domain,7jmdnzhw.mostbett.co,text_feeds:threatfox_c2,2026-09-28T01:18:25Z,CLEAR,0.5,c2;threatfox_c2,https://threatfox.abuse.ch/export/csv/recent/
domain,83ur68yr.designphotoshop.ir,text_feeds:threatfox_c2,2026-09-28T01:50:42Z,CLEAR,0.5,c2;threatfox_c2,https://threatfox.abuse.ch/export/csv/recent/
domain,84nog8td.nazimhikmetakademisi.org,text_feeds:threatfox_c2,2026-09-28T11:51:21Z,CLEAR,0.5,c2;threatfox_c2,https://threatfox.abuse.ch/export/csv/recent/
domain,86x499ro.finowfurt.com,text_feeds:threatfox_c2,2026-09-29T17:29:51Z,CLEAR,0.5,c2;threatfox_c2,https://threatfox.abuse.ch/export/csv/recent/
domain,8s896faj.varzesh303.com,text_feeds:threatfox_c2,2026-09-28T06:44:58Z,CLEAR,0.5,c2;threatfox_c2,https://threatfox.abuse.ch/export/csv/recent/
domain,92jo0bql.creditcardqueen.com,text_feeds:threatfox_c2,2026-09-29T01:28:15Z,CLEAR,0.5,c2;threatfox_c2,https://threatfox.abuse.ch/export/csv/recent/
domain,97aubry.workers.dev,text_feeds:threatfox_c2,2026-09-28T15:14:45Z,CLEAR,0.5,c2;threatfox_c2,https://threatfox.abuse.ch/export/csv/recent/
domain,microsoftsyst3m.com,text_feeds:threatfox_c2,2023-12-16T22:12:14Z,CLEAR,0.5,c2;threatfox_c2,https://threatfox.abuse.ch/export/csv/recent/
domain,a6m1n.xyz,text_feeds:threatfox_c2,2022-12-30T19:48:25Z,CLEAR,0.5,c2;threatfox_c2,https://threatfox.abuse.ch/export/csv/recent/
domain,aabancaa.com,text_feeds:threatfox_c2,2022-12-30T19:48:25Z,CLEAR,0.5,c2;threatfox_c2,https://threatfox.abuse.ch/export/csv/recent/
domain,aaniche.com,text_feeds:threatfox_c2,2026-09-22T18:44:34Z,CLEAR,0.5,c2;threatfox_c2,https://threatfox.abuse.ch/export/csv/recent/
domain,aaregkbh.dk,text_feeds:threatfox_c2,2026-09-29T12:51:25Z,CLEAR,0.5,c2;threatfox_c2,https://threatfox.abuse.ch/export/csv/recent/
domain,abdurrahmanyildiz.com,text_feeds:threatfox_c2,2026-09-29T12:51:25Z,CLEAR,0.5,c2;threatfox_c2,https://threatfox.abuse.ch/export/csv/recent/
domain,abogadosinmigracion.info,text_feeds:threatfox_c2,2026-09-28T05:22:13Z,CLEAR,0.5,c2;threatfox_c2,https://threatfox.abuse.ch/export/csv/recent/
domain,aboutdatabasesoftware.com,text_feeds:threatfox_c2,2022-12-30T19:48:09Z,CLEAR,0.5,c2;threatfox_c2,https://threatfox.abuse.ch/export/csv/recent/
domain,aboutmfers.com,text_feeds:threatfox_c2,2026-09-29T12:51:25Z,CLEAR,0.5,c2;threatfox_c2,https://threatfox.abuse.ch/export/csv/recent/
domain,abritrum-bridges.com,text_feeds:threatfox_c2,2022-12-30T19:44:07Z,CLEAR,0.5,c2;threatfox_c2,https://threatfox.abuse.ch/export/csv/recent/
domain,acac.hopto.org,text_feeds:threatfox_c2,2026-08-05T11:46:59Z,CLEAR,0.5,c2;threatfox_c2,https://threatfox.abuse.ch/export/csv/recent/
domain,accompanykids.com,text_feeds:threatfox_c2,2026-09-29T12:51:25Z,CLEAR,0.5,c2;threatfox_c2,https://threatfox.abuse.ch/export/csv/recent/
domain,account.msdos.ru,text_feeds:threatfox_c2,2026-09-28T06:08:57Z,CLEAR,0.5,c2;threatfox_c2,https://threatfox.abuse.ch/export/csv/recent/
domain,accountz.msdos.ru,text_feeds:threatfox_c2,2026-09-28T12:51:17Z,CLEAR,0.5,c2;threatfox_c2,https://threatfox.abuse.ch/export/csv/recent/
domain,acitopram.com,text_feeds:threatfox_c2,2022-12-30T19:48:12Z,CLEAR,0.5,c2;threatfox_c2,https://threatfox.abuse.ch/export/csv/recent/
domain,acroserver.com,text_feeds:threatfox_c2,2023-03-17T22:40:17Z,CLEAR,0.5,c2;threatfox_c2,https://threatfox.abuse.ch/export/csv/recent/
domain,acsdomaindsadas.click,text_feeds:threatfox_c2,2026-08-23T23:46:32Z,CLEAR,0.5,c2;threatfox_c2,https://threatfox.abuse.ch/export/csv/recent/
domain,action-winds.cfd,text_feeds:threatfox_c2,2024-05-11T22:47:09Z,CLEAR,0.5,c2;threatfox_c2,https://threatfox.abuse.ch/export/csv/recent/
domain,actionsportfishingmaui.com,text_feeds:threatfox_c2,2026-09-23T15:24:07Z,CLEAR,0.5,c2;threatfox_c2,https://threatfox.abuse.ch/export/csv/recent/
domain,activepatient.ca,text_feeds:threatfox_c2,2026-09-29T12:51:25Z,CLEAR,0.5,c2;threatfox_c2,https://threatfox.abuse.ch/export/csv/recent/
domain,activeservers.net,text_feeds:threatfox_c2,2022-10-13T21:13:41Z,CLEAR,0.5,c2;threatfox_c2,https://threatfox.abuse.ch/export/csv/recent/
domain,actorlixian.com,text_feeds:threatfox_c2,2026-09-28T05:22:13Z,CLEAR,0.5,c2;threatfox_c2,https://threatfox.abuse.ch/export/csv/recent/
domain,adams-ridge.com,text_feeds:threatfox_c2,2026-09-29T12:51:25Z,CLEAR,0.5,c2;threatfox_c2,https://threatfox.abuse.ch/export/csv/recent/
domain,adaswaldorf.com,text_feeds:threatfox_c2,2026-09-24T22:56:32Z,CLEAR,0.5,c2;threatfox_c2,https://threatfox.abuse.ch/export/csv/recent/
domain,adminxyz.top,text_feeds:threatfox_c2,2026-09-29T12:50:39Z,CLEAR,0.5,c2;threatfox_c2,https://threatfox.abuse.ch/export/csv/recent/
domain,aegaeonscs808.com,text_feeds:threatfox_c2,2026-09-23T15:24:07Z,CLEAR,0.5,c2;threatfox_c2,https://threatfox.abuse.ch/export/csv/recent/
domain,affinm.com,text_feeds:threatfox_c2,2022-12-30T19:48:22Z,CLEAR,0.5,c2;threatfox_c2,https://threatfox.abuse.ch/export/csv/recent/
domain,afilma.net,text_feeds:threatfox_c2,2026-09-29T16:05:19Z,CLEAR,0.5,c2;threatfox_c2,https://threatfox.abuse.ch/export/csv/recent/
domain,afindisc.xyz,text_feeds:threatfox_c2,2022-12-30T19:48:28Z,CLEAR,0.5,c2;threatfox_c2,https://threatfox.abuse.ch/export/csv/recent/
domain,afluix.com,text_feeds:threatfox_c2,2022-06-23T17:11:58Z,CLEAR,0.5,c2;threatfox_c2,https://threatfox.abuse.ch/export/csv/recent/
domain,afspd.com,text_feeds:threatfox_c2,2022-12-30T19:48:03Z,CLEAR,0.5,c2;threatfox_c2,https://threatfox.abuse.ch/export/csv/recent/
domain,agazud.com,text_feeds:threatfox_c2,2022-10-29T10:12:26Z,CLEAR,0.5,c2;threatfox_c2,https://threatfox.abuse.ch/export/csv/recent/
domain,agentrecovery.com,text_feeds:threatfox_c2,2022-12-30T19:48:23Z,CLEAR,0.5,c2;threatfox_c2,https://threatfox.abuse.ch/export/csv/recent/
domain,aginij.com,text_feeds:threatfox_c2,2022-06-22T18:35:13Z,CLEAR,0.5,c2;threatfox_c2,https://threatfox.abuse.ch/export/csv/recent/
domain,agreminj.com,text_feeds:threatfox_c2,2022-12-30T19:48:42Z,CLEAR,0.5,c2;threatfox_c2,https://threatfox.abuse.ch/export/csv/recent/
domain,agriculturemachineries.com,text_feeds:threatfox_c2,2022-12-30T19:48:17Z,CLEAR,0.5,c2;threatfox_c2,https://threatfox.abuse.ch/export/csv/recent/
domain,agsdef.com,text_feeds:threatfox_c2,2022-12-30T19:48:33Z,CLEAR,0.5,c2;threatfox_c2,https://threatfox.abuse.ch/export/csv/recent/
domain,aialadin.com,text_feeds:threatfox_c2,2022-12-30T19:48:06Z,CLEAR,0.5,c2;threatfox_c2,https://threatfox.abuse.ch/export/csv/recent/
domain,aidentyx.com,text_feeds:threatfox_c2,2026-09-29T18:52:32Z,CLEAR,0.5,c2;threatfox_c2,https://threatfox.abuse.ch/export/csv/recent/
domain,aigouing.com,text_feeds:threatfox_c2,2022-12-30T19:48:49Z,CLEAR,0.5,c2;threatfox_c2,https://threatfox.abuse.ch/export/csv/recent/
domain,airlinesapp.net,text_feeds:threatfox_c2,2023-10-16T08:49:32Z,CLEAR,0.5,c2;threatfox_c2,https://threatfox.abuse.ch/export/csv/recent/
domain,akaluij.com,text_feeds:threatfox_c2,2022-12-30T19:48:38Z,CLEAR,0.5,c2;threatfox_c2,https://threatfox.abuse.ch/export/csv/recent/
domain,aksaholdings.com,text_feeds:threatfox_c2,2022-11-20T10:32:06Z,CLEAR,0.5,c2;threatfox_c2,https://threatfox.abuse.ch/export/csv/recent/
domain,albertocorteshernandez.com,text_feeds:threatfox_c2,2026-09-10T20:14:08Z,CLEAR,0.5,c2;threatfox_c2,https://threatfox.abuse.ch/export/csv/recent/
domain,alcaldiaderoscio.gob.ve,text_feeds:threatfox_c2,2026-09-22T22:18:59Z,CLEAR,0.5,c2;threatfox_c2,https://threatfox.abuse.ch/export/csv/recent/
domain,alfuhin.com,text_feeds:threatfox_c2,2022-10-29T09:56:46Z,CLEAR,0.5,c2;threatfox_c2,https://threatfox.abuse.ch/export/csv/recent/
domain,allgroupservices.com,text_feeds:threatfox_c2,2022-12-30T19:48:12Z,CLEAR,0.5,c2;threatfox_c2,https://threatfox.abuse.ch/export/csv/recent/
domain,allowcheckd3.cc,text_feeds:threatfox_c2,2026-09-28T15:32:48Z,CLEAR,0.5,c2;threatfox_c2,https://threatfox.abuse.ch/export/csv/recent/
domain,allowedcloud.com,text_feeds:threatfox_c2,2023-01-11T10:59:45Z,CLEAR,0.5,c2;threatfox_c2,https://threatfox.abuse.ch/export/csv/recent/
domain,allsdone.com,text_feeds:threatfox_c2,2022-12-30T19:48:51Z,CLEAR,0.5,c2;threatfox_c2,https://threatfox.abuse.ch/export/csv/recent/
domain,allsecuresafes.com.au,text_feeds:threatfox_c2,2026-09-29T12:51:25Z,CLEAR,0.5,c2;threatfox_c2,https://threatfox.abuse.ch/export/csv/recent/
domain,almasoft.net,text_feeds:threatfox_c2,2026-09-29T12:51:25Z,CLEAR,0.5,c2;threatfox_c2,https://threatfox.abuse.ch/export/csv/recent/
domain,almusan.com,text_feeds:threatfox_c2,2026-09-29T12:51:25Z,CLEAR,0.5,c2;threatfox_c2,https://threatfox.abuse.ch/export/csv/recent/
domain,alojun.com,text_feeds:threatfox_c2,2022-08-31T16:32:01Z,CLEAR,0.5,c2;threatfox_c2,https://threatfox.abuse.ch/export/csv/recent/
domain,altreeservicellc.com,text_feeds:threatfox_c2,2022-12-30T19:48:48Z,CLEAR,0.5,c2;threatfox_c2,https://threatfox.abuse.ch/export/csv/recent/
domain,alumexindia.com,text_feeds:threatfox_c2,2026-09-23T15:24:10Z,CLEAR,0.5,c2;threatfox_c2,https://threatfox.abuse.ch/export/csv/recent/
domain,amaladin.com,text_feeds:threatfox_c2,2022-10-27T23:43:27Z,CLEAR,0.5,c2;threatfox_c2,https://threatfox.abuse.ch/export/csv/recent/
domain,amaniza.com,text_feeds:threatfox_c2,2022-12-30T19:48:15Z,CLEAR,0.5,c2;threatfox_c2,https://threatfox.abuse.ch/export/csv/recent/
domain,amaxxagroup.com,text_feeds:threatfox_c2,2026-09-23T15:24:10Z,CLEAR,0.5,c2;threatfox_c2,https://threatfox.abuse.ch/export/csv/recent/
domain,amazonclouds.link,text_feeds:threatfox_c2,2023-08-26T18:42:02Z,CLEAR,0.5,c2;threatfox_c2,https://threatfox.abuse.ch/export/csv/recent/
domain,ambiancewax.com,text_feeds:threatfox_c2,2026-08-23T01:19:39Z,CLEAR,0.5,c2;threatfox_c2,https://threatfox.abuse.ch/export/csv/recent/
domain,americcorp.net,text_feeds:threatfox_c2,2023-11-24T08:21:02Z,CLEAR,0.5,c2;threatfox_c2,https://threatfox.abuse.ch/export/csv/recent/
domain,ams-prd-cob.nl,text_feeds:threatfox_c2,2022-10-13T19:51:56Z,CLEAR,0.5,c2;threatfox_c2,https://threatfox.abuse.ch/export/csv/recent/
domain,amur-city.online,text_feeds:threatfox_c2,2023-08-26T18:42:02Z,CLEAR,0.5,c2;threatfox_c2,https://threatfox.abuse.ch/export/csv/recent/
domain,analyticshore.icu,text_feeds:threatfox_c2,2026-02-24T15:14:37Z,CLEAR,0.5,c2;threatfox_c2,https://threatfox.abuse.ch/export/csv/recent/
domain,analyze-me3.buzz,text_feeds:threatfox_c2,2026-09-14T16:53:22Z,CLEAR,0.5,c2;threatfox_c2,https://threatfox.abuse.ch/export/csv/recent/
domain,anbush.com,text_feeds:threatfox_c2,2022-09-29T08:45:45Z,CLEAR,0.5,c2;threatfox_c2,https://threatfox.abuse.ch/export/csv/recent/
domain,andbro.com,text_feeds:threatfox_c2,2026-09-23T15:24:10Z,CLEAR,0.5,c2;threatfox_c2,https://threatfox.abuse.ch/export/csv/recent/
domain,anexuss.com,text_feeds:threatfox_c2,2022-12-30T19:48:15Z,CLEAR,0.5,c2;threatfox_c2,https://threatfox.abuse.ch/export/csv/recent/
domain,antariscapital.com,text_feeds:threatfox_c2,2022-12-30T19:48:47Z,CLEAR,0.5,c2;threatfox_c2,https://threatfox.abuse.ch/export/csv/recent/
domain,antimalwarediagnostics.st,text_feeds:threatfox_c2,2026-09-28T18:49:36Z,CLEAR,0.5,c2;threatfox_c2,https://threatfox.abuse.ch/export/csv/recent/
domain,anushl.com,text_feeds:threatfox_c2,2022-10-05T18:54:33Z,CLEAR,0.5,c2;threatfox_c2,https://threatfox.abuse.ch/export/csv/recent/
domain,apabfs.icu,text_feeds:threatfox_c2,2022-12-30T19:48:44Z,CLEAR,0.5,c2;threatfox_c2,https://threatfox.abuse.ch/export/csv/recent/
domain,apacheorg.wiki,text_feeds:threatfox_c2,2022-12-28T02:22:09Z,CLEAR,0.5,c2;threatfox_c2,https://threatfox.abuse.ch/export/csv/recent/
domain,apeduze.com,text_feeds:threatfox_c2,2022-03-23T16:44:21Z,CLEAR,0.5,c2;threatfox_c2,https://threatfox.abuse.ch/export/csv/recent/
domain,api-trend-micro.com,text_feeds:threatfox_c2,2022-12-30T19:48:09Z,CLEAR,0.5,c2;threatfox_c2,https://threatfox.abuse.ch/export/csv/recent/
domain,api.microsoftstorapi.com,text_feeds:threatfox_c2,2026-09-19T13:47:56Z,CLEAR,0.5,c2;threatfox_c2,https://threatfox.abuse.ch/export/csv/recent/
domain,api.office-updates.org,text_feeds:threatfox_c2,2023-08-03T10:24:41Z,CLEAR,0.5,c2;threatfox_c2,https://threatfox.abuse.ch/export/csv/recent/
domain,apkireturn.com,text_feeds:threatfox_c2,2026-09-23T15:24:11Z,CLEAR,0.5,c2;threatfox_c2,https://threatfox.abuse.ch/export/csv/recent/
domain,appdevtechnology.com,text_feeds:threatfox_c2,2023-02-01T02:21:19Z,CLEAR,0.5,c2;threatfox_c2,https://threatfox.abuse.ch/export/csv/recent/
domain,appmind.center,text_feeds:threatfox_c2,2022-12-30T19:48:26Z,CLEAR,0.5,c2;threatfox_c2,https://threatfox.abuse.ch/export/csv/recent/
domain,aquasidra.com,text_feeds:threatfox_c2,2026-09-23T15:24:11Z,CLEAR,0.5,c2;threatfox_c2,https://threatfox.abuse.ch/export/csv/recent/
domain,ar2arquitetura.com.br,text_feeds:threatfox_c2,2026-09-22T16:35:42Z,CLEAR,0.5,c2;threatfox_c2,https://threatfox.abuse.ch/export/csv/recent/
domain,araizx.com,text_feeds:threatfox_c2,2022-06-23T10:53:27Z,CLEAR,0.5,c2;threatfox_c2,https://threatfox.abuse.ch/export/csv/recent/
domain,architekt-hoelzle.de,text_feeds:threatfox_c2,2026-09-23T15:24:11Z,CLEAR,0.5,c2;threatfox_c2,https://threatfox.abuse.ch/export/csv/recent/
domain,arhipenkolenagenesh.com,text_feeds:threatfox_c2,2022-12-30T19:48:17Z,CLEAR,0.5,c2;threatfox_c2,https://threatfox.abuse.ch/export/csv/recent/
domain,aritmiagenesh.com,text_feeds:threatfox_c2,2022-12-30T19:48:17Z,CLEAR,0.5,c2;threatfox_c2,https://threatfox.abuse.ch/export/csv/recent/
domain,arminext.com,text_feeds:threatfox_c2,2022-06-23T10:53:27Z,CLEAR,0.5,c2;threatfox_c2,https://threatfox.abuse.ch/export/csv/recent/
domain,artes911sh.com,text_feeds:threatfox_c2,2022-12-30T19:48:17Z,CLEAR,0.5,c2;threatfox_c2,https://threatfox.abuse.ch/export/csv/recent/
domain,artflow-atelier.com,text_feeds:threatfox_c2,2026-09-23T15:24:11Z,CLEAR,0.5,c2;threatfox_c2,https://threatfox.abuse.ch/export/csv/recent/
domain,arthas89sh.com,text_feeds:threatfox_c2,2022-12-30T19:48:17Z,CLEAR,0.5,c2;threatfox_c2,https://threatfox.abuse.ch/export/csv/recent/
domain,arthurstevens62sh.com,text_feeds:threatfox_c2,2022-12-30T19:48:17Z,CLEAR,0.5,c2;threatfox_c2,https://threatfox.abuse.ch/export/csv/recent/
domain,arthurtaylor13sh.com,text_feeds:threatfox_c2,2022-12-30T19:48:17Z,CLEAR,0.5,c2;threatfox_c2,https://threatfox.abuse.ch/export/csv/recent/
domain,artidomain.com,text_feeds:threatfox_c2,2022-05-08T16:20:03Z,CLEAR,0.5,c2;threatfox_c2,https://threatfox.abuse.ch/export/csv/recent/
domain,artis214sh.com,text_feeds:threatfox_c2,2022-12-30T19:48:17Z,CLEAR,0.5,c2;threatfox_c2,https://threatfox.abuse.ch/export/csv/recent/
domain,artist2actresssh.com,text_feeds:threatfox_c2,2022-12-30T19:48:18Z,CLEAR,0.5,c2;threatfox_c2,https://threatfox.abuse.ch/export/csv/recent/
domain,artmicrodesign.com,text_feeds:threatfox_c2,2023-05-16T10:00:02Z,CLEAR,0.5,c2;threatfox_c2,https://threatfox.abuse.ch/export/csv/recent/
domain,arturprikhodkosh.com,text_feeds:threatfox_c2,2022-12-30T19:48:18Z,CLEAR,0.5,c2;threatfox_c2,https://threatfox.abuse.ch/export/csv/recent/
domain,arvin78sh.com,text_feeds:threatfox_c2,2022-12-30T19:48:18Z,CLEAR,0.5,c2;threatfox_c2,https://threatfox.abuse.ch/export/csv/recent/
domain,arvind567shahsh.com,text_feeds:threatfox_c2,2022-12-30T19:48:18Z,CLEAR,0.5,c2;threatfox_c2,https://threatfox.abuse.ch/export/csv/recent/
domain,arvindkkumsh.com,text_feeds:threatfox_c2,2022-12-30T19:48:18Z,CLEAR,0.5,c2;threatfox_c2,https://threatfox.abuse.ch/export/csv/recent/
domain,arvosash.com,text_feeds:threatfox_c2,2022-12-30T19:48:18Z,CLEAR,0.5,c2;threatfox_c2,https://threatfox.abuse.ch/export/csv/recent/
domain,arwalsersh.com,text_feeds:threatfox_c2,2022-12-30T19:48:18Z,CLEAR,0.5,c2;threatfox_c2,https://threatfox.abuse.ch/export/csv/recent/
domain,aryaarieash.com,text_feeds:threatfox_c2,2022-12-30T19:48:18Z,CLEAR,0.5,c2;threatfox_c2,https://threatfox.abuse.ch/export/csv/recent/
domain,aryalalexsh.com,text_feeds:threatfox_c2,2022-12-30T19:48:18Z,CLEAR,0.5,c2;threatfox_c2,https://threatfox.abuse.ch/export/csv/recent/
domain,as.regcssv.com,text_feeds:threatfox_c2,2024-02-07T10:12:22Z,CLEAR,0.5,c2;threatfox_c2,https://threatfox.abuse.ch/export/csv/recent/
domain,asasyz.com,text_feeds:threatfox_c2,2022-10-29T10:14:36Z,CLEAR,0.5,c2;threatfox_c2,https://threatfox.abuse.ch/export/csv/recent/
domain,asbabkeshitehran.ir,text_feeds:threatfox_c2,2026-09-29T12:51:25Z,CLEAR,0.5,c2;threatfox_c2,https://threatfox.abuse.ch/export/csv/recent/
domain,asbetysh.com,text_feeds:threatfox_c2,2022-12-30T19:48:19Z,CLEAR,0.5,c2;threatfox_c2,https://threatfox.abuse.ch/export/csv/recent/
domain,ascagliarinish.com,text_feeds:threatfox_c2,2022-12-30T19:48:19Z,CLEAR,0.5,c2;threatfox_c2,https://threatfox.abuse.ch/export/csv/recent/
domain,ascasdsh.com,text_feeds:threatfox_c2,2022-12-30T19:48:19Z,CLEAR,0.5,c2;threatfox_c2,https://threatfox.abuse.ch/export/csv/recent/
domain,aschamp79sh.com,text_feeds:threatfox_c2,2022-12-30T19:48:19Z,CLEAR,0.5,c2;threatfox_c2,https://threatfox.abuse.ch/export/csv/recent/
domain,aschnurmansh.com,text_feeds:threatfox_c2,2022-12-30T19:48:19Z,CLEAR,0.5,c2;threatfox_c2,https://threatfox.abuse.ch/export/csv/recent/
domain,asdder.com,text_feeds:threatfox_c2,2022-08-31T16:32:01Z,CLEAR,0.5,c2;threatfox_c2,https://threatfox.abuse.ch/export/csv/recent/
domain,aseleeeksh.com,text_feeds:threatfox_c2,2022-12-30T19:48:19Z,CLEAR,0.5,c2;threatfox_c2,https://threatfox.abuse.ch/export/csv/recent/
domain,asensvsh.com,text_feeds:threatfox_c2,2022-12-30T19:48:19Z,CLEAR,0.5,c2;threatfox_c2,https://threatfox.abuse.ch/export/csv/recent/
domain,ashen-kindle-ridge-pruior.life,text_feeds:threatfox_c2,2026-09-24T20:40:47Z,CLEAR,0.5,c2;threatfox_c2,https://threatfox.abuse.ch/export/csv/recent/
domain,ashen-trace-zephyr-draeix.life,text_feeds:threatfox_c2,2026-09-23T16:44:26Z,CLEAR,0.5,c2;threatfox_c2,https://threatfox.abuse.ch/export/csv/recent/
domain,ask.shurimaster.com,text_feeds:threatfox_c2,2026-04-17T17:13:27Z,CLEAR,0.5,c2;threatfox_c2,https://threatfox.abuse.ch/export/csv/recent/
domain,aspnetcenter.com,text_feeds:threatfox_c2,2023-02-04T19:39:46Z,CLEAR,0.5,c2;threatfox_c2,https://threatfox.abuse.ch/export/csv/recent/
domain,asset-trades.com,text_feeds:threatfox_c2,2022-12-30T19:48:46Z,CLEAR,0.5,c2;threatfox_c2,https://threatfox.abuse.ch/export/csv/recent/
domain,assin.org.br,text_feeds:threatfox_c2,2026-09-24T07:34:34Z,CLEAR,0.5,c2;threatfox_c2,https://threatfox.abuse.ch/export/csv/recent/
domain,assixto.it,text_feeds:threatfox_c2,2026-09-29T11:21:53Z,CLEAR,0.5,c2;threatfox_c2,https://threatfox.abuse.ch/export/csv/recent/
domain,asterchildrenshoes.com,text_feeds:threatfox_c2,2024-05-29T12:53:46Z,CLEAR,0.5,c2;threatfox_c2,https://threatfox.abuse.ch/export/csv/recent/
domain,astra4512.startdedicated.com,text_feeds:threatfox_c2,2023-12-30T11:33:25Z,CLEAR,0.5,c2;threatfox_c2,https://threatfox.abuse.ch/export/csv/recent/
domain,astrumsteel.com,text_feeds:threatfox_c2,2026-09-26T09:24:29Z,CLEAR,0.5,c2;threatfox_c2,https://threatfox.abuse.ch/export/csv/recent/
domain,asusupdateserver.asuscomm.com,text_feeds:threatfox_c2,2025-05-12T20:55:40Z,CLEAR,0.5,c2;threatfox_c2,https://threatfox.abuse.ch/export/csv/recent/
domain,at1.227api.com,text_feeds:threatfox_c2,2025-01-17T07:45:55Z,CLEAR,0.5,c2;threatfox_c2,https://threatfox.abuse.ch/export/csv/recent/
domain,at2.227api.com,text_feeds:threatfox_c2,2025-01-17T07:45:55Z,CLEAR,0.5,c2;threatfox_c2,https://threatfox.abuse.ch/export/csv/recent/
domain,at3.227api.com,text_feeds:threatfox_c2,2025-01-17T07:45:55Z,CLEAR,0.5,c2;threatfox_c2,https://threatfox.abuse.ch/export/csv/recent/
domain,atechniques.com,text_feeds:threatfox_c2,2023-03-17T19:45:49Z,CLEAR,0.5,c2;threatfox_c2,https://threatfox.abuse.ch/export/csv/recent/
domain,ateliernow.net,text_feeds:threatfox_c2,2022-09-05T19:10:47Z,CLEAR,0.5,c2;threatfox_c2,https://threatfox.abuse.ch/export/csv/recent/
domain,ateyakima.com,text_feeds:threatfox_c2,2022-12-30T19:48:07Z,CLEAR,0.5,c2;threatfox_c2,https://threatfox.abuse.ch/export/csv/recent/
domain,aualadin.com,text_feeds:threatfox_c2,2022-10-26T10:09:11Z,CLEAR,0.5,c2;threatfox_c2,https://threatfox.abuse.ch/export/csv/recent/
domain,audelr.com,text_feeds:threatfox_c2,2023-02-04T18:42:02Z,CLEAR,0.5,c2;threatfox_c2,https://threatfox.abuse.ch/export/csv/recent/
domain,auovo21035.workers.dev,text_feeds:threatfox_c2,2026-09-28T19:08:35Z,CLEAR,0.5,c2;threatfox_c2,https://threatfox.abuse.ch/export/csv/recent/
domain,australiansuper.xyz,text_feeds:threatfox_c2,2023-05-23T12:37:36Z,CLEAR,0.5,c2;threatfox_c2,https://threatfox.abuse.ch/export/csv/recent/
domain,autosos.kharkov.ua,text_feeds:threatfox_c2,2026-09-24T07:34:34Z,CLEAR,0.5,c2;threatfox_c2,https://threatfox.abuse.ch/export/csv/recent/
domain,avasecurityservices.com,text_feeds:threatfox_c2,2022-12-30T19:48:10Z,CLEAR,0.5,c2;threatfox_c2,https://threatfox.abuse.ch/export/csv/recent/
domain,avdev.net,text_feeds:threatfox_c2,2023-01-20T11:23:14Z,CLEAR,0.5,c2;threatfox_c2,https://threatfox.abuse.ch/export/csv/recent/
domain,axelkim.com,text_feeds:threatfox_c2,2022-12-30T19:48:32Z,CLEAR,0.5,c2;threatfox_c2,https://threatfox.abuse.ch/export/csv/recent/
domain,azadkarsho.ir,text_feeds:threatfox_c2,2026-09-29T12:51:25Z,CLEAR,0.5,c2;threatfox_c2,https://threatfox.abuse.ch/export/csv/recent/
domain,azanintl.com,text_feeds:threatfox_c2,2026-09-28T06:08:36Z,CLEAR,0.5,c2;threatfox_c2,https://threatfox.abuse.ch/export/csv/recent/
domain,azimurs.com,text_feeds:threatfox_c2,2022-12-30T19:48:32Z,CLEAR,0.5,c2;threatfox_c2,https://threatfox.abuse.ch/export/csv/recent/
domain,azmnetwork.com,text_feeds:threatfox_c2,2022-12-30T19:48:27Z,CLEAR,0.5,c2;threatfox_c2,https://threatfox.abuse.ch/export/csv/recent/
domain,azurecloudfire.com,text_feeds:threatfox_c2,2023-01-19T14:15:53Z,CLEAR,0.5,c2;threatfox_c2,https://threatfox.abuse.ch/export/csv/recent/
domain,b-alquadrato.com,text_feeds:threatfox_c2,2026-09-29T12:51:25Z,CLEAR,0.5,c2;threatfox_c2,https://threatfox.abuse.ch/export/csv/recent/
domain,b5hqgkl3.kaarenorge.com,text_feeds:threatfox_c2,2026-09-28T06:51:47Z,CLEAR,0.5,c2;threatfox_c2,https://threatfox.abuse.ch/export/csv/recent/
domain,babatech.store,text_feeds:threatfox_c2,2026-09-29T11:21:54Z,CLEAR,0.5,c2;threatfox_c2,https://threatfox.abuse.ch/export/csv/recent/
domain,backhaus-stiftung.de,text_feeds:threatfox_c2,2026-09-29T12:51:25Z,CLEAR,0.5,c2;threatfox_c2,https://threatfox.abuse.ch/export/csv/recent/
domain,backupcreds.com,text_feeds:threatfox_c2,2022-06-23T10:53:28Z,CLEAR,0.5,c2;threatfox_c2,https://threatfox.abuse.ch/export/csv/recent/
domain,bagueie.xyz,text_feeds:threatfox_c2,2026-09-28T06:32:34Z,CLEAR,0.5,c2;threatfox_c2,https://threatfox.abuse.ch/export/csv/recent/
domain,baidenfree.com,text_feeds:threatfox_c2,2022-12-30T19:48:27Z,CLEAR,0.5,c2;threatfox_c2,https://threatfox.abuse.ch/export/csv/recent/
domain,baidengop.com,text_feeds:threatfox_c2,2022-12-30T19:48:25Z,CLEAR,0.5,c2;threatfox_c2,https://threatfox.abuse.ch/export/csv/recent/
domain,baidu-cdn-10.com,text_feeds:threatfox_c2,2022-12-30T19:48:21Z,CLEAR,0.5,c2;threatfox_c2,https://threatfox.abuse.ch/export/csv/recent/
domain,balanceaesthetics.com,text_feeds:threatfox_c2,2026-09-23T15:24:13Z,CLEAR,0.5,c2;threatfox_c2,https://threatfox.abuse.ch/export/csv/recent/
domain,banaticum.ro,text_feeds:threatfox_c2,2026-09-29T12:51:25Z,CLEAR,0.5,c2;threatfox_c2,https://threatfox.abuse.ch/export/csv/recent/
domain,bankafrika.org,text_feeds:threatfox_c2,2022-12-30T19:48:29Z,CLEAR,0.5,c2;threatfox_c2,https://threatfox.abuse.ch/export/csv/recent/
domain,baohiem.info,text_feeds:threatfox_c2,2026-09-29T12:51:25Z,CLEAR,0.5,c2;threatfox_c2,https://threatfox.abuse.ch/export/csv/recent/
domain,barabezo.com,text_feeds:threatfox_c2,2022-08-31T18:29:19Z,CLEAR,0.5,c2;threatfox_c2,https://threatfox.abuse.ch/export/csv/recent/
domain,barmnava.com,text_feeds:threatfox_c2,2022-12-30T19:48:44Z,CLEAR,0.5,c2;threatfox_c2,https://threatfox.abuse.ch/export/csv/recent/
domain,barthvertex.com,text_feeds:threatfox_c2,2026-09-22T21:47:07Z,CLEAR,0.5,c2;threatfox_c2,https://threatfox.abuse.ch/export/csv/recent/
domain,bartiba.com,text_feeds:threatfox_c2,2022-12-30T19:48:49Z,CLEAR,0.5,c2;threatfox_c2,https://threatfox.abuse.ch/export/csv/recent/
domain,bayareastardive.com,text_feeds:threatfox_c2,2026-09-23T15:24:13Z,CLEAR,0.5,c2;threatfox_c2,https://threatfox.abuse.ch/export/csv/recent/
domain,bayaslimo.com,text_feeds:threatfox_c2,2026-09-17T11:19:51Z,CLEAR,0.5,c2;threatfox_c2,https://threatfox.abuse.ch/export/csv/recent/
domain,bbb.0101011010010111001.com,text_feeds:threatfox_c2,2026-09-28T03:46:01Z,CLEAR,0.5,c2;threatfox_c2,https://threatfox.abuse.ch/export/csv/recent/
domain,beacontrace.bond,text_feeds:threatfox_c2,2026-09-14T16:53:23Z,CLEAR,0.5,c2;threatfox_c2,https://threatfox.abuse.ch/export/csv/recent/
domain,beautybytia.com,text_feeds:threatfox_c2,2026-09-26T16:32:50Z,CLEAR,0.5,c2;threatfox_c2,https://threatfox.abuse.ch/export/csv/recent/
domain,beblormakran.cc,text_feeds:threatfox_c2,2026-09-29T18:52:32Z,CLEAR,0.5,c2;threatfox_c2,https://threatfox.abuse.ch/export/csv/recent/
domain,bedfordroofingltd.co.uk,text_feeds:threatfox_c2,2026-09-28T05:22:13Z,CLEAR,0.5,c2;threatfox_c2,https://threatfox.abuse.ch/export/csv/recent/
domain,bellevillegroupe.com,text_feeds:threatfox_c2,2026-09-23T15:24:14Z,CLEAR,0.5,c2;threatfox_c2,https://threatfox.abuse.ch/export/csv/recent/
domain,berjimek.com,text_feeds:threatfox_c2,2024-06-30T21:00:03Z,CLEAR,0.5,c2;threatfox_c2,https://threatfox.abuse.ch/export/csv/recent/
domain,bet303.games,text_feeds:threatfox_c2,2026-09-24T22:56:32Z,CLEAR,0.5,c2;threatfox_c2,https://threatfox.abuse.ch/export/csv/recent/
domain,bettina-pittaluga.com,text_feeds:threatfox_c2,2026-09-15T20:39:49Z,CLEAR,0.5,c2;threatfox_c2,https://threatfox.abuse.ch/export/csv/recent/
domain,bh.32naga.net,text_feeds:threatfox_c2,2026-09-28T14:25:46Z,CLEAR,0.5,c2;threatfox_c2,https://threatfox.abuse.ch/export/csv/recent/
domain,bh.5-rt.org,text_feeds:threatfox_c2,2026-09-28T14:25:46Z,CLEAR,0.5,c2;threatfox_c2,https://threatfox.abuse.ch/export/csv/recent/
domain,bigflopenergy.com,text_feeds:threatfox_c2,2026-09-29T05:26:19Z,CLEAR,0.5,c2;threatfox_c2,https://threatfox.abuse.ch/export/csv/recent/
domain,binazirvarzesh.ir,text_feeds:threatfox_c2,2026-09-26T12:49:28Z,CLEAR,0.5,c2;threatfox_c2,https://threatfox.abuse.ch/export/csv/recent/
domain,biobkliaum.live,text_feeds:threatfox_c2,2026-09-28T06:00:36Z,CLEAR,0.5,c2;threatfox_c2,https://threatfox.abuse.ch/export/csv/recent/
domain,biohazzzard.com,text_feeds:threatfox_c2,2022-06-23T10:53:28Z,CLEAR,0.5,c2;threatfox_c2,https://threatfox.abuse.ch/export/csv/recent/
domain,bksfinance.com,text_feeds:threatfox_c2,2022-06-23T10:53:28Z,CLEAR,0.5,c2;threatfox_c2,https://threatfox.abuse.ch/export/csv/recent/
domain,blackandwhiteshoose.com,text_feeds:threatfox_c2,2023-01-12T21:56:23Z,CLEAR,0.5,c2;threatfox_c2,https://threatfox.abuse.ch/export/csv/recent/
domain,blackcatbeauty.pl,text_feeds:threatfox_c2,2026-09-29T12:51:25Z,CLEAR,0.5,c2;threatfox_c2,https://threatfox.abuse.ch/export/csv/recent/
domain,blinkij.com,text_feeds:threatfox_c2,2022-03-22T10:51:28Z,CLEAR,0.5,c2;threatfox_c2,https://threatfox.abuse.ch/export/csv/recent/
domain,blinkinuf.com,text_feeds:threatfox_c2,2022-06-26T10:56:33Z,CLEAR,0.5,c2;threatfox_c2,https://threatfox.abuse.ch/export/csv/recent/
domain,blmdiscount.com,text_feeds:threatfox_c2,2024-05-15T22:13:26Z,CLEAR,0.5,c2;threatfox_c2,https://threatfox.abuse.ch/export/csv/recent/
domain,blockchainstartups-crypto.com,text_feeds:threatfox_c2,2022-12-30T19:48:26Z,CLEAR,0.5,c2;threatfox_c2,https://threatfox.abuse.ch/export/csv/recent/
domain,blog.bedots.io,text_feeds:threatfox_c2,2026-09-23T14:57:55Z,CLEAR,0.5,c2;threatfox_c2,https://threatfox.abuse.ch/export/csv/recent/
domain,bloodhorn8123.icu,text_feeds:threatfox_c2,2026-08-05T13:40:55Z,CLEAR,0.5,c2;threatfox_c2,https://threatfox.abuse.ch/export/csv/recent/
domain,blopik.com,text_feeds:threatfox_c2,2022-03-30T09:51:36Z,CLEAR,0.5,c2;threatfox_c2,https://threatfox.abuse.ch/export/csv/recent/
domain,blue-goblin.com,text_feeds:threatfox_c2,2026-09-23T15:24:16Z,CLEAR,0.5,c2;threatfox_c2,https://threatfox.abuse.ch/export/csv/recent/
domain,blueprinthrm.com,text_feeds:threatfox_c2,2026-09-23T15:24:16Z,CLEAR,0.5,c2;threatfox_c2,https://threatfox.abuse.ch/export/csv/recent/
domain,bluestarbusinesses.com,text_feeds:threatfox_c2,2026-09-29T12:51:26Z,CLEAR,0.5,c2;threatfox_c2,https://threatfox.abuse.ch/export/csv/recent/
domain,bluetechsupply.com,text_feeds:threatfox_c2,2022-12-30T19:48:12Z,CLEAR,0.5,c2;threatfox_c2,https://threatfox.abuse.ch/export/csv/recent/
domain,blush.net,text_feeds:threatfox_c2,2026-09-23T15:24:16Z,CLEAR,0.5,c2;threatfox_c2,https://threatfox.abuse.ch/export/csv/recent/
domain,bm1.de,text_feeds:threatfox_c2,2026-09-29T05:36:30Z,CLEAR,0.5,c2;threatfox_c2,https://threatfox.abuse.ch/export/csv/recent/
domain,bookingsupport.online,text_feeds:threatfox_c2,2022-12-30T19:48:07Z,CLEAR,0.5,c2;threatfox_c2,https://threatfox.abuse.ch/export/csv/recent/
domain,borizhog.com,text_feeds:threatfox_c2,2022-03-29T08:36:59Z,CLEAR,0.5,c2;threatfox_c2,https://threatfox.abuse.ch/export/csv/recent/
domain,bornometa.com,text_feeds:threatfox_c2,2022-02-01T10:45:03Z,CLEAR,0.5,c2;threatfox_c2,https://threatfox.abuse.ch/export/csv/recent/
domain,boronab.com,text_feeds:threatfox_c2,2022-06-23T10:53:28Z,CLEAR,0.5,c2;threatfox_c2,https://threatfox.abuse.ch/export/csv/recent/
domain,bouraoui-chiheb.com,text_feeds:threatfox_c2,2026-09-23T15:24:17Z,CLEAR,0.5,c2;threatfox_c2,https://threatfox.abuse.ch/export/csv/recent/
domain,bousola.com,text_feeds:threatfox_c2,2026-09-29T19:53:25Z,CLEAR,0.5,c2;threatfox_c2,https://threatfox.abuse.ch/export/csv/recent/
domain,box12martelinhodeouro.com,text_feeds:threatfox_c2,2026-08-18T12:08:13Z,CLEAR,0.5,c2;threatfox_c2,https://threatfox.abuse.ch/export/csv/recent/
domain,braintunehoney.com,text_feeds:threatfox_c2,2026-09-10T18:35:49Z,CLEAR,0.5,c2;threatfox_c2,https://threatfox.abuse.ch/export/csv/recent/
domain,brennerphoto.com,text_feeds:threatfox_c2,2026-09-29T12:51:26Z,CLEAR,0.5,c2;threatfox_c2,https://threatfox.abuse.ch/export/csv/recent/
domain,brikeb.com,text_feeds:threatfox_c2,2022-03-09T17:18:34Z,CLEAR,0.5,c2;threatfox_c2,https://threatfox.abuse.ch/export/csv/recent/
domain,brisk-forge-willow-caium.life,text_feeds:threatfox_c2,2026-09-22T16:28:05Z,CLEAR,0.5,c2;threatfox_c2,https://threatfox.abuse.ch/export/csv/recent/
domain,browngreeer.com,text_feeds:threatfox_c2,2022-12-30T19:48:24Z,CLEAR,0.5,c2;threatfox_c2,https://threatfox.abuse.ch/export/csv/recent/
domain,bthserv.com,text_feeds:threatfox_c2,2022-10-23T13:42:10Z,CLEAR,0.5,c2;threatfox_c2,https://threatfox.abuse.ch/export/csv/recent/
domain,build.polysupport.team,text_feeds:threatfox_c2,2026-09-28T06:08:28Z,CLEAR,0.5,c2;threatfox_c2,https://threatfox.abuse.ch/export/csv/recent/
domain,bunnybathco.com,text_feeds:threatfox_c2,2026-09-16T09:56:39Z,CLEAR,0.5,c2;threatfox_c2,https://threatfox.abuse.ch/export/csv/recent/
domain,burnhamlegal.com,text_feeds:threatfox_c2,2026-09-28T21:15:12Z,CLEAR,0.5,c2;threatfox_c2,https://threatfox.abuse.ch/export/csv/recent/
domain,businessservicesolution.com,text_feeds:threatfox_c2,2022-12-30T19:48:11Z,CLEAR,0.5,c2;threatfox_c2,https://threatfox.abuse.ch/export/csv/recent/
domain,businesstemplates.co.za,text_feeds:threatfox_c2,2026-09-23T15:24:17Z,CLEAR,0.5,c2;threatfox_c2,https://threatfox.abuse.ch/export/csv/recent/
domain,buy1walmart.com,text_feeds:threatfox_c2,2022-12-30T19:48:06Z,CLEAR,0.5,c2;threatfox_c2,https://threatfox.abuse.ch/export/csv/recent/
domain,buynet.digital,text_feeds:threatfox_c2,2022-12-30T19:48:41Z,CLEAR,0.5,c2;threatfox_c2,https://threatfox.abuse.ch/export/csv/recent/
domain,buysypi831.life,text_feeds:threatfox_c2,2026-09-15T20:39:14Z,CLEAR,0.5,c2;threatfox_c2,https://threatfox.abuse.ch/export/csv/recent/
domain,bw.32naga.net,text_feeds:threatfox_c2,2026-09-29T16:00:45Z,CLEAR,0.5,c2;threatfox_c2,https://threatfox.abuse.ch/export/csv/recent/
domain,bw.5-rt.org,text_feeds:threatfox_c2,2026-09-29T16:00:46Z,CLEAR,0.5,c2;threatfox_c2,https://threatfox.abuse.ch/export/csv/recent/
domain,bw1cpcve.webtechnica.net,text_feeds:threatfox_c2,2026-09-28T01:44:23Z,CLEAR,0.5,c2;threatfox_c2,https://threatfox.abuse.ch/export/csv/recent/
domain,bwyb.love,text_feeds:threatfox_c2,2023-11-06T18:07:30Z,CLEAR,0.5,c2;threatfox_c2,https://threatfox.abuse.ch/export/csv/recent/
domain,c-proxy-xjmkjgbsdn.cn-hangzhou.fcapp.run,text_feeds:threatfox_c2,2026-08-27T11:48:13Z,CLEAR,0.5,c2;threatfox_c2,https://threatfox.abuse.ch/export/csv/recent/
domain,cabanon.it,text_feeds:threatfox_c2,2026-09-26T15:14:28Z,CLEAR,0.5,c2;threatfox_c2,https://threatfox.abuse.ch/export/csv/recent/
domain,cabskaiyn-crane.life,text_feeds:threatfox_c2,2026-09-20T14:06:03Z,CLEAR,0.5,c2;threatfox_c2,https://threatfox.abuse.ch/export/csv/recent/
domain,caconstructioncenter.com,text_feeds:threatfox_c2,2026-09-23T15:24:18Z,CLEAR,0.5,c2;threatfox_c2,https://threatfox.abuse.ch/export/csv/recent/
domain,cafbhousing.org,text_feeds:threatfox_c2,2026-09-23T15:24:18Z,CLEAR,0.5,c2;threatfox_c2,https://threatfox.abuse.ch/export/csv/recent/
domain,cagohufe.com,text_feeds:threatfox_c2,2022-12-30T19:48:10Z,CLEAR,0.5,c2;threatfox_c2,https://threatfox.abuse.ch/export/csv/recent/
domain,caixas.link,text_feeds:threatfox_c2,2023-08-26T18:42:03Z,CLEAR,0.5,c2;threatfox_c2,https://threatfox.abuse.ch/export/csv/recent/
domain,campioni-imam.com,text_feeds:threatfox_c2,2022-12-30T19:48:27Z,CLEAR,0.5,c2;threatfox_c2,https://threatfox.abuse.ch/export/csv/recent/
domain,campolitravel.com,text_feeds:threatfox_c2,2026-09-29T12:51:26Z,CLEAR,0.5,c2;threatfox_c2,https://threatfox.abuse.ch/export/csv/recent/
domain,canalcellars.co.uk,text_feeds:threatfox_c2,2026-09-28T05:37:19Z,CLEAR,0.5,c2;threatfox_c2,https://threatfox.abuse.ch/export/csv/recent/
domain,candxai.com,text_feeds:threatfox_c2,2026-09-17T03:47:45Z,CLEAR,0.5,c2;threatfox_c2,https://threatfox.abuse.ch/export/csv/recent/
domain,capitalmanagementdata.com,text_feeds:threatfox_c2,2022-12-30T19:48:46Z,CLEAR,0.5,c2;threatfox_c2,https://threatfox.abuse.ch/export/csv/recent/
domain,capt-stash.beer,text_feeds:threatfox_c2,2026-09-28T19:49:36Z,CLEAR,0.5,c2;threatfox_c2,https://threatfox.abuse.ch/export/csv/recent/
domain,caravanlink.co.uk,text_feeds:threatfox_c2,2026-09-23T15:24:53Z,CLEAR,0.5,c2;threatfox_c2,https://threatfox.abuse.ch/export/csv/recent/
domain,caresalonservices.com,text_feeds:threatfox_c2,2022-12-30T19:48:41Z,CLEAR,0.5,c2;threatfox_c2,https://threatfox.abuse.ch/export/csv/recent/
domain,caribbeanscout.com,text_feeds:threatfox_c2,2026-09-29T12:51:26Z,CLEAR,0.5,c2;threatfox_c2,https://threatfox.abuse.ch/export/csv/recent/
domain,carolinaclaws.com,text_feeds:threatfox_c2,2026-09-28T06:02:25Z,CLEAR,0.5,c2;threatfox_c2,https://threatfox.abuse.ch/export/csv/recent/
domain,carolinepeyton.com,text_feeds:threatfox_c2,2026-09-29T12:51:26Z,CLEAR,0.5,c2;threatfox_c2,https://threatfox.abuse.ch/export/csv/recent/
domain,carwowk872.life,text_feeds:threatfox_c2,2026-09-14T16:53:23Z,CLEAR,0.5,c2;threatfox_c2,https://threatfox.abuse.ch/export/csv/recent/
domain,casabellastuart.com,text_feeds:threatfox_c2,2026-09-23T15:24:54Z,CLEAR,0.5,c2;threatfox_c2,https://threatfox.abuse.ch/export/csv/recent/
domain,casevor.com,text_feeds:threatfox_c2,2022-12-30T19:48:21Z,CLEAR,0.5,c2;threatfox_c2,https://threatfox.abuse.ch/export/csv/recent/
domain,catlow1927.org,text_feeds:threatfox_c2,2026-09-29T16:05:20Z,CLEAR,0.5,c2;threatfox_c2,https://threatfox.abuse.ch/export/csv/recent/
domain,cavendish.co,text_feeds:threatfox_c2,2026-09-17T11:19:51Z,CLEAR,0.5,c2;threatfox_c2,https://threatfox.abuse.ch/export/csv/recent/
domain,caxoxc.com,text_feeds:threatfox_c2,2022-08-18T12:15:06Z,CLEAR,0.5,c2;threatfox_c2,https://threatfox.abuse.ch/export/csv/recent/
domain,cbvision.ch,text_feeds:threatfox_c2,2026-09-29T03:07:42Z,CLEAR,0.5,c2;threatfox_c2,https://threatfox.abuse.ch/export/csv/recent/
domain,ccc.0101011010010111001.com,text_feeds:threatfox_c2,2026-09-24T03:47:19Z,CLEAR,0.5,c2;threatfox_c2,https://threatfox.abuse.ch/export/csv/recent/
domain,cdn-start.com,text_feeds:threatfox_c2,2022-12-30T19:48:46Z,CLEAR,0.5,c2;threatfox_c2,https://threatfox.abuse.ch/export/csv/recent/
domain,cdn-top.com,text_feeds:threatfox_c2,2022-12-30T19:48:47Z,CLEAR,0.5,c2;threatfox_c2,https://threatfox.abuse.ch/export/csv/recent/
domain,cdn.copperfern.cc,text_feeds:threatfox_c2,2026-09-29T13:58:52Z,CLEAR,0.5,c2;threatfox_c2,https://threatfox.abuse.ch/export/csv/recent/
domain,cdn.img.3b31adb2.pnalumni.dgitd.anchorbolnorth.com,text_feeds:threatfox_c2,2026-09-28T06:08:08Z,CLEAR,0.5,c2;threatfox_c2,https://threatfox.abuse.ch/export/csv/recent/
domain,cdn.winservers-network.com,text_feeds:threatfox_c2,2026-08-16T23:47:06Z,CLEAR,0.5,c2;threatfox_c2,https://threatfox.abuse.ch/export/csv/recent/
domain,cdnsupply.com,text_feeds:threatfox_c2,2023-07-03T15:42:01Z,CLEAR,0.5,c2;threatfox_c2,https://threatfox.abuse.ch/export/csv/recent/
domain,cedarmotive.com,text_feeds:threatfox_c2,2026-09-29T15:27:29Z,CLEAR,0.5,c2;threatfox_c2,https://threatfox.abuse.ch/export/csv/recent/
domain,cehocihit.com,text_feeds:threatfox_c2,2022-10-16T13:10:54Z,CLEAR,0.5,c2;threatfox_c2,https://threatfox.abuse.ch/export/csv/recent/
domain,celebritycruisesbestdeals.com,text_feeds:threatfox_c2,2026-09-24T22:56:32Z,CLEAR,0.5,c2;threatfox_c2,https://threatfox.abuse.ch/export/csv/recent/
domain,celine-gronek.fr,text_feeds:threatfox_c2,2026-09-26T09:24:29Z,CLEAR,0.5,c2;threatfox_c2,https://threatfox.abuse.ch/export/csv/recent/
domain,cellapp.com.np,text_feeds:threatfox_c2,2026-09-06T16:03:04Z,CLEAR,0.5,c2;threatfox_c2,https://threatfox.abuse.ch/export/csv/recent/
domain,cellfielife.com,text_feeds:threatfox_c2,2026-09-29T16:06:11Z,CLEAR,0.5,c2;threatfox_c2,https://threatfox.abuse.ch/export/csv/recent/
domain,ceskabeseda.pl,text_feeds:threatfox_c2,2026-09-29T12:51:26Z,CLEAR,0.5,c2;threatfox_c2,https://threatfox.abuse.ch/export/csv/recent/
domain,cf.lala1.lat,text_feeds:threatfox_c2,2026-08-11T15:46:46Z,CLEAR,0.5,c2;threatfox_c2,https://threatfox.abuse.ch/export/csv/recent/
domain,chanimoblie.com,text_feeds:threatfox_c2,2023-02-26T09:03:09Z,CLEAR,0.5,c2;threatfox_c2,https://threatfox.abuse.ch/export/csv/recent/
domain,charkhsystem.com,text_feeds:threatfox_c2,2026-09-28T18:19:30Z,CLEAR,0.5,c2;threatfox_c2,https://threatfox.abuse.ch/export/csv/recent/
domain,chauffeurswiss.com,text_feeds:threatfox_c2,2026-09-28T18:51:57Z,CLEAR,0.5,c2;threatfox_c2,https://threatfox.abuse.ch/export/csv/recent/
domain,check.judicical.ml,text_feeds:threatfox_c2,2023-06-26T08:11:33Z,CLEAR,0.5,c2;threatfox_c2,https://threatfox.abuse.ch/export/csv/recent/
domain,check1.judicica1n,text_feeds:threatfox_c2,2026-08-30T19:46:45Z,CLEAR,0.5,c2;threatfox_c2,https://threatfox.abuse.ch/export/csv/recent/
domain,check1.judicical.ml,text_feeds:threatfox_c2,2023-06-26T08:12:17Z,CLEAR,0.5,c2;threatfox_c2,https://threatfox.abuse.ch/export/csv/recent/
domain,checkgps.org,text_feeds:threatfox_c2,2026-07-26T20:17:48Z,CLEAR,0.5,c2;threatfox_c2,https://threatfox.abuse.ch/export/csv/recent/
domain,chekcms432.cc,text_feeds:threatfox_c2,2026-09-29T05:26:19Z,CLEAR,0.5,c2;threatfox_c2,https://threatfox.abuse.ch/export/csv/recent/
domain,chesft.com,text_feeds:threatfox_c2,2022-03-10T15:29:51Z,CLEAR,0.5,c2;threatfox_c2,https://threatfox.abuse.ch/export/csv/recent/
domain,chickenpoken.com,text_feeds:threatfox_c2,2022-12-30T19:48:14Z,CLEAR,0.5,c2;threatfox_c2,https://threatfox.abuse.ch/export/csv/recent/
domain,childhealthresources.com,text_feeds:threatfox_c2,2022-11-24T11:54:46Z,CLEAR,0.5,c2;threatfox_c2,https://threatfox.abuse.ch/export/csv/recent/
domain,chitozx.com,text_feeds:threatfox_c2,2022-07-05T05:12:06Z,CLEAR,0.5,c2;threatfox_c2,https://threatfox.abuse.ch/export/csv/recent/
domain,chriskentravel.com,text_feeds:threatfox_c2,2026-09-23T15:24:55Z,CLEAR,0.5,c2;threatfox_c2,https://threatfox.abuse.ch/export/csv/recent/
domain,ciib.com,text_feeds:threatfox_c2,2026-09-27T15:55:41Z,CLEAR,0.5,c2;threatfox_c2,https://threatfox.abuse.ch/export/csv/recent/
domain,cimr.org.ar,text_feeds:threatfox_c2,2026-09-29T12:51:26Z,CLEAR,0.5,c2;threatfox_c2,https://threatfox.abuse.ch/export/csv/recent/
domain,cintiaramon.com,text_feeds:threatfox_c2,2026-09-23T15:24:56Z,CLEAR,0.5,c2;threatfox_c2,https://threatfox.abuse.ch/export/csv/recent/
domain,ciqave.workers.dev,text_feeds:threatfox_c2,2026-09-28T01:28:33Z,CLEAR,0.5,c2;threatfox_c2,https://threatfox.abuse.ch/export/csv/recent/
domain,cirkoborpi.life,text_feeds:threatfox_c2,2026-09-22T16:28:06Z,CLEAR,0.5,c2;threatfox_c2,https://threatfox.abuse.ch/export/csv/recent/
domain,citadellock.com,text_feeds:threatfox_c2,2026-09-23T15:24:56Z,CLEAR,0.5,c2;threatfox_c2,https://threatfox.abuse.ch/export/csv/recent/
domain,citrixseruritys.com,text_feeds:threatfox_c2,2022-01-18T13:51:16Z,CLEAR,0.5,c2;threatfox_c2,https://threatfox.abuse.ch/export/csv/recent/
domain,ciwagajo.workers.dev,text_feeds:threatfox_c2,2026-09-29T10:49:12Z,CLEAR,0.5,c2;threatfox_c2,https://threatfox.abuse.ch/export/csv/recent/
domain,ck.erloro.com,text_feeds:threatfox_c2,2026-08-25T21:46:58Z,CLEAR,0.5,c2;threatfox_c2,https://threatfox.abuse.ch/export/csv/recent/
domain,clacem.com,text_feeds:threatfox_c2,2022-12-30T19:48:10Z,CLEAR,0.5,c2;threatfox_c2,https://threatfox.abuse.ch/export/csv/recent/
domain,classgum.com,text_feeds:threatfox_c2,2022-12-30T19:48:45Z,CLEAR,0.5,c2;threatfox_c2,https://threatfox.abuse.ch/export/csv/recent/
domain,claudedevs.net,text_feeds:threatfox_c2,2026-09-29T03:07:41Z,CLEAR,0.5,c2;threatfox_c2,https://threatfox.abuse.ch/export/csv/recent/
domain,cleanafrica.org,text_feeds:threatfox_c2,2026-09-26T16:32:51Z,CLEAR,0.5,c2;threatfox_c2,https://threatfox.abuse.ch/export/csv/recent/
domain,clearvoice1.com,text_feeds:threatfox_c2,2026-09-28T18:39:12Z,CLEAR,0.5,c2;threatfox_c2,https://threatfox.abuse.ch/export/csv/recent/
domain,click-yar.com,text_feeds:threatfox_c2,2026-09-29T12:51:26Z,CLEAR,0.5,c2;threatfox_c2,https://threatfox.abuse.ch/export/csv/recent/
domain,clickstream.icu,text_feeds:threatfox_c2,2026-02-24T11:37:34Z,CLEAR,0.5,c2;threatfox_c2,https://threatfox.abuse.ch/export/csv/recent/
domain,closegate21.xyz,text_feeds:threatfox_c2,2026-09-14T16:53:23Z,CLEAR,0.5,c2;threatfox_c2,https://threatfox.abuse.ch/export/csv/recent/
domain,cloud-init-config.tj,text_feeds:threatfox_c2,2026-09-29T06:36:50Z,CLEAR,0.5,c2;threatfox_c2,https://threatfox.abuse.ch/export/csv/recent/
domain,cloud.edns-server.cfd,text_feeds:threatfox_c2,2026-09-28T15:19:16Z,CLEAR,0.5,c2;threatfox_c2,https://threatfox.abuse.ch/export/csv/recent/
domain,cloud.sovarermscloud.com,text_feeds:threatfox_c2,2022-06-23T10:53:31Z,CLEAR,0.5,c2;threatfox_c2,https://threatfox.abuse.ch/export/csv/recent/
domain,cloudkey.digital,text_feeds:threatfox_c2,2022-12-30T19:48:45Z,CLEAR,0.5,c2;threatfox_c2,https://threatfox.abuse.ch/export/csv/recent/
domain,cloudmane.online,text_feeds:threatfox_c2,2022-12-17T12:12:59Z,CLEAR,0.5,c2;threatfox_c2,https://threatfox.abuse.ch/export/csv/recent/
domain,cloudmicro.pro,text_feeds:threatfox_c2,2022-10-16T12:38:04Z,CLEAR,0.5,c2;threatfox_c2,https://threatfox.abuse.ch/export/csv/recent/
domain,cloudmicro.tech,text_feeds:threatfox_c2,2022-09-20T16:57:02Z,CLEAR,0.5,c2;threatfox_c2,https://threatfox.abuse.ch/export/csv/recent/
domain,cloudwebpictures.com,text_feeds:threatfox_c2,2022-12-30T19:48:50Z,CLEAR,0.5,c2;threatfox_c2,https://threatfox.abuse.ch/export/csv/recent/
domain,cloudyspaces.net,text_feeds:threatfox_c2,2022-12-30T19:48:52Z,CLEAR,0.5,c2;threatfox_c2,https://threatfox.abuse.ch/export/csv/recent/
domain,cloveranthology.org,text_feeds:threatfox_c2,2026-09-28T08:29:57Z,CLEAR,0.5,c2;threatfox_c2,https://threatfox.abuse.ch/export/csv/recent/
domain,cmdatabase.com,text_feeds:threatfox_c2,2022-12-19T11:41:44Z,CLEAR,0.5,c2;threatfox_c2,https://threatfox.abuse.ch/export/csv/recent/
domain,coachingwithlora.com,text_feeds:threatfox_c2,2026-09-23T15:24:56Z,CLEAR,0.5,c2;threatfox_c2,https://threatfox.abuse.ch/export/csv/recent/
domain,cocanewline.com,text_feeds:threatfox_c2,2022-12-30T19:48:32Z,CLEAR,0.5,c2;threatfox_c2,https://threatfox.abuse.ch/export/csv/recent/
domain,cocesovo.com,text_feeds:threatfox_c2,2022-12-30T19:48:14Z,CLEAR,0.5,c2;threatfox_c2,https://threatfox.abuse.ch/export/csv/recent/
domain,coetica.com,text_feeds:threatfox_c2,2026-09-29T11:21:54Z,CLEAR,0.5,c2;threatfox_c2,https://threatfox.abuse.ch/export/csv/recent/
domain,cofevins.com,text_feeds:threatfox_c2,2026-09-17T11:19:51Z,CLEAR,0.5,c2;threatfox_c2,https://threatfox.abuse.ch/export/csv/recent/
domain,colibricomunicacion.es,text_feeds:threatfox_c2,2026-09-23T15:24:56Z,CLEAR,0.5,c2;threatfox_c2,https://threatfox.abuse.ch/export/csv/recent/
domain,com-tec.eu,text_feeds:threatfox_c2,2026-09-29T12:51:26Z,CLEAR,0.5,c2;threatfox_c2,https://threatfox.abuse.ch/export/csv/recent/
domain,comms-to-rescue.com,text_feeds:threatfox_c2,2026-09-23T15:24:56Z,CLEAR,0.5,c2;threatfox_c2,https://threatfox.abuse.ch/export/csv/recent/
domain,communityaccessfoundation.org,text_feeds:threatfox_c2,2026-09-23T15:24:57Z,CLEAR,0.5,c2;threatfox_c2,https://threatfox.abuse.ch/export/csv/recent/
domain,companyharbor.xyz,text_feeds:threatfox_c2,2026-09-29T08:08:00Z,CLEAR,0.5,c2;threatfox_c2,https://threatfox.abuse.ch/export/csv/recent/
domain,complianceportals.com,text_feeds:threatfox_c2,2026-09-20T13:47:35Z,CLEAR,0.5,c2;threatfox_c2,https://threatfox.abuse.ch/export/csv/recent/
domain,comsoulstech.com,text_feeds:threatfox_c2,2026-09-23T15:24:57Z,CLEAR,0.5,c2;threatfox_c2,https://threatfox.abuse.ch/export/csv/recent/
domain,conferencedesk.net,text_feeds:threatfox_c2,2022-12-30T19:48:12Z,CLEAR,0.5,c2;threatfox_c2,https://threatfox.abuse.ch/export/csv/recent/
domain,conhoosst.com,text_feeds:threatfox_c2,2022-12-30T19:48:04Z,CLEAR,0.5,c2;threatfox_c2,https://threatfox.abuse.ch/export/csv/recent/
domain,conhosst.com,text_feeds:threatfox_c2,2022-12-30T19:48:13Z,CLEAR,0.5,c2;threatfox_c2,https://threatfox.abuse.ch/export/csv/recent/
domain,connectooh.com,text_feeds:threatfox_c2,2026-09-23T15:24:57Z,CLEAR,0.5,c2;threatfox_c2,https://threatfox.abuse.ch/export/csv/recent/
domain,connectric.co.uk,text_feeds:threatfox_c2,2026-09-23T15:24:57Z,CLEAR,0.5,c2;threatfox_c2,https://threatfox.abuse.ch/export/csv/recent/
domain,connollystewart.com,text_feeds:threatfox_c2,2026-09-13T12:10:14Z,CLEAR,0.5,c2;threatfox_c2,https://threatfox.abuse.ch/export/csv/recent/
domain,contemporaryto.com,text_feeds:threatfox_c2,2022-12-30T19:48:22Z,CLEAR,0.5,c2;threatfox_c2,https://threatfox.abuse.ch/export/csv/recent/
domain,conversationswithhumanity.org,text_feeds:threatfox_c2,2026-08-28T11:41:56Z,CLEAR,0.5,c2;threatfox_c2,https://threatfox.abuse.ch/export/csv/recent/
domain,convictionmarketingagency.com,text_feeds:threatfox_c2,2026-09-23T15:24:57Z,CLEAR,0.5,c2;threatfox_c2,https://threatfox.abuse.ch/export/csv/recent/
domain,cookieholder.com,text_feeds:threatfox_c2,2022-12-30T19:48:51Z,CLEAR,0.5,c2;threatfox_c2,https://threatfox.abuse.ch/export/csv/recent/
domain,coral-forge-beacon-glioen.live,text_feeds:threatfox_c2,2026-09-13T12:09:11Z,CLEAR,0.5,c2;threatfox_c2,https://threatfox.abuse.ch/export/csv/recent/
domain,coral-weave-wren-veis.com,text_feeds:threatfox_c2,2026-09-18T20:43:17Z,CLEAR,0.5,c2;threatfox_c2,https://threatfox.abuse.ch/export/csv/recent/
domain,coraldorothy.workers.dev,text_feeds:threatfox_c2,2026-09-28T03:19:55Z,CLEAR,0.5,c2;threatfox_c2,https://threatfox.abuse.ch/export/csv/recent/
domain,core-sync-io.tj,text_feeds:threatfox_c2,2026-09-29T06:36:50Z,CLEAR,0.5,c2;threatfox_c2,https://threatfox.abuse.ch/export/csv/recent/
domain,corneliusvantil.org,text_feeds:threatfox_c2,2026-09-29T12:51:26Z,CLEAR,0.5,c2;threatfox_c2,https://threatfox.abuse.ch/export/csv/recent/
domain,cornptia.org,text_feeds:threatfox_c2,2023-06-09T20:00:04Z,CLEAR,0.5,c2;threatfox_c2,https://threatfox.abuse.ch/export/csv/recent/
domain,correspondingcarla.workers.dev,text_feeds:threatfox_c2,2026-09-27T23:29:52Z,CLEAR,0.5,c2;threatfox_c2,https://threatfox.abuse.ch/export/csv/recent/
domain,cosmicnetstream.lol,text_feeds:threatfox_c2,2026-09-29T07:14:08Z,CLEAR,0.5,c2;threatfox_c2,https://threatfox.abuse.ch/export/csv/recent/
domain,costacancordia.com,text_feeds:threatfox_c2,2022-12-30T19:48:42Z,CLEAR,0.5,c2;threatfox_c2,https://threatfox.abuse.ch/export/csv/recent/
domain,costum342183.life,text_feeds:threatfox_c2,2026-08-18T08:12:40Z,CLEAR,0.5,c2;threatfox_c2,https://threatfox.abuse.ch/export/csv/recent/
domain,cotygagy.workers.dev,text_feeds:threatfox_c2,2026-09-28T15:05:22Z,CLEAR,0.5,c2;threatfox_c2,https://threatfox.abuse.ch/export/csv/recent/
domain,courtoos.icu,text_feeds:threatfox_c2,2026-09-24T13:14:43Z,CLEAR,0.5,c2;threatfox_c2,https://threatfox.abuse.ch/export/csv/recent/
domain,cove-koi-hk753.xyz,text_feeds:threatfox_c2,2026-09-28T14:13:17Z,CLEAR,0.5,c2;threatfox_c2,https://threatfox.abuse.ch/export/csv/recent/
domain,cranelakesiderv.com,text_feeds:threatfox_c2,2026-09-23T15:24:58Z,CLEAR,0.5,c2;threatfox_c2,https://threatfox.abuse.ch/export/csv/recent/
domain,creditcardqueen.com,text_feeds:threatfox_c2,2026-09-29T01:26:00Z,CLEAR,0.5,c2;threatfox_c2,https://threatfox.abuse.ch/export/csv/recent/
domain,creditscore.usbankcreditcards.com,text_feeds:threatfox_c2,2022-12-30T19:48:31Z,CLEAR,0.5,c2;threatfox_c2,https://threatfox.abuse.ch/export/csv/recent/
domain,crimefictionlover.com,text_feeds:threatfox_c2,2026-09-29T12:51:26Z,CLEAR,0.5,c2;threatfox_c2,https://threatfox.abuse.ch/export/csv/recent/
domain,criobob.com,text_feeds:threatfox_c2,2022-05-19T18:01:58Z,CLEAR,0.5,c2;threatfox_c2,https://threatfox.abuse.ch/export/csv/recent/
domain,cs.tpedu2metricstw.dpdns.org,text_feeds:threatfox_c2,2026-06-15T15:45:49Z,CLEAR,0.5,c2;threatfox_c2,https://threatfox.abuse.ch/export/csv/recent/
domain,cs.xcb.one,text_feeds:threatfox_c2,2023-12-27T22:15:29Z,CLEAR,0.5,c2;threatfox_c2,https://threatfox.abuse.ch/export/csv/recent/
domain,cs2.acsdomaindsadas.click,text_feeds:threatfox_c2,2026-09-07T19:47:24Z,CLEAR,0.5,c2;threatfox_c2,https://threatfox.abuse.ch/export/csv/recent/
domain,csou.link,text_feeds:threatfox_c2,2023-02-04T18:42:02Z,CLEAR,0.5,c2;threatfox_c2,https://threatfox.abuse.ch/export/csv/recent/
domain,cstest.mucfc.store,text_feeds:threatfox_c2,2025-09-22T14:49:30Z,CLEAR,0.5,c2;threatfox_c2,https://threatfox.abuse.ch/export/csv/recent/
domain,csxv.sec.cm,text_feeds:threatfox_c2,2023-09-09T20:06:55Z,CLEAR,0.5,c2;threatfox_c2,https://threatfox.abuse.ch/export/csv/recent/
domain,culturaquetzal.com,text_feeds:threatfox_c2,2026-09-29T12:51:26Z,CLEAR,0.5,c2;threatfox_c2,https://threatfox.abuse.ch/export/csv/recent/
domain,cy.27trans.org,text_feeds:threatfox_c2,2026-09-28T14:16:28Z,CLEAR,0.5,c2;threatfox_c2,https://threatfox.abuse.ch/export/csv/recent/
domain,cy.5-rt.org,text_feeds:threatfox_c2,2026-09-28T14:16:29Z,CLEAR,0.5,c2;threatfox_c2,https://threatfox.abuse.ch/export/csv/recent/
domain,cyy.turbo88ml.top,text_feeds:threatfox_c2,2026-05-23T22:00:08Z,CLEAR,0.5,c2;threatfox_c2,https://threatfox.abuse.ch/export/csv/recent/
domain,danielaspiehs.de,text_feeds:threatfox_c2,2026-09-29T12:51:26Z,CLEAR,0.5,c2;threatfox_c2,https://threatfox.abuse.ch/export/csv/recent/
domain,darebinsulation.co.uk,text_feeds:threatfox_c2,2026-09-17T11:19:51Z,CLEAR,0.5,c2;threatfox_c2,https://threatfox.abuse.ch/export/csv/recent/
domain,data-protection-test.com,text_feeds:threatfox_c2,2022-12-30T19:48:40Z,CLEAR,0.5,c2;threatfox_c2,https://threatfox.abuse.ch/export/csv/recent/
domain,datapixel.icu,text_feeds:threatfox_c2,2026-02-24T15:14:07Z,CLEAR,0.5,c2;threatfox_c2,https://threatfox.abuse.ch/export/csv/recent/
domain,datapointly.icu,text_feeds:threatfox_c2,2026-02-24T11:38:25Z,CLEAR,0.5,c2;threatfox_c2,https://threatfox.abuse.ch/export/csv/recent/
domain,db-sync-service.ru,text_feeds:threatfox_c2,2026-09-29T06:36:50Z,CLEAR,0.5,c2;threatfox_c2,https://threatfox.abuse.ch/export/csv/recent/
domain,dbx.formsift.io,text_feeds:threatfox_c2,2023-01-31T15:09:13Z,CLEAR,0.5,c2;threatfox_c2,https://threatfox.abuse.ch/export/csv/recent/
domain,ddllsearch.site,text_feeds:threatfox_c2,2023-08-26T18:42:03Z,CLEAR,0.5,c2;threatfox_c2,https://threatfox.abuse.ch/export/csv/recent/
domain,decorelarinteriores.com,text_feeds:threatfox_c2,2026-09-29T16:05:20Z,CLEAR,0.5,c2;threatfox_c2,https://threatfox.abuse.ch/export/csv/recent/
domain,defegh.com,text_feeds:threatfox_c2,2022-03-01T07:06:28Z,CLEAR,0.5,c2;threatfox_c2,https://threatfox.abuse.ch/export/csv/recent/
domain,defenr.com,text_feeds:threatfox_c2,2022-03-09T17:18:35Z,CLEAR,0.5,c2;threatfox_c2,https://threatfox.abuse.ch/export/csv/recent/
domain,dehikz.com,text_feeds:threatfox_c2,2022-12-30T19:48:32Z,CLEAR,0.5,c2;threatfox_c2,https://threatfox.abuse.ch/export/csv/recent/
domain,demingerp.com,text_feeds:threatfox_c2,2026-09-23T15:25:00Z,CLEAR,0.5,c2;threatfox_c2,https://threatfox.abuse.ch/export/csv/recent/
domain,demmiral.com,text_feeds:threatfox_c2,2026-09-29T11:21:54Z,CLEAR,0.5,c2;threatfox_c2,https://threatfox.abuse.ch/export/csv/recent/
domain,democrazzy.net,text_feeds:threatfox_c2,2022-06-23T10:54:10Z,CLEAR,0.5,c2;threatfox_c2,https://threatfox.abuse.ch/export/csv/recent/
domain,designerplan.com.br,text_feeds:threatfox_c2,2026-07-26T20:17:50Z,CLEAR,0.5,c2;threatfox_c2,https://threatfox.abuse.ch/export/csv/recent/
domain,designphotoshop.ir,text_feeds:threatfox_c2,2026-09-27T04:00:10Z,CLEAR,0.5,c2;threatfox_c2,https://threatfox.abuse.ch/export/csv/recent/
domain,detroitxequitech.com,text_feeds:threatfox_c2,2026-09-23T15:25:00Z,CLEAR,0.5,c2;threatfox_c2,https://threatfox.abuse.ch/export/csv/recent/
domain,dev.theokanegroup.com,text_feeds:threatfox_c2,2023-11-09T04:06:44Z,CLEAR,0.5,c2;threatfox_c2,https://threatfox.abuse.ch/export/csv/recent/
domain,dev.useimage.sbs,text_feeds:threatfox_c2,2026-06-05T05:14:52Z,CLEAR,0.5,c2;threatfox_c2,https://threatfox.abuse.ch/export/csv/recent/
domain,dev.vivovojo.com,text_feeds:threatfox_c2,2026-09-28T03:01:49Z,CLEAR,0.5,c2;threatfox_c2,https://threatfox.abuse.ch/export/csv/recent/
domain,devcisco.com,text_feeds:threatfox_c2,2022-12-30T19:48:30Z,CLEAR,0.5,c2;threatfox_c2,https://threatfox.abuse.ch/export/csv/recent/
domain,devcloudpro.com,text_feeds:threatfox_c2,2023-01-29T11:29:55Z,CLEAR,0.5,c2;threatfox_c2,https://threatfox.abuse.ch/export/csv/recent/
domain,devin-industries.de,text_feeds:threatfox_c2,2026-09-17T09:22:33Z,CLEAR,0.5,c2;threatfox_c2,https://threatfox.abuse.ch/export/csv/recent/
domain,devoinnanote.com,text_feeds:threatfox_c2,2023-03-13T04:47:12Z,CLEAR,0.5,c2;threatfox_c2,https://threatfox.abuse.ch/export/csv/recent/
domain,devsecurityservices.com,text_feeds:threatfox_c2,2023-02-24T02:30:56Z,CLEAR,0.5,c2;threatfox_c2,https://threatfox.abuse.ch/export/csv/recent/
domain,dewaaromfabriek.nl,text_feeds:threatfox_c2,2026-09-21T15:54:27Z,CLEAR,0.5,c2;threatfox_c2,https://threatfox.abuse.ch/export/csv/recent/
domain,deyikurihe.com,text_feeds:threatfox_c2,2022-11-03T12:12:17Z,CLEAR,0.5,c2;threatfox_c2,https://threatfox.abuse.ch/export/csv/recent/
domain,dezword.com,text_feeds:threatfox_c2,2022-12-30T19:48:41Z,CLEAR,0.5,c2;threatfox_c2,https://threatfox.abuse.ch/export/csv/recent/
domain,diamond-academy.co.za,text_feeds:threatfox_c2,2026-09-23T15:25:01Z,CLEAR,0.5,c2;threatfox_c2,https://threatfox.abuse.ch/export/csv/recent/
domain,dianqi1.dianqi2.jiayongdianqi.xyz,text_feeds:threatfox_c2,2023-05-25T15:41:46Z,CLEAR,0.5,c2;threatfox_c2,https://threatfox.abuse.ch/export/csv/recent/
domain,dianqi1.jiayongdianqi.xyz,text_feeds:threatfox_c2,2023-05-25T15:41:10Z,CLEAR,0.5,c2;threatfox_c2,https://threatfox.abuse.ch/export/csv/recent/
domain,dianqi2.dianqi1.jiayongdianqi.xyz,text_feeds:threatfox_c2,2023-05-25T15:42:02Z,CLEAR,0.5,c2;threatfox_c2,https://threatfox.abuse.ch/export/csv/recent/
domain,dianqi2.jiayongdianqi.xyz,text_feeds:threatfox_c2,2023-05-25T15:41:31Z,CLEAR,0.5,c2;threatfox_c2,https://threatfox.abuse.ch/export/csv/recent/
domain,diaperbay.com,text_feeds:threatfox_c2,2026-09-29T12:51:26Z,CLEAR,0.5,c2;threatfox_c2,https://threatfox.abuse.ch/export/csv/recent/
domain,diegomaster.com,text_feeds:threatfox_c2,2022-12-30T19:48:45Z,CLEAR,0.5,c2;threatfox_c2,https://threatfox.abuse.ch/export/csv/recent/
domain,dietcontrungtoandienjp.com,text_feeds:threatfox_c2,2026-09-29T12:51:26Z,CLEAR,0.5,c2;threatfox_c2,https://threatfox.abuse.ch/export/csv/recent/
domain,digerm.com,text_feeds:threatfox_c2,2022-07-06T05:36:04Z,CLEAR,0.5,c2;threatfox_c2,https://threatfox.abuse.ch/export/csv/recent/
domain,digital-hardware.net,text_feeds:threatfox_c2,2022-12-30T19:48:09Z,CLEAR,0.5,c2;threatfox_c2,https://threatfox.abuse.ch/export/csv/recent/
domain,dimifood.se,text_feeds:threatfox_c2,2026-09-29T12:51:26Z,CLEAR,0.5,c2;threatfox_c2,https://threatfox.abuse.ch/export/csv/recent/
domain,directoryupdate.net,text_feeds:threatfox_c2,2022-12-30T19:48:27Z,CLEAR,0.5,c2;threatfox_c2,https://threatfox.abuse.ch/export/csv/recent/
domain,discountshadesdirect.com,text_feeds:threatfox_c2,2022-12-30T19:48:48Z,CLEAR,0.5,c2;threatfox_c2,https://threatfox.abuse.ch/export/csv/recent/
domain,dist-patch-log.vg,text_feeds:threatfox_c2,2026-09-29T06:36:50Z,CLEAR,0.5,c2;threatfox_c2,https://threatfox.abuse.ch/export/csv/recent/
domain,diyar303.com,text_feeds:threatfox_c2,2026-09-27T06:09:33Z,CLEAR,0.5,c2;threatfox_c2,https://threatfox.abuse.ch/export/csv/recent/
domain,dmsi.duckdns.org,text_feeds:threatfox_c2,2026-09-28T13:55:22Z,CLEAR,0.5,c2;threatfox_c2,https://threatfox.abuse.ch/export/csv/recent/
domain,dn.saohaoqi.com,text_feeds:threatfox_c2,2026-09-29T02:15:27Z,CLEAR,0.5,c2;threatfox_c2,https://threatfox.abuse.ch/export/csv/recent/
domain,dns.n1u89dhs.xyz,text_feeds:threatfox_c2,2026-09-04T15:47:50Z,CLEAR,0.5,c2;threatfox_c2,https://threatfox.abuse.ch/export/csv/recent/
domain,dns1.globalcdn.autos,text_feeds:threatfox_c2,2025-06-28T10:53:12Z,CLEAR,0.5,c2;threatfox_c2,https://threatfox.abuse.ch/export/csv/recent/
domain,dnsupdatecheck.com,text_feeds:threatfox_c2,2022-11-07T20:10:29Z,CLEAR,0.5,c2;threatfox_c2,https://threatfox.abuse.ch/export/csv/recent/
domain,docecanos.com,text_feeds:threatfox_c2,2026-09-23T15:25:04Z,CLEAR,0.5,c2;threatfox_c2,https://threatfox.abuse.ch/export/csv/recent/
domain,dog.caspers66.com,text_feeds:threatfox_c2,2026-09-29T14:11:48Z,CLEAR,0.5,c2;threatfox_c2,https://threatfox.abuse.ch/export/csv/recent/
domain,dokturumsensin.com,text_feeds:threatfox_c2,2026-09-27T08:09:51Z,CLEAR,0.5,c2;threatfox_c2,https://threatfox.abuse.ch/export/csv/recent/
domain,dollllar881122.icu,text_feeds:threatfox_c2,2026-08-05T06:37:52Z,CLEAR,0.5,c2;threatfox_c2,https://threatfox.abuse.ch/export/csv/recent/
domain,dome.beatdropkec.com,text_feeds:threatfox_c2,2026-09-21T17:22:27Z,CLEAR,0.5,c2;threatfox_c2,https://threatfox.abuse.ch/export/csv/recent/
domain,domtern.com,text_feeds:threatfox_c2,2022-12-30T19:48:30Z,CLEAR,0.5,c2;threatfox_c2,https://threatfox.abuse.ch/export/csv/recent/
domain,donormix.com,text_feeds:threatfox_c2,2022-12-30T19:48:33Z,CLEAR,0.5,c2;threatfox_c2,https://threatfox.abuse.ch/export/csv/recent/
domain,dortovestudiodecin.cz,text_feeds:threatfox_c2,2026-09-17T11:19:51Z,CLEAR,0.5,c2;threatfox_c2,https://threatfox.abuse.ch/export/csv/recent/
domain,dovaxanil.com,text_feeds:threatfox_c2,2022-12-30T19:48:17Z,CLEAR,0.5,c2;threatfox_c2,https://threatfox.abuse.ch/export/csv/recent/
domain,dp-test1.com,text_feeds:threatfox_c2,2022-12-30T19:48:45Z,CLEAR,0.5,c2;threatfox_c2,https://threatfox.abuse.ch/export/csv/recent/
domain,drakr.icu,text_feeds:threatfox_c2,2022-12-30T19:48:30Z,CLEAR,0.5,c2;threatfox_c2,https://threatfox.abuse.ch/export/csv/recent/
domain,drbeat.icu,text_feeds:threatfox_c2,2022-12-30T19:48:06Z,CLEAR,0.5,c2;threatfox_c2,https://threatfox.abuse.ch/export/csv/recent/
domain,dreamkoks.com,text_feeds:threatfox_c2,2022-06-23T10:54:11Z,CLEAR,0.5,c2;threatfox_c2,https://threatfox.abuse.ch/export/csv/recent/
domain,drimzis.com,text_feeds:threatfox_c2,2022-03-22T10:51:28Z,CLEAR,0.5,c2;threatfox_c2,https://threatfox.abuse.ch/export/csv/recent/
domain,driving.legal,text_feeds:threatfox_c2,2026-09-27T15:17:06Z,CLEAR,0.5,c2;threatfox_c2,https://threatfox.abuse.ch/export/csv/recent/
domain,dropklant.com,text_feeds:threatfox_c2,2022-12-30T19:48:24Z,CLEAR,0.5,c2;threatfox_c2,https://threatfox.abuse.ch/export/csv/recent/
domain,duckducklive.top,text_feeds:threatfox_c2,2023-03-29T04:51:21Z,CLEAR,0.5,c2;threatfox_c2,https://threatfox.abuse.ch/export/csv/recent/
domain,dudoitlandscapes.com,text_feeds:threatfox_c2,2026-09-23T15:25:06Z,CLEAR,0.5,c2;threatfox_c2,https://threatfox.abuse.ch/export/csv/recent/
domain,duhupove.workers.dev,text_feeds:threatfox_c2,2026-09-28T17:07:12Z,CLEAR,0.5,c2;threatfox_c2,https://threatfox.abuse.ch/export/csv/recent/
domain,dunclikf.com,text_feeds:threatfox_c2,2022-03-17T12:19:46Z,CLEAR,0.5,c2;threatfox_c2,https://threatfox.abuse.ch/export/csv/recent/
domain,duocthaolila.com,text_feeds:threatfox_c2,2026-09-29T11:21:54Z,CLEAR,0.5,c2;threatfox_c2,https://threatfox.abuse.ch/export/csv/recent/
domain,dupyna.workers.dev,text_feeds:threatfox_c2,2026-09-29T04:51:52Z,CLEAR,0.5,c2;threatfox_c2,https://threatfox.abuse.ch/export/csv/recent/
domain,dw0bv59b.zilyoner303.com,text_feeds:threatfox_c2,2026-09-28T17:01:04Z,CLEAR,0.5,c2;threatfox_c2,https://threatfox.abuse.ch/export/csv/recent/
domain,dwordname.com,text_feeds:threatfox_c2,2022-12-30T19:48:42Z,CLEAR,0.5,c2;threatfox_c2,https://threatfox.abuse.ch/export/csv/recent/
domain,dyliwoxe.workers.dev,text_feeds:threatfox_c2,2026-09-29T18:56:00Z,CLEAR,0.5,c2;threatfox_c2,https://threatfox.abuse.ch/export/csv/recent/
domain,dzdi.serendipityhub.space,text_feeds:threatfox_c2,2026-04-07T07:46:05Z,CLEAR,0.5,c2;threatfox_c2,https://threatfox.abuse.ch/export/csv/recent/
domain,dzodu.sparklingideas.space,text_feeds:threatfox_c2,2026-04-14T14:11:23Z,CLEAR,0.5,c2;threatfox_c2,https://threatfox.abuse.ch/export/csv/recent/
domain,e-bizsoft.al,text_feeds:threatfox_c2,2026-09-24T22:56:33Z,CLEAR,0.5,c2;threatfox_c2,https://threatfox.abuse.ch/export/csv/recent/
domain,e-kuma.de,text_feeds:threatfox_c2,2026-09-29T12:51:26Z,CLEAR,0.5,c2;threatfox_c2,https://threatfox.abuse.ch/export/csv/recent/
domain,e-servicesolutions.com,text_feeds:threatfox_c2,2023-02-25T13:15:07Z,CLEAR,0.5,c2;threatfox_c2,https://threatfox.abuse.ch/export/csv/recent/
domain,eaglehardwares.com,text_feeds:threatfox_c2,2023-03-20T17:21:01Z,CLEAR,0.5,c2;threatfox_c2,https://threatfox.abuse.ch/export/csv/recent/
domain,easymealcraft.com,text_feeds:threatfox_c2,2026-09-29T12:51:26Z,CLEAR,0.5,c2;threatfox_c2,https://threatfox.abuse.ch/export/csv/recent/
domain,eatdhc.com,text_feeds:threatfox_c2,2026-09-10T17:24:10Z,CLEAR,0.5,c2;threatfox_c2,https://threatfox.abuse.ch/export/csv/recent/
domain,ec2-3-22-66-152.us-east-2.compute.amazonaws.com,text_feeds:threatfox_c2,2024-02-03T19:38:15Z,CLEAR,0.5,c2;threatfox_c2,https://threatfox.abuse.ch/export/csv/recent/
domain,ecofaceandbody.se,text_feeds:threatfox_c2,2026-09-29T12:51:26Z,CLEAR,0.5,c2;threatfox_c2,https://threatfox.abuse.ch/export/csv/recent/
domain,economiarural.com,text_feeds:threatfox_c2,2026-09-23T15:25:07Z,CLEAR,0.5,c2;threatfox_c2,https://threatfox.abuse.ch/export/csv/recent/
domain,ed.32naga.net,text_feeds:threatfox_c2,2026-09-29T01:40:46Z,CLEAR,0.5,c2;threatfox_c2,https://threatfox.abuse.ch/export/csv/recent/
domain,ed.5-rt.org,text_feeds:threatfox_c2,2026-09-29T01:40:45Z,CLEAR,0.5,c2;threatfox_c2,https://threatfox.abuse.ch/export/csv/recent/
domain,edebiyatkonulari.com,text_feeds:threatfox_c2,2026-09-27T12:20:16Z,CLEAR,0.5,c2;threatfox_c2,https://threatfox.abuse.ch/export/csv/recent/
domain,edgekey.tech,text_feeds:threatfox_c2,2022-12-30T19:48:29Z,CLEAR,0.5,c2;threatfox_c2,https://threatfox.abuse.ch/export/csv/recent/
domain,edgeupdater.com,text_feeds:threatfox_c2,2022-12-30T19:48:45Z,CLEAR,0.5,c2;threatfox_c2,https://threatfox.abuse.ch/export/csv/recent/
domain,edictsoft.com,text_feeds:threatfox_c2,2022-12-30T19:48:15Z,CLEAR,0.5,c2;threatfox_c2,https://threatfox.abuse.ch/export/csv/recent/
domain,editions-canaima.com,text_feeds:threatfox_c2,2026-08-23T01:19:40Z,CLEAR,0.5,c2;threatfox_c2,https://threatfox.abuse.ch/export/csv/recent/
domain,edomapp.com,text_feeds:threatfox_c2,2026-09-23T15:25:07Z,CLEAR,0.5,c2;threatfox_c2,https://threatfox.abuse.ch/export/csv/recent/
domain,egasyasociados.com,text_feeds:threatfox_c2,2026-08-28T11:41:58Z,CLEAR,0.5,c2;threatfox_c2,https://threatfox.abuse.ch/export/csv/recent/
domain,egypthologram.com,text_feeds:threatfox_c2,2026-09-23T15:25:08Z,CLEAR,0.5,c2;threatfox_c2,https://threatfox.abuse.ch/export/csv/recent/
domain,ehchq7m7rpvdr.cfc-execute.bj.baidubce.com,text_feeds:threatfox_c2,2025-03-25T22:53:24Z,CLEAR,0.5,c2;threatfox_c2,https://threatfox.abuse.ch/export/csv/recent/
domain,el-tech.eu,text_feeds:threatfox_c2,2026-07-09T15:33:16Z,CLEAR,0.5,c2;threatfox_c2,https://threatfox.abuse.ch/export/csv/recent/
domain,elevatedcareathome.com,text_feeds:threatfox_c2,2026-09-23T15:25:09Z,CLEAR,0.5,c2;threatfox_c2,https://threatfox.abuse.ch/export/csv/recent/
domain,elipsbet.poker,text_feeds:threatfox_c2,2026-09-27T14:21:08Z,CLEAR,0.5,c2;threatfox_c2,https://threatfox.abuse.ch/export/csv/recent/
domain,elodiemongeot-artiste.com,text_feeds:threatfox_c2,2026-09-29T12:51:26Z,CLEAR,0.5,c2;threatfox_c2,https://threatfox.abuse.ch/export/csv/recent/
domain,emailbox.icu,text_feeds:threatfox_c2,2022-12-30T19:48:25Z,CLEAR,0.5,c2;threatfox_c2,https://threatfox.abuse.ch/export/csv/recent/
domain,emailmigration.org,text_feeds:threatfox_c2,2024-01-09T14:55:19Z,CLEAR,0.5,c2;threatfox_c2,https://threatfox.abuse.ch/export/csv/recent/
domain,emergeno.com,text_feeds:threatfox_c2,2022-12-30T19:48:24Z,CLEAR,0.5,c2;threatfox_c2,https://threatfox.abuse.ch/export/csv/recent/
domain,endometriosis-fertility.com,text_feeds:threatfox_c2,2026-09-23T15:25:09Z,CLEAR,0.5,c2;threatfox_c2,https://threatfox.abuse.ch/export/csv/recent/
domain,enduringconstruction.com,text_feeds:threatfox_c2,2026-07-26T20:17:51Z,CLEAR,0.5,c2;threatfox_c2,https://threatfox.abuse.ch/export/csv/recent/
domain,entertainok.com,text_feeds:threatfox_c2,2022-12-30T19:48:22Z,CLEAR,0.5,c2;threatfox_c2,https://threatfox.abuse.ch/export/csv/recent/
domain,enus--bellyflush.com,text_feeds:threatfox_c2,2026-09-27T20:41:45Z,CLEAR,0.5,c2;threatfox_c2,https://threatfox.abuse.ch/export/csv/recent/
domain,enus-bellyflush.com,text_feeds:threatfox_c2,2026-09-28T17:58:52Z,CLEAR,0.5,c2;threatfox_c2,https://threatfox.abuse.ch/export/csv/recent/
domain,eonline-cdn.com,text_feeds:threatfox_c2,2022-12-30T19:48:10Z,CLEAR,0.5,c2;threatfox_c2,https://threatfox.abuse.ch/export/csv/recent/
domain,erikvonmalottki.de,text_feeds:threatfox_c2,2026-09-29T12:51:26Z,CLEAR,0.5,c2;threatfox_c2,https://threatfox.abuse.ch/export/csv/recent/
domain,eserverx.com,text_feeds:threatfox_c2,2022-12-19T21:43:42Z,CLEAR,0.5,c2;threatfox_c2,https://threatfox.abuse.ch/export/csv/recent/
domain,esoftwareupdates.com,text_feeds:threatfox_c2,2022-12-04T20:18:27Z,CLEAR,0.5,c2;threatfox_c2,https://threatfox.abuse.ch/export/csv/recent/
domain,estacaoideia.com.br,text_feeds:threatfox_c2,2026-09-15T20:39:50Z,CLEAR,0.5,c2;threatfox_c2,https://threatfox.abuse.ch/export/csv/recent/
domain,estaryia.com,text_feeds:threatfox_c2,2026-09-23T15:25:11Z,CLEAR,0.5,c2;threatfox_c2,https://threatfox.abuse.ch/export/csv/recent/
domain,estrellabusinessgroup.com,text_feeds:threatfox_c2,2026-09-10T20:22:06Z,CLEAR,0.5,c2;threatfox_c2,https://threatfox.abuse.ch/export/csv/recent/
domain,estresse.com.br,text_feeds:threatfox_c2,2026-09-23T15:25:11Z,CLEAR,0.5,c2;threatfox_c2,https://threatfox.abuse.ch/export/csv/recent/
domain,estructurasligeras.es,text_feeds:threatfox_c2,2026-09-23T15:25:11Z,CLEAR,0.5,c2;threatfox_c2,https://threatfox.abuse.ch/export/csv/recent/
domain,etigroup.in,text_feeds:threatfox_c2,2026-09-21T15:54:27Z,CLEAR,0.5,c2;threatfox_c2,https://threatfox.abuse.ch/export/csv/recent/
domain,eventbyinesninon.com,text_feeds:threatfox_c2,2026-09-29T12:51:27Z,CLEAR,0.5,c2;threatfox_c2,https://threatfox.abuse.ch/export/csv/recent/
domain,everestdoor.com,text_feeds:threatfox_c2,2026-09-29T12:51:27Z,CLEAR,0.5,c2;threatfox_c2,https://threatfox.abuse.ch/export/csv/recent/
domain,everythingchecker.com,text_feeds:threatfox_c2,2022-12-30T19:48:41Z,CLEAR,0.5,c2;threatfox_c2,https://threatfox.abuse.ch/export/csv/recent/
domain,evil.ritademo.io.vn,text_feeds:threatfox_c2,2025-10-23T12:50:22Z,CLEAR,0.5,c2;threatfox_c2,https://threatfox.abuse.ch/export/csv/recent/
domain,evrything-pix.icu,text_feeds:threatfox_c2,2026-09-14T16:53:23Z,CLEAR,0.5,c2;threatfox_c2,https://threatfox.abuse.ch/export/csv/recent/
domain,excess-international.com,text_feeds:threatfox_c2,2026-09-23T15:25:12Z,CLEAR,0.5,c2;threatfox_c2,https://threatfox.abuse.ch/export/csv/recent/
domain,exchangeallltd.com,text_feeds:threatfox_c2,2022-12-30T19:48:41Z,CLEAR,0.5,c2;threatfox_c2,https://threatfox.abuse.ch/export/csv/recent/
domain,execsvct.com,text_feeds:threatfox_c2,2023-01-25T19:42:02Z,CLEAR,0.5,c2;threatfox_c2,https://threatfox.abuse.ch/export/csv/recent/
domain,expo-tortas.com,text_feeds:threatfox_c2,2026-09-17T11:19:51Z,CLEAR,0.5,c2;threatfox_c2,https://threatfox.abuse.ch/export/csv/recent/
domain,expoglobalservice.com,text_feeds:threatfox_c2,2022-12-08T20:45:56Z,CLEAR,0.5,c2;threatfox_c2,https://threatfox.abuse.ch/export/csv/recent/
domain,expovisions.eu,text_feeds:threatfox_c2,2026-09-29T12:51:27Z,CLEAR,0.5,c2;threatfox_c2,https://threatfox.abuse.ch/export/csv/recent/
domain,expresssmash.com,text_feeds:threatfox_c2,2022-12-30T19:48:25Z,CLEAR,0.5,c2;threatfox_c2,https://threatfox.abuse.ch/export/csv/recent/
domain,extic.icu,text_feeds:threatfox_c2,2022-12-30T19:48:28Z,CLEAR,0.5,c2;threatfox_c2,https://threatfox.abuse.ch/export/csv/recent/
domain,extranetserver.com,text_feeds:threatfox_c2,2022-12-30T19:48:10Z,CLEAR,0.5,c2;threatfox_c2,https://threatfox.abuse.ch/export/csv/recent/
domain,fa.32naga.net,text_feeds:threatfox_c2,2026-09-29T11:45:45Z,CLEAR,0.5,c2;threatfox_c2,https://threatfox.abuse.ch/export/csv/recent/
domain,fa.5-rt.org,text_feeds:threatfox_c2,2026-09-29T11:50:45Z,CLEAR,0.5,c2;threatfox_c2,https://threatfox.abuse.ch/export/csv/recent/
domain,faceupfinder.com,text_feeds:threatfox_c2,2022-12-30T19:48:42Z,CLEAR,0.5,c2;threatfox_c2,https://threatfox.abuse.ch/export/csv/recent/
domain,faff303.com,text_feeds:threatfox_c2,2026-09-28T13:48:03Z,CLEAR,0.5,c2;threatfox_c2,https://threatfox.abuse.ch/export/csv/recent/
domain,faircloud512421.buzz,text_feeds:threatfox_c2,2026-08-06T13:15:39Z,CLEAR,0.5,c2;threatfox_c2,https://threatfox.abuse.ch/export/csv/recent/
domain,faithscrown.com,text_feeds:threatfox_c2,2026-09-23T15:25:12Z,CLEAR,0.5,c2;threatfox_c2,https://threatfox.abuse.ch/export/csv/recent/
domain,familyinsurancepartner.com,text_feeds:threatfox_c2,2022-12-30T19:48:14Z,CLEAR,0.5,c2;threatfox_c2,https://threatfox.abuse.ch/export/csv/recent/
domain,fare.marketing,text_feeds:threatfox_c2,2026-09-25T18:13:18Z,CLEAR,0.5,c2;threatfox_c2,https://threatfox.abuse.ch/export/csv/recent/
domain,favarzesh.ir,text_feeds:threatfox_c2,2026-09-28T09:37:42Z,CLEAR,0.5,c2;threatfox_c2,https://threatfox.abuse.ch/export/csv/recent/
domain,favls.com,text_feeds:threatfox_c2,2022-12-30T19:48:04Z,CLEAR,0.5,c2;threatfox_c2,https://threatfox.abuse.ch/export/csv/recent/
domain,fazehotafa.com,text_feeds:threatfox_c2,2022-12-30T19:48:16Z,CLEAR,0.5,c2;threatfox_c2,https://threatfox.abuse.ch/export/csv/recent/
domain,fedij.com,text_feeds:threatfox_c2,2022-03-09T17:18:35Z,CLEAR,0.5,c2;threatfox_c2,https://threatfox.abuse.ch/export/csv/recent/
domain,fefeo.iknowthat.space,text_feeds:threatfox_c2,2026-03-27T21:24:29Z,CLEAR,0.5,c2;threatfox_c2,https://threatfox.abuse.ch/export/csv/recent/
domain,fenysugy.workers.dev,text_feeds:threatfox_c2,2026-09-29T16:46:38Z,CLEAR,0.5,c2;threatfox_c2,https://threatfox.abuse.ch/export/csv/recent/
domain,fermi.space,text_feeds:threatfox_c2,2026-09-29T12:51:27Z,CLEAR,0.5,c2;threatfox_c2,https://threatfox.abuse.ch/export/csv/recent/
domain,fern-crane-ziankroaum.life,text_feeds:threatfox_c2,2026-09-22T16:28:06Z,CLEAR,0.5,c2;threatfox_c2,https://threatfox.abuse.ch/export/csv/recent/
domain,fern-trace-anvil-meoix.live,text_feeds:threatfox_c2,2026-09-17T08:00:50Z,CLEAR,0.5,c2;threatfox_c2,https://threatfox.abuse.ch/export/csv/recent/
domain,feyrijavac.com,text_feeds:threatfox_c2,2023-04-03T07:21:02Z,CLEAR,0.5,c2;threatfox_c2,https://threatfox.abuse.ch/export/csv/recent/
domain,fidelyus.com,text_feeds:threatfox_c2,2023-04-03T07:21:02Z,CLEAR,0.5,c2;threatfox_c2,https://threatfox.abuse.ch/export/csv/recent/
domain,fifacud.com,text_feeds:threatfox_c2,2022-06-23T10:54:12Z,CLEAR,0.5,c2;threatfox_c2,https://threatfox.abuse.ch/export/csv/recent/
domain,filaspo.com,text_feeds:threatfox_c2,2022-06-23T10:54:12Z,CLEAR,0.5,c2;threatfox_c2,https://threatfox.abuse.ch/export/csv/recent/
domain,filmfactorylibrary.com,text_feeds:threatfox_c2,2026-09-23T15:25:50Z,CLEAR,0.5,c2;threatfox_c2,https://threatfox.abuse.ch/export/csv/recent/
domain,fincheck.site,text_feeds:threatfox_c2,2022-12-30T19:48:13Z,CLEAR,0.5,c2;threatfox_c2,https://threatfox.abuse.ch/export/csv/recent/
domain,fioito.com.br,text_feeds:threatfox_c2,2026-09-06T16:05:42Z,CLEAR,0.5,c2;threatfox_c2,https://threatfox.abuse.ch/export/csv/recent/
domain,firewallwithadvancedserurity.com,text_feeds:threatfox_c2,2022-12-30T19:48:44Z,CLEAR,0.5,c2;threatfox_c2,https://threatfox.abuse.ch/export/csv/recent/
domain,firmwarekey.com,text_feeds:threatfox_c2,2022-12-30T19:48:11Z,CLEAR,0.5,c2;threatfox_c2,https://threatfox.abuse.ch/export/csv/recent/
domain,firstcallkuwait.com,text_feeds:threatfox_c2,2026-09-26T16:32:53Z,CLEAR,0.5,c2;threatfox_c2,https://threatfox.abuse.ch/export/csv/recent/
domain,fivepointschiro.com,text_feeds:threatfox_c2,2021-10-27T09:58:20Z,CLEAR,0.5,c2;threatfox_c2,https://threatfox.abuse.ch/export/csv/recent/
domain,fivule.workers.dev,text_feeds:threatfox_c2,2026-09-28T07:12:21Z,CLEAR,0.5,c2;threatfox_c2,https://threatfox.abuse.ch/export/csv/recent/
domain,fixx.sbs,text_feeds:threatfox_c2,2023-01-12T13:04:56Z,CLEAR,0.5,c2;threatfox_c2,https://threatfox.abuse.ch/export/csv/recent/
domain,flashcom.top,text_feeds:threatfox_c2,2022-12-30T19:48:08Z,CLEAR,0.5,c2;threatfox_c2,https://threatfox.abuse.ch/export/csv/recent/
domain,flokishop.com,text_feeds:threatfox_c2,2026-08-23T01:19:40Z,CLEAR,0.5,c2;threatfox_c2,https://threatfox.abuse.ch/export/csv/recent/
domain,floret.ca,text_feeds:threatfox_c2,2026-09-23T15:25:51Z,CLEAR,0.5,c2;threatfox_c2,https://threatfox.abuse.ch/export/csv/recent/
domain,flossyandfrose.co.za,text_feeds:threatfox_c2,2026-09-23T15:25:51Z,CLEAR,0.5,c2;threatfox_c2,https://threatfox.abuse.ch/export/csv/recent/
domain,fluoxi.com,text_feeds:threatfox_c2,2022-12-30T19:48:41Z,CLEAR,0.5,c2;threatfox_c2,https://threatfox.abuse.ch/export/csv/recent/
domain,flux-net-node.to,text_feeds:threatfox_c2,2026-09-29T06:36:50Z,CLEAR,0.5,c2;threatfox_c2,https://threatfox.abuse.ch/export/csv/recent/
domain,fonixlife.hu,text_feeds:threatfox_c2,2026-09-26T16:32:53Z,CLEAR,0.5,c2;threatfox_c2,https://threatfox.abuse.ch/export/csv/recent/
domain,foodsnight.com,text_feeds:threatfox_c2,2026-09-29T16:05:21Z,CLEAR,0.5,c2;threatfox_c2,https://threatfox.abuse.ch/export/csv/recent/
domain,fordacquisition.com,text_feeds:threatfox_c2,2026-09-29T16:05:21Z,CLEAR,0.5,c2;threatfox_c2,https://threatfox.abuse.ch/export/csv/recent/
domain,fortuna-qwont.club,text_feeds:threatfox_c2,2026-09-29T12:10:42Z,CLEAR,0.5,c2;threatfox_c2,https://threatfox.abuse.ch/export/csv/recent/
domain,foundersunfound.com,text_feeds:threatfox_c2,2026-09-28T18:39:13Z,CLEAR,0.5,c2;threatfox_c2,https://threatfox.abuse.ch/export/csv/recent/
domain,franksbarberclub.co.za,text_feeds:threatfox_c2,2026-09-23T15:25:52Z,CLEAR,0.5,c2;threatfox_c2,https://threatfox.abuse.ch/export/csv/recent/
domain,freegaysnews.com,text_feeds:threatfox_c2,2022-12-31T19:48:39Z,CLEAR,0.5,c2;threatfox_c2,https://threatfox.abuse.ch/export/csv/recent/
domain,fregiyu.com,text_feeds:threatfox_c2,2022-09-20T16:57:02Z,CLEAR,0.5,c2;threatfox_c2,https://threatfox.abuse.ch/export/csv/recent/
domain,freka.cz,text_feeds:threatfox_c2,2026-09-29T12:51:27Z,CLEAR,0.5,c2;threatfox_c2,https://threatfox.abuse.ch/export/csv/recent/
domain,freshuper.com,text_feeds:threatfox_c2,2022-10-30T19:51:44Z,CLEAR,0.5,c2;threatfox_c2,https://threatfox.abuse.ch/export/csv/recent/
domain,freygor.com,text_feeds:threatfox_c2,2022-06-23T17:11:58Z,CLEAR,0.5,c2;threatfox_c2,https://threatfox.abuse.ch/export/csv/recent/
domain,fridaysnap.at,text_feeds:threatfox_c2,2026-09-29T12:51:27Z,CLEAR,0.5,c2;threatfox_c2,https://threatfox.abuse.ch/export/csv/recent/
domain,fringliaencobalt.ink,text_feeds:threatfox_c2,2026-09-29T12:15:30Z,CLEAR,0.5,c2;threatfox_c2,https://threatfox.abuse.ch/export/csv/recent/
domain,frr.ambil-disini.web.id,text_feeds:threatfox_c2,2026-05-01T14:30:24Z,CLEAR,0.5,c2;threatfox_c2,https://threatfox.abuse.ch/export/csv/recent/
domain,fsamon.com,text_feeds:threatfox_c2,2022-12-30T19:48:23Z,CLEAR,0.5,c2;threatfox_c2,https://threatfox.abuse.ch/export/csv/recent/
domain,fserd.icu,text_feeds:threatfox_c2,2022-12-30T19:48:44Z,CLEAR,0.5,c2;threatfox_c2,https://threatfox.abuse.ch/export/csv/recent/
domain,ft4y9eg8.mars303.com,text_feeds:threatfox_c2,2026-09-28T02:19:24Z,CLEAR,0.5,c2;threatfox_c2,https://threatfox.abuse.ch/export/csv/recent/
domain,ftransformation.com,text_feeds:threatfox_c2,2026-09-10T20:22:08Z,CLEAR,0.5,c2;threatfox_c2,https://threatfox.abuse.ch/export/csv/recent/
domain,fttinvesting.com,text_feeds:threatfox_c2,2026-09-29T12:51:27Z,CLEAR,0.5,c2;threatfox_c2,https://threatfox.abuse.ch/export/csv/recent/
domain,ftwealthmgt.com,text_feeds:threatfox_c2,2022-12-30T19:48:47Z,CLEAR,0.5,c2;threatfox_c2,https://threatfox.abuse.ch/export/csv/recent/
domain,fudupdate.com,text_feeds:threatfox_c2,2022-12-30T19:48:22Z,CLEAR,0.5,c2;threatfox_c2,https://threatfox.abuse.ch/export/csv/recent/
domain,fullacceso.cl,text_feeds:threatfox_c2,2026-07-26T20:17:53Z,CLEAR,0.5,c2;threatfox_c2,https://threatfox.abuse.ch/export/csv/recent/
domain,furfen.com,text_feeds:threatfox_c2,2022-04-14T10:30:57Z,CLEAR,0.5,c2;threatfox_c2,https://threatfox.abuse.ch/export/csv/recent/
domain,fziomerof.com,text_feeds:threatfox_c2,2022-12-30T19:48:44Z,CLEAR,0.5,c2;threatfox_c2,https://threatfox.abuse.ch/export/csv/recent/
domain,gaezskoynbrisk.com,text_feeds:threatfox_c2,2026-09-18T11:08:56Z,CLEAR,0.5,c2;threatfox_c2,https://threatfox.abuse.ch/export/csv/recent/
domain,galaxyau.online,text_feeds:threatfox_c2,2026-09-29T19:53:25Z,CLEAR,0.5,c2;threatfox_c2,https://threatfox.abuse.ch/export/csv/recent/
domain,galaxyflowsystems.lol,text_feeds:threatfox_c2,2026-09-29T07:14:08Z,CLEAR,0.5,c2;threatfox_c2,https://threatfox.abuse.ch/export/csv/recent/
domain,galspost.com,text_feeds:threatfox_c2,2023-02-17T18:25:01Z,CLEAR,0.5,c2;threatfox_c2,https://threatfox.abuse.ch/export/csv/recent/
domain,gapdevelopments.co.za,text_feeds:threatfox_c2,2026-09-23T15:25:53Z,CLEAR,0.5,c2;threatfox_c2,https://threatfox.abuse.ch/export/csv/recent/
domain,garrisonmartin.com,text_feeds:threatfox_c2,2026-09-23T15:25:53Z,CLEAR,0.5,c2;threatfox_c2,https://threatfox.abuse.ch/export/csv/recent/
domain,garyandlisa.com,text_feeds:threatfox_c2,2026-09-29T16:05:21Z,CLEAR,0.5,c2;threatfox_c2,https://threatfox.abuse.ch/export/csv/recent/
domain,gasienda.com,text_feeds:threatfox_c2,2022-06-23T10:54:12Z,CLEAR,0.5,c2;threatfox_c2,https://threatfox.abuse.ch/export/csv/recent/
domain,gaswert.com,text_feeds:threatfox_c2,2022-10-29T12:23:49Z,CLEAR,0.5,c2;threatfox_c2,https://threatfox.abuse.ch/export/csv/recent/
domain,gbv7cjvi.www-bellyflush.com,text_feeds:threatfox_c2,2026-09-27T21:07:22Z,CLEAR,0.5,c2;threatfox_c2,https://threatfox.abuse.ch/export/csv/recent/
domain,gearlipi72.life,text_feeds:threatfox_c2,2026-09-14T16:53:23Z,CLEAR,0.5,c2;threatfox_c2,https://threatfox.abuse.ch/export/csv/recent/
domain,gelatospot.com.au,text_feeds:threatfox_c2,2026-09-29T12:51:27Z,CLEAR,0.5,c2;threatfox_c2,https://threatfox.abuse.ch/export/csv/recent/
domain,gelibolumanitouforklift.com,text_feeds:threatfox_c2,2026-09-29T12:51:27Z,CLEAR,0.5,c2;threatfox_c2,https://threatfox.abuse.ch/export/csv/recent/
domain,genepio.org,text_feeds:threatfox_c2,2026-09-29T12:51:27Z,CLEAR,0.5,c2;threatfox_c2,https://threatfox.abuse.ch/export/csv/recent/
domain,generationai.dev,text_feeds:threatfox_c2,2026-09-23T15:25:53Z,CLEAR,0.5,c2;threatfox_c2,https://threatfox.abuse.ch/export/csv/recent/
domain,gepcash.com,text_feeds:threatfox_c2,2023-08-26T18:42:03Z,CLEAR,0.5,c2;threatfox_c2,https://threatfox.abuse.ch/export/csv/recent/
domain,get-music-online.com,text_feeds:threatfox_c2,2022-12-01T20:32:20Z,CLEAR,0.5,c2;threatfox_c2,https://threatfox.abuse.ch/export/csv/recent/
domain,get-smartbuyer.com,text_feeds:threatfox_c2,2022-11-12T17:46:46Z,CLEAR,0.5,c2;threatfox_c2,https://threatfox.abuse.ch/export/csv/recent/
domain,get-topservice.com,text_feeds:threatfox_c2,2022-09-29T08:45:45Z,CLEAR,0.5,c2;threatfox_c2,https://threatfox.abuse.ch/export/csv/recent/
domain,getsafeblog.com,text_feeds:threatfox_c2,2023-02-03T17:24:39Z,CLEAR,0.5,c2;threatfox_c2,https://threatfox.abuse.ch/export/csv/recent/
domain,gfcbm.xyz,text_feeds:threatfox_c2,2022-12-30T19:48:45Z,CLEAR,0.5,c2;threatfox_c2,https://threatfox.abuse.ch/export/csv/recent/
domain,gfsert.com,text_feeds:threatfox_c2,2022-03-10T15:29:52Z,CLEAR,0.5,c2;threatfox_c2,https://threatfox.abuse.ch/export/csv/recent/
domain,gijoxupe.com,text_feeds:threatfox_c2,2022-12-30T19:48:22Z,CLEAR,0.5,c2;threatfox_c2,https://threatfox.abuse.ch/export/csv/recent/
domain,giqydygu.workers.dev,text_feeds:threatfox_c2,2026-09-28T11:09:34Z,CLEAR,0.5,c2;threatfox_c2,https://threatfox.abuse.ch/export/csv/recent/
domain,girlsonpi823.life,text_feeds:threatfox_c2,2026-09-14T16:53:23Z,CLEAR,0.5,c2;threatfox_c2,https://threatfox.abuse.ch/export/csv/recent/
domain,gixxipi9823.life,text_feeds:threatfox_c2,2026-09-14T16:53:23Z,CLEAR,0.5,c2;threatfox_c2,https://threatfox.abuse.ch/export/csv/recent/
domain,glacial-bloom-wren-croaon.life,text_feeds:threatfox_c2,2026-09-27T12:12:31Z,CLEAR,0.5,c2;threatfox_c2,https://threatfox.abuse.ch/export/csv/recent/
domain,glacierparkweddings.com,text_feeds:threatfox_c2,2026-09-23T15:25:54Z,CLEAR,0.5,c2;threatfox_c2,https://threatfox.abuse.ch/export/csv/recent/
domain,globallookclub.com,text_feeds:threatfox_c2,2022-09-05T19:10:52Z,CLEAR,0.5,c2;threatfox_c2,https://threatfox.abuse.ch/export/csv/recent/
domain,globalplayservices.com,text_feeds:threatfox_c2,2022-12-02T21:28:11Z,CLEAR,0.5,c2;threatfox_c2,https://threatfox.abuse.ch/export/csv/recent/
domain,globalsteamclub.com,text_feeds:threatfox_c2,2022-12-02T20:38:18Z,CLEAR,0.5,c2;threatfox_c2,https://threatfox.abuse.ch/export/csv/recent/
domain,globemaxtrade.com,text_feeds:threatfox_c2,2026-09-24T07:35:33Z,CLEAR,0.5,c2;threatfox_c2,https://threatfox.abuse.ch/export/csv/recent/
domain,gmelnyimmobilier.com,text_feeds:threatfox_c2,2026-09-23T15:25:55Z,CLEAR,0.5,c2;threatfox_c2,https://threatfox.abuse.ch/export/csv/recent/
domain,gmql.cn,text_feeds:threatfox_c2,2026-09-29T12:51:27Z,CLEAR,0.5,c2;threatfox_c2,https://threatfox.abuse.ch/export/csv/recent/
domain,gmtech.gants.fr,text_feeds:threatfox_c2,2026-09-29T12:51:27Z,CLEAR,0.5,c2;threatfox_c2,https://threatfox.abuse.ch/export/csv/recent/
domain,gnocco.cz,text_feeds:threatfox_c2,2026-09-24T07:35:33Z,CLEAR,0.5,c2;threatfox_c2,https://threatfox.abuse.ch/export/csv/recent/
domain,go-to-holidays.com,text_feeds:threatfox_c2,2026-09-29T12:51:27Z,CLEAR,0.5,c2;threatfox_c2,https://threatfox.abuse.ch/export/csv/recent/
domain,go88club17.com,text_feeds:threatfox_c2,2026-09-23T15:25:55Z,CLEAR,0.5,c2;threatfox_c2,https://threatfox.abuse.ch/export/csv/recent/
domain,goksearch.com,text_feeds:threatfox_c2,2022-12-30T19:48:40Z,CLEAR,0.5,c2;threatfox_c2,https://threatfox.abuse.ch/export/csv/recent/
domain,goocoinorg.com,text_feeds:threatfox_c2,2023-11-10T15:54:20Z,CLEAR,0.5,c2;threatfox_c2,https://threatfox.abuse.ch/export/csv/recent/
domain,goodsport2023.win,text_feeds:threatfox_c2,2023-01-13T17:37:32Z,CLEAR,0.5,c2;threatfox_c2,https://threatfox.abuse.ch/export/csv/recent/
domain,googlanalitlcs.icu,text_feeds:threatfox_c2,2026-02-24T11:44:50Z,CLEAR,0.5,c2;threatfox_c2,https://threatfox.abuse.ch/export/csv/recent/
domain,googlanalitlcs.live,text_feeds:threatfox_c2,2026-02-24T11:46:05Z,CLEAR,0.5,c2;threatfox_c2,https://threatfox.abuse.ch/export/csv/recent/
domain,googlanalitlcs.pro,text_feeds:threatfox_c2,2026-02-24T11:46:56Z,CLEAR,0.5,c2;threatfox_c2,https://threatfox.abuse.ch/export/csv/recent/
domain,googlanalitlcs.xyz,text_feeds:threatfox_c2,2026-02-24T11:48:03Z,CLEAR,0.5,c2;threatfox_c2,https://threatfox.abuse.ch/export/csv/recent/
domain,googlecontentuser.com,text_feeds:threatfox_c2,2022-12-05T20:03:53Z,CLEAR,0.5,c2;threatfox_c2,https://threatfox.abuse.ch/export/csv/recent/
domain,googlesupportacc.top,text_feeds:threatfox_c2,2024-03-06T10:12:56Z,CLEAR,0.5,c2;threatfox_c2,https://threatfox.abuse.ch/export/csv/recent/
domain,googltagmanager.online,text_feeds:threatfox_c2,2026-09-27T20:57:06Z,CLEAR,0.5,c2;threatfox_c2,https://threatfox.abuse.ch/export/csv/recent/
domain,gor.emiraride.com,text_feeds:threatfox_c2,2026-02-13T14:01:35Z,CLEAR,0.5,c2;threatfox_c2,https://threatfox.abuse.ch/export/csv/recent/
domain,gorillagaz.com,text_feeds:threatfox_c2,2023-02-26T09:03:09Z,CLEAR,0.5,c2;threatfox_c2,https://threatfox.abuse.ch/export/csv/recent/
domain,gosia-bilicka.com,text_feeds:threatfox_c2,2026-09-29T12:51:27Z,CLEAR,0.5,c2;threatfox_c2,https://threatfox.abuse.ch/export/csv/recent/
domain,gotroops.online,text_feeds:threatfox_c2,2022-12-30T19:48:20Z,CLEAR,0.5,c2;threatfox_c2,https://threatfox.abuse.ch/export/csv/recent/
domain,gou.xiaogoubi.top,text_feeds:threatfox_c2,2025-06-06T06:17:59Z,CLEAR,0.5,c2;threatfox_c2,https://threatfox.abuse.ch/export/csv/recent/
domain,goupdatemic.online,text_feeds:threatfox_c2,2023-01-19T11:23:42Z,CLEAR,0.5,c2;threatfox_c2,https://threatfox.abuse.ch/export/csv/recent/
domain,gravyblicus.com,text_feeds:threatfox_c2,2022-12-30T19:48:11Z,CLEAR,0.5,c2;threatfox_c2,https://threatfox.abuse.ch/export/csv/recent/
domain,gre.syslicense.net,text_feeds:threatfox_c2,2026-03-27T21:24:29Z,CLEAR,0.5,c2;threatfox_c2,https://threatfox.abuse.ch/export/csv/recent/
domain,greencaliforniabuilders.com,text_feeds:threatfox_c2,2026-09-23T15:25:55Z,CLEAR,0.5,c2;threatfox_c2,https://threatfox.abuse.ch/export/csv/recent/
domain,gregoriasmod.com,text_feeds:threatfox_c2,2026-09-29T01:25:47Z,CLEAR,0.5,c2;threatfox_c2,https://threatfox.abuse.ch/export/csv/recent/
domain,gregoriomora.es,text_feeds:threatfox_c2,2026-09-23T15:25:56Z,CLEAR,0.5,c2;threatfox_c2,https://threatfox.abuse.ch/export/csv/recent/
domain,gripvpn.com,text_feeds:threatfox_c2,2026-09-29T12:51:27Z,CLEAR,0.5,c2;threatfox_c2,https://threatfox.abuse.ch/export/csv/recent/
domain,gruposteel.es,text_feeds:threatfox_c2,2026-09-29T12:51:27Z,CLEAR,0.5,c2;threatfox_c2,https://threatfox.abuse.ch/export/csv/recent/
domain,guggenheimpartners-survey.com,text_feeds:threatfox_c2,2022-12-30T19:48:41Z,CLEAR,0.5,c2;threatfox_c2,https://threatfox.abuse.ch/export/csv/recent/
domain,guiatallas.com,text_feeds:threatfox_c2,2026-09-24T07:36:17Z,CLEAR,0.5,c2;threatfox_c2,https://threatfox.abuse.ch/export/csv/recent/
domain,gujaratpublicschool.in,text_feeds:threatfox_c2,2026-09-23T15:25:56Z,CLEAR,0.5,c2;threatfox_c2,https://threatfox.abuse.ch/export/csv/recent/
domain,gulfmassage.com,text_feeds:threatfox_c2,2026-09-23T15:25:56Z,CLEAR,0.5,c2;threatfox_c2,https://threatfox.abuse.ch/export/csv/recent/
domain,guntes.com.tr,text_feeds:threatfox_c2,2026-08-14T01:31:49Z,CLEAR,0.5,c2;threatfox_c2,https://threatfox.abuse.ch/export/csv/recent/
domain,gunturwebdesigning.com,text_feeds:threatfox_c2,2026-09-24T07:36:17Z,CLEAR,0.5,c2;threatfox_c2,https://threatfox.abuse.ch/export/csv/recent/
domain,gusanacoating.com,text_feeds:threatfox_c2,2026-09-17T11:19:51Z,CLEAR,0.5,c2;threatfox_c2,https://threatfox.abuse.ch/export/csv/recent/
domain,gushaironfadli.com,text_feeds:threatfox_c2,2026-07-29T08:55:56Z,CLEAR,0.5,c2;threatfox_c2,https://threatfox.abuse.ch/export/csv/recent/
domain,gusto.brothbridge.space,text_feeds:threatfox_c2,2026-04-16T11:16:20Z,CLEAR,0.5,c2;threatfox_c2,https://threatfox.abuse.ch/export/csv/recent/
domain,gwl-pak.com,text_feeds:threatfox_c2,2026-09-24T07:36:18Z,CLEAR,0.5,c2;threatfox_c2,https://threatfox.abuse.ch/export/csv/recent/
domain,gwlap.org.au,text_feeds:threatfox_c2,2026-09-29T12:51:27Z,CLEAR,0.5,c2;threatfox_c2,https://threatfox.abuse.ch/export/csv/recent/
domain,gymbienetre-barleduc.com,text_feeds:threatfox_c2,2026-09-29T12:51:27Z,CLEAR,0.5,c2;threatfox_c2,https://threatfox.abuse.ch/export/csv/recent/
domain,h2oboyz.com,text_feeds:threatfox_c2,2026-09-23T15:25:56Z,CLEAR,0.5,c2;threatfox_c2,https://threatfox.abuse.ch/export/csv/recent/
domain,hadujaza.com,text_feeds:threatfox_c2,2022-10-12T17:16:11Z,CLEAR,0.5,c2;threatfox_c2,https://threatfox.abuse.ch/export/csv/recent/
domain,hahinebo.workers.dev,text_feeds:threatfox_c2,2026-09-29T18:53:41Z,CLEAR,0.5,c2;threatfox_c2,https://threatfox.abuse.ch/export/csv/recent/
domain,handgstructures.com,text_feeds:threatfox_c2,2026-09-24T07:36:18Z,CLEAR,0.5,c2;threatfox_c2,https://threatfox.abuse.ch/export/csv/recent/
domain,harborfreight.delivery,text_feeds:threatfox_c2,2022-06-23T10:54:13Z,CLEAR,0.5,c2;threatfox_c2,https://threatfox.abuse.ch/export/csv/recent/
domain,hardicki.com,text_feeds:threatfox_c2,2022-12-30T19:48:33Z,CLEAR,0.5,c2;threatfox_c2,https://threatfox.abuse.ch/export/csv/recent/
domain,harisnf.com,text_feeds:threatfox_c2,2026-08-14T01:31:49Z,CLEAR,0.5,c2;threatfox_c2,https://threatfox.abuse.ch/export/csv/recent/
domain,harmonyshoused.com,text_feeds:threatfox_c2,2023-08-03T10:25:44Z,CLEAR,0.5,c2;threatfox_c2,https://threatfox.abuse.ch/export/csv/recent/
domain,haus-am-steingarten.de,text_feeds:threatfox_c2,2026-09-29T12:51:27Z,CLEAR,0.5,c2;threatfox_c2,https://threatfox.abuse.ch/export/csv/recent/
domain,healthierbabytoday.com,text_feeds:threatfox_c2,2026-09-10T20:23:21Z,CLEAR,0.5,c2;threatfox_c2,https://threatfox.abuse.ch/export/csv/recent/
domain,heastings.com,text_feeds:threatfox_c2,2023-06-11T22:26:06Z,CLEAR,0.5,c2;threatfox_c2,https://threatfox.abuse.ch/export/csv/recent/
domain,hecovy.workers.dev,text_feeds:threatfox_c2,2026-09-28T11:16:01Z,CLEAR,0.5,c2;threatfox_c2,https://threatfox.abuse.ch/export/csv/recent/
domain,hehegahu.com,text_feeds:threatfox_c2,2022-12-30T19:48:17Z,CLEAR,0.5,c2;threatfox_c2,https://threatfox.abuse.ch/export/csv/recent/
domain,heimart-agency.de,text_feeds:threatfox_c2,2026-09-29T12:51:27Z,CLEAR,0.5,c2;threatfox_c2,https://threatfox.abuse.ch/export/csv/recent/
domain,helendoron.sk,text_feeds:threatfox_c2,2026-09-29T12:51:28Z,CLEAR,0.5,c2;threatfox_c2,https://threatfox.abuse.ch/export/csv/recent/
domain,helimodee.com,text_feeds:threatfox_c2,2026-09-29T12:51:28Z,CLEAR,0.5,c2;threatfox_c2,https://threatfox.abuse.ch/export/csv/recent/
domain,helpremote.cc,text_feeds:threatfox_c2,2025-12-24T12:48:51Z,CLEAR,0.5,c2;threatfox_c2,https://threatfox.abuse.ch/export/csv/recent/
domain,heritagewb.com,text_feeds:threatfox_c2,2026-09-23T15:25:57Z,CLEAR,0.5,c2;threatfox_c2,https://threatfox.abuse.ch/export/csv/recent/
domain,herzstueck-schweinfurt.de,text_feeds:threatfox_c2,2026-09-29T12:51:28Z,CLEAR,0.5,c2;threatfox_c2,https://threatfox.abuse.ch/export/csv/recent/
domain,hexagonfilmfestival.com,text_feeds:threatfox_c2,2026-09-24T07:36:18Z,CLEAR,0.5,c2;threatfox_c2,https://threatfox.abuse.ch/export/csv/recent/
domain,hhkj222.com,text_feeds:threatfox_c2,2022-12-30T19:48:05Z,CLEAR,0.5,c2;threatfox_c2,https://threatfox.abuse.ch/export/csv/recent/
domain,hibmarket.help,text_feeds:threatfox_c2,2025-08-11T22:49:05Z,CLEAR,0.5,c2;threatfox_c2,https://threatfox.abuse.ch/export/csv/recent/
domain,higgsflield.net,text_feeds:threatfox_c2,2026-09-29T03:29:31Z,CLEAR,0.5,c2;threatfox_c2,https://threatfox.abuse.ch/export/csv/recent/
domain,high-control.net,text_feeds:threatfox_c2,2022-12-30T19:48:09Z,CLEAR,0.5,c2;threatfox_c2,https://threatfox.abuse.ch/export/csv/recent/
domain,hikmafoundation.org,text_feeds:threatfox_c2,2026-09-21T15:54:28Z,CLEAR,0.5,c2;threatfox_c2,https://threatfox.abuse.ch/export/csv/recent/
domain,hiradates.com,text_feeds:threatfox_c2,2026-09-29T12:51:28Z,CLEAR,0.5,c2;threatfox_c2,https://threatfox.abuse.ch/export/csv/recent/
domain,hitchonshearingcentre.ca,text_feeds:threatfox_c2,2026-09-23T15:25:58Z,CLEAR,0.5,c2;threatfox_c2,https://threatfox.abuse.ch/export/csv/recent/
domain,hityok.com,text_feeds:threatfox_c2,2022-06-23T10:54:13Z,CLEAR,0.5,c2;threatfox_c2,https://threatfox.abuse.ch/export/csv/recent/
domain,hmobil.eu,text_feeds:threatfox_c2,2026-09-29T12:51:28Z,CLEAR,0.5,c2;threatfox_c2,https://threatfox.abuse.ch/export/csv/recent/
domain,hnsxpharm.com,text_feeds:threatfox_c2,2023-01-20T14:21:02Z,CLEAR,0.5,c2;threatfox_c2,https://threatfox.abuse.ch/export/csv/recent/
domain,hockeysmall.com,text_feeds:threatfox_c2,2022-12-30T19:48:14Z,CLEAR,0.5,c2;threatfox_c2,https://threatfox.abuse.ch/export/csv/recent/
domain,holdithome.com,text_feeds:threatfox_c2,2026-09-29T12:51:28Z,CLEAR,0.5,c2;threatfox_c2,https://threatfox.abuse.ch/export/csv/recent/
domain,hollow-badger-moasfraum.life,text_feeds:threatfox_c2,2026-09-24T20:40:48Z,CLEAR,0.5,c2;threatfox_c2,https://threatfox.abuse.ch/export/csv/recent/
domain,hollow-forge-rook-guiyn.life,text_feeds:threatfox_c2,2026-09-23T09:44:01Z,CLEAR,0.5,c2;threatfox_c2,https://threatfox.abuse.ch/export/csv/recent/
domain,hollywoodcarpetinc.com,text_feeds:threatfox_c2,2026-09-17T11:19:51Z,CLEAR,0.5,c2;threatfox_c2,https://threatfox.abuse.ch/export/csv/recent/
domain,holmesweinberg.com,text_feeds:threatfox_c2,2026-09-23T15:25:58Z,CLEAR,0.5,c2;threatfox_c2,https://threatfox.abuse.ch/export/csv/recent/
domain,homerecipeworld.com,text_feeds:threatfox_c2,2026-09-29T12:51:28Z,CLEAR,0.5,c2;threatfox_c2,https://threatfox.abuse.ch/export/csv/recent/
domain,honigvogel.com,text_feeds:threatfox_c2,2026-09-08T06:00:16Z,CLEAR,0.5,c2;threatfox_c2,https://threatfox.abuse.ch/export/csv/recent/
domain,hoovensewingcenter.com,text_feeds:threatfox_c2,2026-09-24T07:36:19Z,CLEAR,0.5,c2;threatfox_c2,https://threatfox.abuse.ch/export/csv/recent/
domain,hor.kaitorinihon.jp,text_feeds:threatfox_c2,2026-04-03T16:13:22Z,CLEAR,0.5,c2;threatfox_c2,https://threatfox.abuse.ch/export/csv/recent/
domain,hospiz-daheim.bayern,text_feeds:threatfox_c2,2026-09-29T12:51:28Z,CLEAR,0.5,c2;threatfox_c2,https://threatfox.abuse.ch/export/csv/recent/
domain,host-metrics-rev.su,text_feeds:threatfox_c2,2026-09-29T06:36:50Z,CLEAR,0.5,c2;threatfox_c2,https://threatfox.abuse.ch/export/csv/recent/
domain,hotelnippon.lk,text_feeds:threatfox_c2,2026-09-24T07:36:19Z,CLEAR,0.5,c2;threatfox_c2,https://threatfox.abuse.ch/export/csv/recent/
domain,hotelsanluiscopiapo.cl,text_feeds:threatfox_c2,2026-09-29T12:51:28Z,CLEAR,0.5,c2;threatfox_c2,https://threatfox.abuse.ch/export/csv/recent/
domain,housedesignideas.net,text_feeds:threatfox_c2,2026-09-27T12:42:27Z,CLEAR,0.5,c2;threatfox_c2,https://threatfox.abuse.ch/export/csv/recent/
domain,hp45qdbt7k.workers.dev,text_feeds:threatfox_c2,2026-09-28T21:05:36Z,CLEAR,0.5,c2;threatfox_c2,https://threatfox.abuse.ch/export/csv/recent/
domain,hunteroc.com,text_feeds:threatfox_c2,2026-09-28T07:56:24Z,CLEAR,0.5,c2;threatfox_c2,https://threatfox.abuse.ch/export/csv/recent/
domain,i-fonts.com,text_feeds:threatfox_c2,2026-09-29T12:51:28Z,CLEAR,0.5,c2;threatfox_c2,https://threatfox.abuse.ch/export/csv/recent/
domain,i.gckni.com,text_feeds:threatfox_c2,2026-09-25T03:46:53Z,CLEAR,0.5,c2;threatfox_c2,https://threatfox.abuse.ch/export/csv/recent/
domain,iamdesignedtoheal.com,text_feeds:threatfox_c2,2026-09-23T15:26:00Z,CLEAR,0.5,c2;threatfox_c2,https://threatfox.abuse.ch/export/csv/recent/
domain,ibnuzubair.com,text_feeds:threatfox_c2,2026-09-26T16:32:54Z,CLEAR,0.5,c2;threatfox_c2,https://threatfox.abuse.ch/export/csv/recent/
domain,ibt-usa.com,text_feeds:threatfox_c2,2026-09-29T12:51:28Z,CLEAR,0.5,c2;threatfox_c2,https://threatfox.abuse.ch/export/csv/recent/
domain,iconiq-capitel.com,text_feeds:threatfox_c2,2022-12-30T19:48:47Z,CLEAR,0.5,c2;threatfox_c2,https://threatfox.abuse.ch/export/csv/recent/
domain,id.v-panel.asia,text_feeds:threatfox_c2,2026-09-29T16:36:37Z,CLEAR,0.5,c2;threatfox_c2,https://threatfox.abuse.ch/export/csv/recent/
domain,ieee-ecce.info,text_feeds:threatfox_c2,2024-06-16T14:42:03Z,CLEAR,0.5,c2;threatfox_c2,https://threatfox.abuse.ch/export/csv/recent/
domain,igo0gle.com,text_feeds:threatfox_c2,2023-09-21T09:29:08Z,CLEAR,0.5,c2;threatfox_c2,https://threatfox.abuse.ch/export/csv/recent/
domain,ikcs.com.tn,text_feeds:threatfox_c2,2026-09-24T22:56:33Z,CLEAR,0.5,c2;threatfox_c2,https://threatfox.abuse.ch/export/csv/recent/
domain,imangayou.com,text_feeds:threatfox_c2,2026-09-23T15:26:01Z,CLEAR,0.5,c2;threatfox_c2,https://threatfox.abuse.ch/export/csv/recent/
domain,imaqpiensos.com,text_feeds:threatfox_c2,2026-09-24T07:36:19Z,CLEAR,0.5,c2;threatfox_c2,https://threatfox.abuse.ch/export/csv/recent/
domain,immobiliereessayadi.com,text_feeds:threatfox_c2,2026-09-24T07:36:19Z,CLEAR,0.5,c2;threatfox_c2,https://threatfox.abuse.ch/export/csv/recent/
domain,immotooler.com,text_feeds:threatfox_c2,2026-09-24T07:36:19Z,CLEAR,0.5,c2;threatfox_c2,https://threatfox.abuse.ch/export/csv/recent/
domain,impactengineers.co.za,text_feeds:threatfox_c2,2026-09-23T15:26:01Z,CLEAR,0.5,c2;threatfox_c2,https://threatfox.abuse.ch/export/csv/recent/
domain,imprxx.com,text_feeds:threatfox_c2,2026-09-24T07:36:19Z,CLEAR,0.5,c2;threatfox_c2,https://threatfox.abuse.ch/export/csv/recent/
domain,imvcatool.com,text_feeds:threatfox_c2,2023-02-16T14:54:22Z,CLEAR,0.5,c2;threatfox_c2,https://threatfox.abuse.ch/export/csv/recent/
domain,in11j2ox.hwgrouppik.com,text_feeds:threatfox_c2,2026-09-29T07:27:35Z,CLEAR,0.5,c2;threatfox_c2,https://threatfox.abuse.ch/export/csv/recent/
domain,incoprosa.com,text_feeds:threatfox_c2,2026-09-24T07:36:20Z,CLEAR,0.5,c2;threatfox_c2,https://threatfox.abuse.ch/export/csv/recent/
domain,indabaafrica.com,text_feeds:threatfox_c2,2026-09-23T15:26:02Z,CLEAR,0.5,c2;threatfox_c2,https://threatfox.abuse.ch/export/csv/recent/
domain,indigo-finch-misgoaen.life,text_feeds:threatfox_c2,2026-09-25T13:58:30Z,CLEAR,0.5,c2;threatfox_c2,https://threatfox.abuse.ch/export/csv/recent/
domain,inex-architects.com,text_feeds:threatfox_c2,2026-09-24T07:36:20Z,CLEAR,0.5,c2;threatfox_c2,https://threatfox.abuse.ch/export/csv/recent/
domain,infinitylinksgh.com,text_feeds:threatfox_c2,2026-09-24T07:36:20Z,CLEAR,0.5,c2;threatfox_c2,https://threatfox.abuse.ch/export/csv/recent/
domain,info-u.net,text_feeds:threatfox_c2,2026-09-28T07:56:23Z,CLEAR,0.5,c2;threatfox_c2,https://threatfox.abuse.ch/export/csv/recent/
domain,information.baby,text_feeds:threatfox_c2,2023-03-20T17:21:01Z,CLEAR,0.5,c2;threatfox_c2,https://threatfox.abuse.ch/export/csv/recent/
domain,inkitchenpr.com,text_feeds:threatfox_c2,2026-09-23T15:26:03Z,CLEAR,0.5,c2;threatfox_c2,https://threatfox.abuse.ch/export/csv/recent/
domain,inlead.dk,text_feeds:threatfox_c2,2026-09-29T12:51:28Z,CLEAR,0.5,c2;threatfox_c2,https://threatfox.abuse.ch/export/csv/recent/
domain,innervisionmobileimaging.com,text_feeds:threatfox_c2,2026-09-28T05:22:12Z,CLEAR,0.5,c2;threatfox_c2,https://threatfox.abuse.ch/export/csv/recent/
domain,innocube.com.tr,text_feeds:threatfox_c2,2026-09-24T07:36:20Z,CLEAR,0.5,c2;threatfox_c2,https://threatfox.abuse.ch/export/csv/recent/
domain,innondecrm.com,text_feeds:threatfox_c2,2026-09-29T12:51:28Z,CLEAR,0.5,c2;threatfox_c2,https://threatfox.abuse.ch/export/csv/recent/
domain,innovativesitecreations.com,text_feeds:threatfox_c2,2022-12-30T19:48:32Z,CLEAR,0.5,c2;threatfox_c2,https://threatfox.abuse.ch/export/csv/recent/
domain,innoventservices.com,text_feeds:threatfox_c2,2026-09-16T09:56:40Z,CLEAR,0.5,c2;threatfox_c2,https://threatfox.abuse.ch/export/csv/recent/
domain,ins-digital.com,text_feeds:threatfox_c2,2026-09-24T07:36:20Z,CLEAR,0.5,c2;threatfox_c2,https://threatfox.abuse.ch/export/csv/recent/
domain,insightpixel.icu,text_feeds:threatfox_c2,2026-02-24T11:48:55Z,CLEAR,0.5,c2;threatfox_c2,https://threatfox.abuse.ch/export/csv/recent/
domain,instant-healthonline.com,text_feeds:threatfox_c2,2023-08-14T16:00:03Z,CLEAR,0.5,c2;threatfox_c2,https://threatfox.abuse.ch/export/csv/recent/
domain,institutofernandeschammas.com.br,text_feeds:threatfox_c2,2026-09-24T07:36:20Z,CLEAR,0.5,c2;threatfox_c2,https://threatfox.abuse.ch/export/csv/recent/
domain,integrated-security.net,text_feeds:threatfox_c2,2023-02-04T18:42:02Z,CLEAR,0.5,c2;threatfox_c2,https://threatfox.abuse.ch/export/csv/recent/
domain,intersala.es,text_feeds:threatfox_c2,2026-09-29T12:51:28Z,CLEAR,0.5,c2;threatfox_c2,https://threatfox.abuse.ch/export/csv/recent/
domain,interwesternsales.com,text_feeds:threatfox_c2,2026-09-10T20:23:24Z,CLEAR,0.5,c2;threatfox_c2,https://threatfox.abuse.ch/export/csv/recent/
domain,intexlanka.com,text_feeds:threatfox_c2,2026-09-24T07:36:20Z,CLEAR,0.5,c2;threatfox_c2,https://threatfox.abuse.ch/export/csv/recent/
domain,investcamp.co.uk,text_feeds:threatfox_c2,2026-09-10T17:24:13Z,CLEAR,0.5,c2;threatfox_c2,https://threatfox.abuse.ch/export/csv/recent/
domain,iony.top,text_feeds:threatfox_c2,2023-04-03T07:21:03Z,CLEAR,0.5,c2;threatfox_c2,https://threatfox.abuse.ch/export/csv/recent/
domain,ios-webapps.ir,text_feeds:threatfox_c2,2026-09-24T07:36:20Z,CLEAR,0.5,c2;threatfox_c2,https://threatfox.abuse.ch/export/csv/recent/
domain,ipsandwich.com,text_feeds:threatfox_c2,2022-12-30T19:48:51Z,CLEAR,0.5,c2;threatfox_c2,https://threatfox.abuse.ch/export/csv/recent/
domain,iptvr.icu,text_feeds:threatfox_c2,2022-12-30T19:48:08Z,CLEAR,0.5,c2;threatfox_c2,https://threatfox.abuse.ch/export/csv/recent/
domain,ipulsecloud.com,text_feeds:threatfox_c2,2022-11-04T11:23:08Z,CLEAR,0.5,c2;threatfox_c2,https://threatfox.abuse.ch/export/csv/recent/
domain,ira-company.com,text_feeds:threatfox_c2,2026-09-07T04:51:54Z,CLEAR,0.5,c2;threatfox_c2,https://threatfox.abuse.ch/export/csv/recent/
domain,iraqiflagparty.com,text_feeds:threatfox_c2,2026-09-24T07:36:20Z,CLEAR,0.5,c2;threatfox_c2,https://threatfox.abuse.ch/export/csv/recent/
domain,italychauffeur.com,text_feeds:threatfox_c2,2026-09-24T07:36:21Z,CLEAR,0.5,c2;threatfox_c2,https://threatfox.abuse.ch/export/csv/recent/
domain,ivycapitalgroup.net,text_feeds:threatfox_c2,2026-07-29T08:56:59Z,CLEAR,0.5,c2;threatfox_c2,https://threatfox.abuse.ch/export/csv/recent/
domain,jacketsupport.com,text_feeds:threatfox_c2,2023-03-29T22:27:30Z,CLEAR,0.5,c2;threatfox_c2,https://threatfox.abuse.ch/export/csv/recent/
domain,jackpot168.uk.com,text_feeds:threatfox_c2,2026-09-24T11:15:37Z,CLEAR,0.5,c2;threatfox_c2,https://threatfox.abuse.ch/export/csv/recent/
domain,jacollans.com,text_feeds:threatfox_c2,2022-09-05T19:10:48Z,CLEAR,0.5,c2;threatfox_c2,https://threatfox.abuse.ch/export/csv/recent/
domain,jahnavipatrika.com,text_feeds:threatfox_c2,2026-09-29T16:05:21Z,CLEAR,0.5,c2;threatfox_c2,https://threatfox.abuse.ch/export/csv/recent/
domain,jahojahi.com,text_feeds:threatfox_c2,2022-08-11T06:03:19Z,CLEAR,0.5,c2;threatfox_c2,https://threatfox.abuse.ch/export/csv/recent/
domain,jalex.scot,text_feeds:threatfox_c2,2026-09-24T07:36:21Z,CLEAR,0.5,c2;threatfox_c2,https://threatfox.abuse.ch/export/csv/recent/
domain,jamerehmat.com,text_feeds:threatfox_c2,2026-05-02T06:32:07Z,CLEAR,0.5,c2;threatfox_c2,https://threatfox.abuse.ch/export/csv/recent/
domain,jamilie.com,text_feeds:threatfox_c2,2026-09-29T18:52:38Z,CLEAR,0.5,c2;threatfox_c2,https://threatfox.abuse.ch/export/csv/recent/
domain,jandoz.com,text_feeds:threatfox_c2,2022-12-30T19:48:21Z,CLEAR,0.5,c2;threatfox_c2,https://threatfox.abuse.ch/export/csv/recent/
domain,januarioadvocacia.com.br,text_feeds:threatfox_c2,2026-09-25T19:45:54Z,CLEAR,0.5,c2;threatfox_c2,https://threatfox.abuse.ch/export/csv/recent/
domain,januarioempresarial.com.br,text_feeds:threatfox_c2,2026-09-25T19:45:54Z,CLEAR,0.5,c2;threatfox_c2,https://threatfox.abuse.ch/export/csv/recent/
domain,japan-rundreise.com,text_feeds:threatfox_c2,2026-09-29T12:51:28Z,CLEAR,0.5,c2;threatfox_c2,https://threatfox.abuse.ch/export/csv/recent/
domain,jardelinoramos.org.br,text_feeds:threatfox_c2,2026-09-29T12:51:28Z,CLEAR,0.5,c2;threatfox_c2,https://threatfox.abuse.ch/export/csv/recent/
domain,jarvcza.com,text_feeds:threatfox_c2,2022-12-30T19:48:42Z,CLEAR,0.5,c2;threatfox_c2,https://threatfox.abuse.ch/export/csv/recent/
domain,jashanvirshergill.com,text_feeds:threatfox_c2,2026-09-25T18:43:25Z,CLEAR,0.5,c2;threatfox_c2,https://threatfox.abuse.ch/export/csv/recent/
domain,jatafatuna.com,text_feeds:threatfox_c2,2022-12-30T19:48:22Z,CLEAR,0.5,c2;threatfox_c2,https://threatfox.abuse.ch/export/csv/recent/
domain,jcodhdum.eveningneighbor.com,text_feeds:threatfox_c2,2026-09-29T07:28:23Z,CLEAR,0.5,c2;threatfox_c2,https://threatfox.abuse.ch/export/csv/recent/
domain,jdfirmware.ba,text_feeds:threatfox_c2,2026-09-28T12:51:05Z,CLEAR,0.5,c2;threatfox_c2,https://threatfox.abuse.ch/export/csv/recent/
domain,jdkupdate.cc,text_feeds:threatfox_c2,2026-09-28T12:51:04Z,CLEAR,0.5,c2;threatfox_c2,https://threatfox.abuse.ch/export/csv/recent/
domain,jdkupdate.pw,text_feeds:threatfox_c2,2026-09-28T12:51:04Z,CLEAR,0.5,c2;threatfox_c2,https://threatfox.abuse.ch/export/csv/recent/
domain,jdupd.st,text_feeds:threatfox_c2,2026-09-28T12:51:04Z,CLEAR,0.5,c2;threatfox_c2,https://threatfox.abuse.ch/export/csv/recent/
domain,jenevabaiden.com,text_feeds:threatfox_c2,2022-02-01T10:45:03Z,CLEAR,0.5,c2;threatfox_c2,https://threatfox.abuse.ch/export/csv/recent/
domain,jetmed.co.zw,text_feeds:threatfox_c2,2026-09-17T11:19:51Z,CLEAR,0.5,c2;threatfox_c2,https://threatfox.abuse.ch/export/csv/recent/
domain,jevomukif.com,text_feeds:threatfox_c2,2022-08-30T06:22:11Z,CLEAR,0.5,c2;threatfox_c2,https://threatfox.abuse.ch/export/csv/recent/
domain,jews-for-allah.org,text_feeds:threatfox_c2,2026-09-24T07:36:21Z,CLEAR,0.5,c2;threatfox_c2,https://threatfox.abuse.ch/export/csv/recent/
domain,jhmassage.dk,text_feeds:threatfox_c2,2026-09-29T12:51:28Z,CLEAR,0.5,c2;threatfox_c2,https://threatfox.abuse.ch/export/csv/recent/
domain,ji.27trans.org,text_feeds:threatfox_c2,2026-09-28T14:16:28Z,CLEAR,0.5,c2;threatfox_c2,https://threatfox.abuse.ch/export/csv/recent/
domain,ji.5-rt.org,text_feeds:threatfox_c2,2026-09-28T14:16:29Z,CLEAR,0.5,c2;threatfox_c2,https://threatfox.abuse.ch/export/csv/recent/
domain,jiguz.com,text_feeds:threatfox_c2,2022-06-23T10:54:13Z,CLEAR,0.5,c2;threatfox_c2,https://threatfox.abuse.ch/export/csv/recent/
domain,jijuanjo.com,text_feeds:threatfox_c2,2022-06-23T10:54:13Z,CLEAR,0.5,c2;threatfox_c2,https://threatfox.abuse.ch/export/csv/recent/
domain,jkmasonryllc.com,text_feeds:threatfox_c2,2026-09-24T07:36:21Z,CLEAR,0.5,c2;threatfox_c2,https://threatfox.abuse.ch/export/csv/recent/
domain,joaquinsanchezgil.com,text_feeds:threatfox_c2,2026-09-24T07:36:21Z,CLEAR,0.5,c2;threatfox_c2,https://threatfox.abuse.ch/export/csv/recent/
domain,job.itechno.cc,text_feeds:threatfox_c2,2025-11-26T12:50:54Z,CLEAR,0.5,c2;threatfox_c2,https://threatfox.abuse.ch/export/csv/recent/
domain,joehageonline.com,text_feeds:threatfox_c2,2026-09-24T07:36:21Z,CLEAR,0.5,c2;threatfox_c2,https://threatfox.abuse.ch/export/csv/recent/
domain,jonasdonizette.com.br,text_feeds:threatfox_c2,2026-09-24T07:36:21Z,CLEAR,0.5,c2;threatfox_c2,https://threatfox.abuse.ch/export/csv/recent/
domain,joschool-online.com,text_feeds:threatfox_c2,2026-09-27T11:32:03Z,CLEAR,0.5,c2;threatfox_c2,https://threatfox.abuse.ch/export/csv/recent/
domain,jourdyns10.wpenginepowered.com,text_feeds:threatfox_c2,2026-09-29T16:05:21Z,CLEAR,0.5,c2;threatfox_c2,https://threatfox.abuse.ch/export/csv/recent/
domain,joydesigns.studio,text_feeds:threatfox_c2,2026-07-30T07:02:27Z,CLEAR,0.5,c2;threatfox_c2,https://threatfox.abuse.ch/export/csv/recent/
domain,jquerymaingame.com,text_feeds:threatfox_c2,2023-03-20T17:21:02Z,CLEAR,0.5,c2;threatfox_c2,https://threatfox.abuse.ch/export/csv/recent/
domain,jquerysslx.com,text_feeds:threatfox_c2,2023-02-25T14:42:01Z,CLEAR,0.5,c2;threatfox_c2,https://threatfox.abuse.ch/export/csv/recent/
domain,jqueryupdatenow.com,text_feeds:threatfox_c2,2022-06-23T10:54:13Z,CLEAR,0.5,c2;threatfox_c2,https://threatfox.abuse.ch/export/csv/recent/
domain,jqueryupneed.com,text_feeds:threatfox_c2,2022-06-23T10:54:13Z,CLEAR,0.5,c2;threatfox_c2,https://threatfox.abuse.ch/export/csv/recent/
domain,js.msedgeupdate.com,text_feeds:threatfox_c2,2022-06-23T10:54:14Z,CLEAR,0.5,c2;threatfox_c2,https://threatfox.abuse.ch/export/csv/recent/
domain,jtlobmo4xt.workers.dev,text_feeds:threatfox_c2,2026-09-29T08:44:01Z,CLEAR,0.5,c2;threatfox_c2,https://threatfox.abuse.ch/export/csv/recent/
domain,jurismilitaris.com.br,text_feeds:threatfox_c2,2026-09-17T11:19:51Z,CLEAR,0.5,c2;threatfox_c2,https://threatfox.abuse.ch/export/csv/recent/
domain,just-findncall.com,text_feeds:threatfox_c2,2022-12-30T19:48:41Z,CLEAR,0.5,c2;threatfox_c2,https://threatfox.abuse.ch/export/csv/recent/
domain,justfit24.eu,text_feeds:threatfox_c2,2026-09-29T12:51:28Z,CLEAR,0.5,c2;threatfox_c2,https://threatfox.abuse.ch/export/csv/recent/
domain,k1h.hopesm188.top,text_feeds:threatfox_c2,2026-06-26T12:25:15Z,CLEAR,0.5,c2;threatfox_c2,https://threatfox.abuse.ch/export/csv/recent/
domain,k22rc1l447.workers.dev,text_feeds:threatfox_c2,2026-09-29T00:46:27Z,CLEAR,0.5,c2;threatfox_c2,https://threatfox.abuse.ch/export/csv/recent/
domain,k3h1ytesb6.workers.dev,text_feeds:threatfox_c2,2026-09-28T05:22:49Z,CLEAR,0.5,c2;threatfox_c2,https://threatfox.abuse.ch/export/csv/recent/
domain,kabuenjueini.com,text_feeds:threatfox_c2,2026-09-29T12:51:28Z,CLEAR,0.5,c2;threatfox_c2,https://threatfox.abuse.ch/export/csv/recent/
domain,kahanilounge.co.uk,text_feeds:threatfox_c2,2026-09-28T05:32:18Z,CLEAR,0.5,c2;threatfox_c2,https://threatfox.abuse.ch/export/csv/recent/
domain,kalaeka.com,text_feeds:threatfox_c2,2026-09-29T12:51:28Z,CLEAR,0.5,c2;threatfox_c2,https://threatfox.abuse.ch/export/csv/recent/
domain,kanissaimmo.com,text_feeds:threatfox_c2,2026-09-17T11:19:52Z,CLEAR,0.5,c2;threatfox_c2,https://threatfox.abuse.ch/export/csv/recent/
domain,kapuleti.com,text_feeds:threatfox_c2,2022-03-08T17:09:32Z,CLEAR,0.5,c2;threatfox_c2,https://threatfox.abuse.ch/export/csv/recent/
domain,karachiprinter.com,text_feeds:threatfox_c2,2026-09-25T16:29:51Z,CLEAR,0.5,c2;threatfox_c2,https://threatfox.abuse.ch/export/csv/recent/
domain,karachiseagirls.com,text_feeds:threatfox_c2,2026-09-24T07:36:22Z,CLEAR,0.5,c2;threatfox_c2,https://threatfox.abuse.ch/export/csv/recent/
domain,karan.com.tr,text_feeds:threatfox_c2,2026-09-24T07:36:22Z,CLEAR,0.5,c2;threatfox_c2,https://threatfox.abuse.ch/export/csv/recent/
domain,karishmapawar.com,text_feeds:threatfox_c2,2026-09-24T07:36:22Z,CLEAR,0.5,c2;threatfox_c2,https://threatfox.abuse.ch/export/csv/recent/
domain,katadataku.com,text_feeds:threatfox_c2,2026-09-29T12:51:28Z,CLEAR,0.5,c2;threatfox_c2,https://threatfox.abuse.ch/export/csv/recent/
domain,katarms.com,text_feeds:threatfox_c2,2026-09-24T07:36:22Z,CLEAR,0.5,c2;threatfox_c2,https://threatfox.abuse.ch/export/csv/recent/
domain,katemogt.com,text_feeds:threatfox_c2,2026-09-25T16:29:52Z,CLEAR,0.5,c2;threatfox_c2,https://threatfox.abuse.ch/export/csv/recent/
domain,katiadavanzo.it,text_feeds:threatfox_c2,2026-09-25T16:06:49Z,CLEAR,0.5,c2;threatfox_c2,https://threatfox.abuse.ch/export/csv/recent/
domain,kauditfirm.com,text_feeds:threatfox_c2,2026-09-25T16:06:49Z,CLEAR,0.5,c2;threatfox_c2,https://threatfox.abuse.ch/export/csv/recent/
domain,kauzalvip.com,text_feeds:threatfox_c2,2024-06-16T14:42:03Z,CLEAR,0.5,c2;threatfox_c2,https://threatfox.abuse.ch/export/csv/recent/
domain,kavarnastrani.cz,text_feeds:threatfox_c2,2026-09-25T16:06:49Z,CLEAR,0.5,c2;threatfox_c2,https://threatfox.abuse.ch/export/csv/recent/
domain,kbnexc.com,text_feeds:threatfox_c2,2023-02-25T14:42:02Z,CLEAR,0.5,c2;threatfox_c2,https://threatfox.abuse.ch/export/csv/recent/
domain,keirachenergy.com,text_feeds:threatfox_c2,2026-09-21T00:00:13Z,CLEAR,0.5,c2;threatfox_c2,https://threatfox.abuse.ch/export/csv/recent/
domain,kejimn.com,text_feeds:threatfox_c2,2022-03-09T17:18:35Z,CLEAR,0.5,c2;threatfox_c2,https://threatfox.abuse.ch/export/csv/recent/
domain,kejstudios.com,text_feeds:threatfox_c2,2026-09-25T16:29:52Z,CLEAR,0.5,c2;threatfox_c2,https://threatfox.abuse.ch/export/csv/recent/
domain,kelbrig.com,text_feeds:threatfox_c2,2026-09-25T16:06:50Z,CLEAR,0.5,c2;threatfox_c2,https://threatfox.abuse.ch/export/csv/recent/
domain,kerry-777.com,text_feeds:threatfox_c2,2026-09-25T16:28:15Z,CLEAR,0.5,c2;threatfox_c2,https://threatfox.abuse.ch/export/csv/recent/
domain,keycloud.live,text_feeds:threatfox_c2,2022-10-13T21:41:28Z,CLEAR,0.5,c2;threatfox_c2,https://threatfox.abuse.ch/export/csv/recent/
domain,keyswork.ca,text_feeds:threatfox_c2,2026-09-25T16:28:15Z,CLEAR,0.5,c2;threatfox_c2,https://threatfox.abuse.ch/export/csv/recent/
domain,kfcirr7cf0.workers.dev,text_feeds:threatfox_c2,2026-09-29T04:42:55Z,CLEAR,0.5,c2;threatfox_c2,https://threatfox.abuse.ch/export/csv/recent/
domain,kh765g0a.faff303.com,text_feeds:threatfox_c2,2026-09-28T13:48:53Z,CLEAR,0.5,c2;threatfox_c2,https://threatfox.abuse.ch/export/csv/recent/
domain,khafatrans.com,text_feeds:threatfox_c2,2026-09-25T16:06:50Z,CLEAR,0.5,c2;threatfox_c2,https://threatfox.abuse.ch/export/csv/recent/
domain,khanegipay.com,text_feeds:threatfox_c2,2026-09-29T12:51:29Z,CLEAR,0.5,c2;threatfox_c2,https://threatfox.abuse.ch/export/csv/recent/
domain,khcceg0f.elipsbet.poker,text_feeds:threatfox_c2,2026-09-28T06:20:19Z,CLEAR,0.5,c2;threatfox_c2,https://threatfox.abuse.ch/export/csv/recent/
domain,khdamatcng.com,text_feeds:threatfox_c2,2026-09-29T12:51:29Z,CLEAR,0.5,c2;threatfox_c2,https://threatfox.abuse.ch/export/csv/recent/
domain,kiantajhizvira.com,text_feeds:threatfox_c2,2026-09-24T07:36:22Z,CLEAR,0.5,c2;threatfox_c2,https://threatfox.abuse.ch/export/csv/recent/
domain,kiln-skioi-c29up.com,text_feeds:threatfox_c2,2026-09-19T09:06:06Z,CLEAR,0.5,c2;threatfox_c2,https://threatfox.abuse.ch/export/csv/recent/
domain,kin24h.info,text_feeds:threatfox_c2,2026-09-25T16:28:15Z,CLEAR,0.5,c2;threatfox_c2,https://threatfox.abuse.ch/export/csv/recent/
domain,kinderkleurplaten.com,text_feeds:threatfox_c2,2026-09-29T12:51:29Z,CLEAR,0.5,c2;threatfox_c2,https://threatfox.abuse.ch/export/csv/recent/
domain,kineticnode.shop,text_feeds:threatfox_c2,2026-04-28T19:26:28Z,CLEAR,0.5,c2;threatfox_c2,https://threatfox.abuse.ch/export/csv/recent/
domain,kingstrategicsolutions.com,text_feeds:threatfox_c2,2026-09-17T11:19:52Z,CLEAR,0.5,c2;threatfox_c2,https://threatfox.abuse.ch/export/csv/recent/
domain,kitabco.cl,text_feeds:threatfox_c2,2026-09-24T07:36:22Z,CLEAR,0.5,c2;threatfox_c2,https://threatfox.abuse.ch/export/csv/recent/
domain,kivahangruppo.com,text_feeds:threatfox_c2,2026-09-25T16:06:50Z,CLEAR,0.5,c2;threatfox_c2,https://threatfox.abuse.ch/export/csv/recent/
domain,kkajdovscina.si,text_feeds:threatfox_c2,2026-09-25T16:29:52Z,CLEAR,0.5,c2;threatfox_c2,https://threatfox.abuse.ch/export/csv/recent/
domain,kkudndkwatnfevcaqeefytqnh.top,text_feeds:threatfox_c2,2024-01-28T06:22:18Z,CLEAR,0.5,c2;threatfox_c2,https://threatfox.abuse.ch/export/csv/recent/
domain,klaerende-spaziergaenge.at,text_feeds:threatfox_c2,2026-09-25T16:06:51Z,CLEAR,0.5,c2;threatfox_c2,https://threatfox.abuse.ch/export/csv/recent/
domain,klanbaatnagger.dk,text_feeds:threatfox_c2,2026-09-16T09:56:40Z,CLEAR,0.5,c2;threatfox_c2,https://threatfox.abuse.ch/export/csv/recent/
domain,klarinettist-noisten.de,text_feeds:threatfox_c2,2026-09-29T12:51:29Z,CLEAR,0.5,c2;threatfox_c2,https://threatfox.abuse.ch/export/csv/recent/
domain,klineloghomes.com,text_feeds:threatfox_c2,2026-09-10T18:35:49Z,CLEAR,0.5,c2;threatfox_c2,https://threatfox.abuse.ch/export/csv/recent/
domain,klycnmik.com,text_feeds:threatfox_c2,2022-03-01T07:06:28Z,CLEAR,0.5,c2;threatfox_c2,https://threatfox.abuse.ch/export/csv/recent/
domain,kmjzholdings.com,text_feeds:threatfox_c2,2026-09-17T11:19:52Z,CLEAR,0.5,c2;threatfox_c2,https://threatfox.abuse.ch/export/csv/recent/
domain,knotsecuritycheck.com,text_feeds:threatfox_c2,2026-09-25T16:29:52Z,CLEAR,0.5,c2;threatfox_c2,https://threatfox.abuse.ch/export/csv/recent/
domain,knowasq.com,text_feeds:threatfox_c2,2026-09-25T16:06:51Z,CLEAR,0.5,c2;threatfox_c2,https://threatfox.abuse.ch/export/csv/recent/
domain,ko-games.com,text_feeds:threatfox_c2,2026-09-25T16:06:51Z,CLEAR,0.5,c2;threatfox_c2,https://threatfox.abuse.ch/export/csv/recent/
domain,ko.27trans.org,text_feeds:threatfox_c2,2026-09-28T14:16:28Z,CLEAR,0.5,c2;threatfox_c2,https://threatfox.abuse.ch/export/csv/recent/
domain,ko.5-rt.org,text_feeds:threatfox_c2,2026-09-28T14:16:29Z,CLEAR,0.5,c2;threatfox_c2,https://threatfox.abuse.ch/export/csv/recent/
domain,koalworld.com,text_feeds:threatfox_c2,2026-09-25T16:28:15Z,CLEAR,0.5,c2;threatfox_c2,https://threatfox.abuse.ch/export/csv/recent/
domain,kogbol.com,text_feeds:threatfox_c2,2026-09-24T07:36:23Z,CLEAR,0.5,c2;threatfox_c2,https://threatfox.abuse.ch/export/csv/recent/
domain,koleva-odit.bg,text_feeds:threatfox_c2,2026-09-24T07:36:23Z,CLEAR,0.5,c2;threatfox_c2,https://threatfox.abuse.ch/export/csv/recent/
domain,kommunen-gewinnen.de,text_feeds:threatfox_c2,2026-09-24T07:36:23Z,CLEAR,0.5,c2;threatfox_c2,https://threatfox.abuse.ch/export/csv/recent/
domain,korunder.com,text_feeds:threatfox_c2,2022-03-10T15:29:52Z,CLEAR,0.5,c2;threatfox_c2,https://threatfox.abuse.ch/export/csv/recent/
domain,kosanawind.eu,text_feeds:threatfox_c2,2026-09-24T07:36:23Z,CLEAR,0.5,c2;threatfox_c2,https://threatfox.abuse.ch/export/csv/recent/
domain,kostaschristides.com,text_feeds:threatfox_c2,2026-09-28T07:56:24Z,CLEAR,0.5,c2;threatfox_c2,https://threatfox.abuse.ch/export/csv/recent/
domain,koutia.gr,text_feeds:threatfox_c2,2026-09-25T16:28:15Z,CLEAR,0.5,c2;threatfox_c2,https://threatfox.abuse.ch/export/csv/recent/
domain,kpgng25808.workers.dev,text_feeds:threatfox_c2,2026-09-28T13:10:09Z,CLEAR,0.5,c2;threatfox_c2,https://threatfox.abuse.ch/export/csv/recent/
domain,kqzx8zvh.megapari2023.com,text_feeds:threatfox_c2,2026-09-28T05:27:55Z,CLEAR,0.5,c2;threatfox_c2,https://threatfox.abuse.ch/export/csv/recent/
domain,kreatiendas.com,text_feeds:threatfox_c2,2026-09-25T16:06:51Z,CLEAR,0.5,c2;threatfox_c2,https://threatfox.abuse.ch/export/csv/recent/
domain,krebsfer.com.br,text_feeds:threatfox_c2,2026-09-25T16:28:15Z,CLEAR,0.5,c2;threatfox_c2,https://threatfox.abuse.ch/export/csv/recent/
domain,krestmoais-reed.life,text_feeds:threatfox_c2,2026-09-23T16:44:26Z,CLEAR,0.5,c2;threatfox_c2,https://threatfox.abuse.ch/export/csv/recent/
domain,kristychmura.com,text_feeds:threatfox_c2,2026-09-25T16:06:51Z,CLEAR,0.5,c2;threatfox_c2,https://threatfox.abuse.ch/export/csv/recent/
domain,ksplsoft.com,text_feeds:threatfox_c2,2022-12-30T19:48:48Z,CLEAR,0.5,c2;threatfox_c2,https://threatfox.abuse.ch/export/csv/recent/
domain,kumuldrop.com,text_feeds:threatfox_c2,2026-09-25T16:06:51Z,CLEAR,0.5,c2;threatfox_c2,https://threatfox.abuse.ch/export/csv/recent/
domain,lab.google-analytcis.com,text_feeds:threatfox_c2,2025-08-29T22:49:01Z,CLEAR,0.5,c2;threatfox_c2,https://threatfox.abuse.ch/export/csv/recent/
domain,lacolonia-metaverse.com,text_feeds:threatfox_c2,2026-09-25T16:28:15Z,CLEAR,0.5,c2;threatfox_c2,https://threatfox.abuse.ch/export/csv/recent/
domain,ladyrun.net,text_feeds:threatfox_c2,2026-09-25T16:06:52Z,CLEAR,0.5,c2;threatfox_c2,https://threatfox.abuse.ch/export/csv/recent/
domain,lafantacia.com,text_feeds:threatfox_c2,2026-09-25T16:28:15Z,CLEAR,0.5,c2;threatfox_c2,https://threatfox.abuse.ch/export/csv/recent/
domain,lafuvalu.workers.dev,text_feeds:threatfox_c2,2026-09-29T14:46:38Z,CLEAR,0.5,c2;threatfox_c2,https://threatfox.abuse.ch/export/csv/recent/
domain,lahixdigital.com,text_feeds:threatfox_c2,2026-09-28T05:32:19Z,CLEAR,0.5,c2;threatfox_c2,https://threatfox.abuse.ch/export/csv/recent/
domain,landsadda.com,text_feeds:threatfox_c2,2026-09-25T16:29:52Z,CLEAR,0.5,c2;threatfox_c2,https://threatfox.abuse.ch/export/csv/recent/
domain,lapsusareskids.world,text_feeds:threatfox_c2,2022-12-30T19:48:42Z,CLEAR,0.5,c2;threatfox_c2,https://threatfox.abuse.ch/export/csv/recent/
domain,larnacabay.com,text_feeds:threatfox_c2,2026-09-25T16:06:52Z,CLEAR,0.5,c2;threatfox_c2,https://threatfox.abuse.ch/export/csv/recent/
domain,lasalada1963.com,text_feeds:threatfox_c2,2026-09-25T16:06:52Z,CLEAR,0.5,c2;threatfox_c2,https://threatfox.abuse.ch/export/csv/recent/
domain,lasonrisadebeckett.com.ar,text_feeds:threatfox_c2,2026-09-25T16:06:52Z,CLEAR,0.5,c2;threatfox_c2,https://threatfox.abuse.ch/export/csv/recent/
domain,laspaletas.co.za,text_feeds:threatfox_c2,2026-09-10T20:24:30Z,CLEAR,0.5,c2;threatfox_c2,https://threatfox.abuse.ch/export/csv/recent/
domain,lastinsuranceteam.com,text_feeds:threatfox_c2,2022-12-30T19:48:48Z,CLEAR,0.5,c2;threatfox_c2,https://threatfox.abuse.ch/export/csv/recent/
domain,latishahenry.com,text_feeds:threatfox_c2,2026-09-25T16:29:52Z,CLEAR,0.5,c2;threatfox_c2,https://threatfox.abuse.ch/export/csv/recent/
domain,launchmyagencyreviews.com,text_feeds:threatfox_c2,2026-09-25T16:06:53Z,CLEAR,0.5,c2;threatfox_c2,https://threatfox.abuse.ch/export/csv/recent/
domain,lawsolutions.cloud,text_feeds:threatfox_c2,2022-12-30T19:48:46Z,CLEAR,0.5,c2;threatfox_c2,https://threatfox.abuse.ch/export/csv/recent/
domain,lcmservicesllcct.com,text_feeds:threatfox_c2,2026-09-25T16:06:53Z,CLEAR,0.5,c2;threatfox_c2,https://threatfox.abuse.ch/export/csv/recent/
domain,lcowpowerlite.italynorth.cloudapp.azure.com,text_feeds:threatfox_c2,2026-02-08T15:42:12Z,CLEAR,0.5,c2;threatfox_c2,https://threatfox.abuse.ch/export/csv/recent/
domain,learningworld.in,text_feeds:threatfox_c2,2026-09-17T05:05:36Z,CLEAR,0.5,c2;threatfox_c2,https://threatfox.abuse.ch/export/csv/recent/
domain,lebenclinic.com,text_feeds:threatfox_c2,2026-09-25T16:06:53Z,CLEAR,0.5,c2;threatfox_c2,https://threatfox.abuse.ch/export/csv/recent/
domain,lectricelfuel.com,text_feeds:threatfox_c2,2023-10-13T19:49:34Z,CLEAR,0.5,c2;threatfox_c2,https://threatfox.abuse.ch/export/csv/recent/
domain,ledjoka.fr,text_feeds:threatfox_c2,2026-09-24T07:36:24Z,CLEAR,0.5,c2;threatfox_c2,https://threatfox.abuse.ch/export/csv/recent/
domain,ledys-architecte.com,text_feeds:threatfox_c2,2026-09-15T20:39:51Z,CLEAR,0.5,c2;threatfox_c2,https://threatfox.abuse.ch/export/csv/recent/
domain,legacy-data-stream.su,text_feeds:threatfox_c2,2026-09-29T06:36:50Z,CLEAR,0.5,c2;threatfox_c2,https://threatfox.abuse.ch/export/csv/recent/
domain,legacyriseenterprises.com,text_feeds:threatfox_c2,2026-09-25T16:06:53Z,CLEAR,0.5,c2;threatfox_c2,https://threatfox.abuse.ch/export/csv/recent/
domain,legalinsider.top,text_feeds:threatfox_c2,2026-09-28T03:01:50Z,CLEAR,0.5,c2;threatfox_c2,https://threatfox.abuse.ch/export/csv/recent/
domain,lejkisprzedazowe.pl,text_feeds:threatfox_c2,2026-09-29T12:51:29Z,CLEAR,0.5,c2;threatfox_c2,https://threatfox.abuse.ch/export/csv/recent/
domain,leluzonu.workers.dev,text_feeds:threatfox_c2,2026-09-28T01:25:08Z,CLEAR,0.5,c2;threatfox_c2,https://threatfox.abuse.ch/export/csv/recent/
domain,les-manufactures.ch,text_feeds:threatfox_c2,2026-09-28T04:35:36Z,CLEAR,0.5,c2;threatfox_c2,https://threatfox.abuse.ch/export/csv/recent/
domain,lespetitsbonheurs.be,text_feeds:threatfox_c2,2026-09-29T12:51:29Z,CLEAR,0.5,c2;threatfox_c2,https://threatfox.abuse.ch/export/csv/recent/
domain,lessforbrands.com,text_feeds:threatfox_c2,2026-09-29T12:51:29Z,CLEAR,0.5,c2;threatfox_c2,https://threatfox.abuse.ch/export/csv/recent/
domain,levezacompany.online,text_feeds:threatfox_c2,2026-07-29T08:57:02Z,CLEAR,0.5,c2;threatfox_c2,https://threatfox.abuse.ch/export/csv/recent/
domain,levinlawteam.com,text_feeds:threatfox_c2,2026-09-10T20:24:31Z,CLEAR,0.5,c2;threatfox_c2,https://threatfox.abuse.ch/export/csv/recent/
domain,lgbtqplusfriendlydomain.com,text_feeds:threatfox_c2,2022-12-30T19:48:44Z,CLEAR,0.5,c2;threatfox_c2,https://threatfox.abuse.ch/export/csv/recent/
domain,lgzydh2o.mmbtours.com,text_feeds:threatfox_c2,2026-09-27T22:14:09Z,CLEAR,0.5,c2;threatfox_c2,https://threatfox.abuse.ch/export/csv/recent/
domain,lhmustangwrestling.com,text_feeds:threatfox_c2,2026-09-25T16:06:54Z,CLEAR,0.5,c2;threatfox_c2,https://threatfox.abuse.ch/export/csv/recent/
domain,liceclinicskingwood.com,text_feeds:threatfox_c2,2026-09-25T16:06:54Z,CLEAR,0.5,c2;threatfox_c2,https://threatfox.abuse.ch/export/csv/recent/
domain,lifegothistory.com,text_feeds:threatfox_c2,2022-02-27T06:03:58Z,CLEAR,0.5,c2;threatfox_c2,https://threatfox.abuse.ch/export/csv/recent/
domain,lightbound.de,text_feeds:threatfox_c2,2026-09-29T12:51:29Z,CLEAR,0.5,c2;threatfox_c2,https://threatfox.abuse.ch/export/csv/recent/
domain,lightingdesignersllc.com,text_feeds:threatfox_c2,2026-09-24T07:36:24Z,CLEAR,0.5,c2;threatfox_c2,https://threatfox.abuse.ch/export/csv/recent/
domain,linnea.bio,text_feeds:threatfox_c2,2026-09-29T12:51:29Z,CLEAR,0.5,c2;threatfox_c2,https://threatfox.abuse.ch/export/csv/recent/
domain,lintascita.net,text_feeds:threatfox_c2,2026-09-25T16:06:54Z,CLEAR,0.5,c2;threatfox_c2,https://threatfox.abuse.ch/export/csv/recent/
domain,liquifimusic.com,text_feeds:threatfox_c2,2026-09-25T16:28:15Z,CLEAR,0.5,c2;threatfox_c2,https://threatfox.abuse.ch/export/csv/recent/
domain,lls-rs.org,text_feeds:threatfox_c2,2023-04-12T09:02:56Z,CLEAR,0.5,c2;threatfox_c2,https://threatfox.abuse.ch/export/csv/recent/
domain,loanfixer.io,text_feeds:threatfox_c2,2026-09-25T16:28:15Z,CLEAR,0.5,c2;threatfox_c2,https://threatfox.abuse.ch/export/csv/recent/
domain,loanhelp.support,text_feeds:threatfox_c2,2022-12-30T19:48:31Z,CLEAR,0.5,c2;threatfox_c2,https://threatfox.abuse.ch/export/csv/recent/
domain,local7.it,text_feeds:threatfox_c2,2026-09-25T16:29:52Z,CLEAR,0.5,c2;threatfox_c2,https://threatfox.abuse.ch/export/csv/recent/
domain,lockedgundisplay.com,text_feeds:threatfox_c2,2026-09-28T16:50:29Z,CLEAR,0.5,c2;threatfox_c2,https://threatfox.abuse.ch/export/csv/recent/
domain,logicbaseinteractive.com,text_feeds:threatfox_c2,2026-09-24T07:36:25Z,CLEAR,0.5,c2;threatfox_c2,https://threatfox.abuse.ch/export/csv/recent/
domain,logicvault.icu,text_feeds:threatfox_c2,2026-04-08T22:07:20Z,CLEAR,0.5,c2;threatfox_c2,https://threatfox.abuse.ch/export/csv/recent/
domain,logreeks.com,text_feeds:threatfox_c2,2026-09-25T16:29:52Z,CLEAR,0.5,c2;threatfox_c2,https://threatfox.abuse.ch/export/csv/recent/
domain,lolutow.com,text_feeds:threatfox_c2,2022-12-30T19:48:21Z,CLEAR,0.5,c2;threatfox_c2,https://threatfox.abuse.ch/export/csv/recent/
domain,londopas.com,text_feeds:threatfox_c2,2024-06-30T21:00:04Z,CLEAR,0.5,c2;threatfox_c2,https://threatfox.abuse.ch/export/csv/recent/
domain,longslimpi.life,text_feeds:threatfox_c2,2026-09-13T12:09:11Z,CLEAR,0.5,c2;threatfox_c2,https://threatfox.abuse.ch/export/csv/recent/
domain,lordsexchange.live,text_feeds:threatfox_c2,2026-09-24T07:36:25Z,CLEAR,0.5,c2;threatfox_c2,https://threatfox.abuse.ch/export/csv/recent/
domain,loredanadinapoli.com,text_feeds:threatfox_c2,2026-09-25T16:06:55Z,CLEAR,0.5,c2;threatfox_c2,https://threatfox.abuse.ch/export/csv/recent/
domain,louvree.abudhabe.info,text_feeds:threatfox_c2,2023-03-28T15:52:23Z,CLEAR,0.5,c2;threatfox_c2,https://threatfox.abuse.ch/export/csv/recent/
domain,lppi.it,text_feeds:threatfox_c2,2026-09-25T16:06:55Z,CLEAR,0.5,c2;threatfox_c2,https://threatfox.abuse.ch/export/csv/recent/
domain,lufyzy.workers.dev,text_feeds:threatfox_c2,2026-09-29T16:35:59Z,CLEAR,0.5,c2;threatfox_c2,https://threatfox.abuse.ch/export/csv/recent/
domain,luigimessina.com,text_feeds:threatfox_c2,2026-09-24T07:36:25Z,CLEAR,0.5,c2;threatfox_c2,https://threatfox.abuse.ch/export/csv/recent/
domain,lumenophoto.com,text_feeds:threatfox_c2,2026-09-25T16:29:52Z,CLEAR,0.5,c2;threatfox_c2,https://threatfox.abuse.ch/export/csv/recent/
domain,lumiglas.co.za,text_feeds:threatfox_c2,2026-09-25T16:06:55Z,CLEAR,0.5,c2;threatfox_c2,https://threatfox.abuse.ch/export/csv/recent/
domain,lusiko.workers.dev,text_feeds:threatfox_c2,2026-09-28T09:11:26Z,CLEAR,0.5,c2;threatfox_c2,https://threatfox.abuse.ch/export/csv/recent/
domain,lustkliondruara.space,text_feeds:threatfox_c2,2026-09-29T10:49:09Z,CLEAR,0.5,c2;threatfox_c2,https://threatfox.abuse.ch/export/csv/recent/
domain,lute.bowlinggreenwinnelsonco.com,text_feeds:threatfox_c2,2026-09-28T06:09:03Z,CLEAR,0.5,c2;threatfox_c2,https://threatfox.abuse.ch/export/csv/recent/
domain,luvxcide.duckdns.org,text_feeds:threatfox_c2,2026-01-29T12:09:03Z,CLEAR,0.5,c2;threatfox_c2,https://threatfox.abuse.ch/export/csv/recent/
domain,lvt-immo.de,text_feeds:threatfox_c2,2026-09-24T07:36:25Z,CLEAR,0.5,c2;threatfox_c2,https://threatfox.abuse.ch/export/csv/recent/
domain,lycongaslift.com,text_feeds:threatfox_c2,2026-07-26T20:17:58Z,CLEAR,0.5,c2;threatfox_c2,https://threatfox.abuse.ch/export/csv/recent/
domain,lydigital.com.br,text_feeds:threatfox_c2,2026-09-13T12:10:16Z,CLEAR,0.5,c2;threatfox_c2,https://threatfox.abuse.ch/export/csv/recent/
domain,lyuhconsulting.com,text_feeds:threatfox_c2,2026-09-25T16:29:52Z,CLEAR,0.5,c2;threatfox_c2,https://threatfox.abuse.ch/export/csv/recent/
domain,lz4.tiktok123.life,text_feeds:threatfox_c2,2024-01-15T16:27:00Z,CLEAR,0.5,c2;threatfox_c2,https://threatfox.abuse.ch/export/csv/recent/
domain,m7r4r2i2.stackpathcdn.com,text_feeds:threatfox_c2,2022-12-30T19:48:50Z,CLEAR,0.5,c2;threatfox_c2,https://threatfox.abuse.ch/export/csv/recent/
domain,maboloud.com,text_feeds:threatfox_c2,2023-04-22T18:00:03Z,CLEAR,0.5,c2;threatfox_c2,https://threatfox.abuse.ch/export/csv/recent/
domain,mabuyi.co.za,text_feeds:threatfox_c2,2026-09-02T20:53:10Z,CLEAR,0.5,c2;threatfox_c2,https://threatfox.abuse.ch/export/csv/recent/
domain,machinox.in,text_feeds:threatfox_c2,2026-09-29T12:51:29Z,CLEAR,0.5,c2;threatfox_c2,https://threatfox.abuse.ch/export/csv/recent/
domain,machonediting.com,text_feeds:threatfox_c2,2026-09-25T16:06:56Z,CLEAR,0.5,c2;threatfox_c2,https://threatfox.abuse.ch/export/csv/recent/
domain,madmonkeyscompany.com,text_feeds:threatfox_c2,2026-09-25T16:29:52Z,CLEAR,0.5,c2;threatfox_c2,https://threatfox.abuse.ch/export/csv/recent/
domain,maelootp.com,text_feeds:threatfox_c2,2025-10-23T16:48:58Z,CLEAR,0.5,c2;threatfox_c2,https://threatfox.abuse.ch/export/csv/recent/
domain,magellanfit.com,text_feeds:threatfox_c2,2022-12-30T19:48:04Z,CLEAR,0.5,c2;threatfox_c2,https://threatfox.abuse.ch/export/csv/recent/
domain,magicmarkconsulting.com,text_feeds:threatfox_c2,2026-09-24T07:36:26Z,CLEAR,0.5,c2;threatfox_c2,https://threatfox.abuse.ch/export/csv/recent/
domain,magicmemoirstravel.com,text_feeds:threatfox_c2,2026-09-29T12:51:29Z,CLEAR,0.5,c2;threatfox_c2,https://threatfox.abuse.ch/export/csv/recent/
domain,maginationimages.com,text_feeds:threatfox_c2,2026-09-25T16:06:56Z,CLEAR,0.5,c2;threatfox_c2,https://threatfox.abuse.ch/export/csv/recent/
domain,mahasakthiyagam.com,text_feeds:threatfox_c2,2026-09-25T16:06:56Z,CLEAR,0.5,c2;threatfox_c2,https://threatfox.abuse.ch/export/csv/recent/
domain,mahindraconstruction.co.za,text_feeds:threatfox_c2,2026-09-24T07:36:26Z,CLEAR,0.5,c2;threatfox_c2,https://threatfox.abuse.ch/export/csv/recent/
domain,maiflamingo.co.za,text_feeds:threatfox_c2,2026-09-25T16:28:15Z,CLEAR,0.5,c2;threatfox_c2,https://threatfox.abuse.ch/export/csv/recent/
domain,mail-my-account.com,text_feeds:threatfox_c2,2023-03-20T17:21:02Z,CLEAR,0.5,c2;threatfox_c2,https://threatfox.abuse.ch/export/csv/recent/
domain,maison-communication-digitale.fr,text_feeds:threatfox_c2,2026-09-25T16:28:15Z,CLEAR,0.5,c2;threatfox_c2,https://threatfox.abuse.ch/export/csv/recent/
domain,makefitme.in,text_feeds:threatfox_c2,2026-09-25T16:29:52Z,CLEAR,0.5,c2;threatfox_c2,https://threatfox.abuse.ch/export/csv/recent/
domain,malditopiano.com,text_feeds:threatfox_c2,2026-09-25T16:06:56Z,CLEAR,0.5,c2;threatfox_c2,https://threatfox.abuse.ch/export/csv/recent/
domain,malrok.com,text_feeds:threatfox_c2,2022-06-26T10:56:32Z,CLEAR,0.5,c2;threatfox_c2,https://threatfox.abuse.ch/export/csv/recent/
domain,mamaandthedoc.com.au,text_feeds:threatfox_c2,2026-09-25T16:06:56Z,CLEAR,0.5,c2;threatfox_c2,https://threatfox.abuse.ch/export/csv/recent/
domain,manager.moonlighter.space,text_feeds:threatfox_c2,2023-11-22T20:04:08Z,CLEAR,0.5,c2;threatfox_c2,https://threatfox.abuse.ch/export/csv/recent/
domain,manaraterbiliraqi.com,text_feeds:threatfox_c2,2026-09-25T16:28:15Z,CLEAR,0.5,c2;threatfox_c2,https://threatfox.abuse.ch/export/csv/recent/
domain,manchester1.site,text_feeds:threatfox_c2,2026-09-28T04:15:55Z,CLEAR,0.5,c2;threatfox_c2,https://threatfox.abuse.ch/export/csv/recent/
domain,manchesterchauffeurs.com,text_feeds:threatfox_c2,2026-09-28T05:22:12Z,CLEAR,0.5,c2;threatfox_c2,https://threatfox.abuse.ch/export/csv/recent/
domain,manikyahomestay.com,text_feeds:threatfox_c2,2026-09-24T07:36:26Z,CLEAR,0.5,c2;threatfox_c2,https://threatfox.abuse.ch/export/csv/recent/
domain,manini.fr,text_feeds:threatfox_c2,2026-09-25T16:06:56Z,CLEAR,0.5,c2;threatfox_c2,https://threatfox.abuse.ch/export/csv/recent/
domain,mantenimientodesfibriladores.com,text_feeds:threatfox_c2,2026-09-24T07:36:26Z,CLEAR,0.5,c2;threatfox_c2,https://threatfox.abuse.ch/export/csv/recent/
domain,manumetal.cl,text_feeds:threatfox_c2,2026-09-25T16:29:52Z,CLEAR,0.5,c2;threatfox_c2,https://threatfox.abuse.ch/export/csv/recent/
domain,manzl.org,text_feeds:threatfox_c2,2026-09-25T16:28:15Z,CLEAR,0.5,c2;threatfox_c2,https://threatfox.abuse.ch/export/csv/recent/
domain,mapenjoyrooms.com,text_feeds:threatfox_c2,2026-09-25T16:06:56Z,CLEAR,0.5,c2;threatfox_c2,https://threatfox.abuse.ch/export/csv/recent/
domain,mapleridgefarm.ca,text_feeds:threatfox_c2,2026-09-24T07:36:26Z,CLEAR,0.5,c2;threatfox_c2,https://threatfox.abuse.ch/export/csv/recent/
domain,marcela-beran.de,text_feeds:threatfox_c2,2026-09-10T17:24:13Z,CLEAR,0.5,c2;threatfox_c2,https://threatfox.abuse.ch/export/csv/recent/
domain,marcrocadesign.com,text_feeds:threatfox_c2,2026-09-25T16:28:15Z,CLEAR,0.5,c2;threatfox_c2,https://threatfox.abuse.ch/export/csv/recent/
domain,marcusydg.org,text_feeds:threatfox_c2,2026-09-25T16:29:52Z,CLEAR,0.5,c2;threatfox_c2,https://threatfox.abuse.ch/export/csv/recent/
domain,mariacristinadisavoia.it,text_feeds:threatfox_c2,2026-09-24T07:36:26Z,CLEAR,0.5,c2;threatfox_c2,https://threatfox.abuse.ch/export/csv/recent/
domain,mariaisabelpino.com,text_feeds:threatfox_c2,2026-09-25T16:06:57Z,CLEAR,0.5,c2;threatfox_c2,https://threatfox.abuse.ch/export/csv/recent/
domain,marianathomeadv.com.br,text_feeds:threatfox_c2,2026-09-24T07:36:26Z,CLEAR,0.5,c2;threatfox_c2,https://threatfox.abuse.ch/export/csv/recent/
domain,marianhilltour.com,text_feeds:threatfox_c2,2026-09-24T07:36:26Z,CLEAR,0.5,c2;threatfox_c2,https://threatfox.abuse.ch/export/csv/recent/
domain,marinamercantilemediterranea.it,text_feeds:threatfox_c2,2026-09-25T16:28:15Z,CLEAR,0.5,c2;threatfox_c2,https://threatfox.abuse.ch/export/csv/recent/
domain,marinoalfani.com,text_feeds:threatfox_c2,2026-09-24T07:36:26Z,CLEAR,0.5,c2;threatfox_c2,https://threatfox.abuse.ch/export/csv/recent/
domain,marjanvanlier.nl,text_feeds:threatfox_c2,2026-09-25T16:06:57Z,CLEAR,0.5,c2;threatfox_c2,https://threatfox.abuse.ch/export/csv/recent/
domain,market-stats.com,text_feeds:threatfox_c2,2022-12-30T19:48:44Z,CLEAR,0.5,c2;threatfox_c2,https://threatfox.abuse.ch/export/csv/recent/
domain,maro-plomberie-couverture.fr,text_feeds:threatfox_c2,2026-09-24T07:36:26Z,CLEAR,0.5,c2;threatfox_c2,https://threatfox.abuse.ch/export/csv/recent/
domain,marquecreative.com,text_feeds:threatfox_c2,2026-09-25T16:06:57Z,CLEAR,0.5,c2;threatfox_c2,https://threatfox.abuse.ch/export/csv/recent/
domain,marrutiinternational.com,text_feeds:threatfox_c2,2026-09-25T16:28:16Z,CLEAR,0.5,c2;threatfox_c2,https://threatfox.abuse.ch/export/csv/recent/
domain,mars303.com,text_feeds:threatfox_c2,2026-09-28T02:14:52Z,CLEAR,0.5,c2;threatfox_c2,https://threatfox.abuse.ch/export/csv/recent/
domain,marunda.sg,text_feeds:threatfox_c2,2026-09-29T12:51:29Z,CLEAR,0.5,c2;threatfox_c2,https://threatfox.abuse.ch/export/csv/recent/
domain,marvil.info,text_feeds:threatfox_c2,2026-09-25T16:28:16Z,CLEAR,0.5,c2;threatfox_c2,https://threatfox.abuse.ch/export/csv/recent/
domain,marxist.se,text_feeds:threatfox_c2,2026-09-28T18:19:30Z,CLEAR,0.5,c2;threatfox_c2,https://threatfox.abuse.ch/export/csv/recent/
domain,masadvocates.com,text_feeds:threatfox_c2,2026-09-25T16:06:57Z,CLEAR,0.5,c2;threatfox_c2,https://threatfox.abuse.ch/export/csv/recent/
domain,masjidnoorluton.com,text_feeds:threatfox_c2,2026-09-24T07:36:26Z,CLEAR,0.5,c2;threatfox_c2,https://threatfox.abuse.ch/export/csv/recent/
domain,masoqula.workers.dev,text_feeds:threatfox_c2,2026-09-28T13:15:50Z,CLEAR,0.5,c2;threatfox_c2,https://threatfox.abuse.ch/export/csv/recent/
domain,masslifegrouponline.com,text_feeds:threatfox_c2,2026-09-29T12:51:29Z,CLEAR,0.5,c2;threatfox_c2,https://threatfox.abuse.ch/export/csv/recent/
domain,masterclassforthefuture.it,text_feeds:threatfox_c2,2026-09-24T07:36:26Z,CLEAR,0.5,c2;threatfox_c2,https://threatfox.abuse.ch/export/csv/recent/
domain,masterobotics.com,text_feeds:threatfox_c2,2026-09-24T07:36:26Z,CLEAR,0.5,c2;threatfox_c2,https://threatfox.abuse.ch/export/csv/recent/
domain,masterofservingeventstaffing.com,text_feeds:threatfox_c2,2026-09-24T07:36:27Z,CLEAR,0.5,c2;threatfox_c2,https://threatfox.abuse.ch/export/csv/recent/
domain,mat-part.pl,text_feeds:threatfox_c2,2026-09-17T11:19:52Z,CLEAR,0.5,c2;threatfox_c2,https://threatfox.abuse.ch/export/csv/recent/
domain,matadaren.se,text_feeds:threatfox_c2,2026-09-25T16:29:52Z,CLEAR,0.5,c2;threatfox_c2,https://threatfox.abuse.ch/export/csv/recent/
domain,matanot-halev.org,text_feeds:threatfox_c2,2026-09-24T07:36:27Z,CLEAR,0.5,c2;threatfox_c2,https://threatfox.abuse.ch/export/csv/recent/
domain,matchwecan.com,text_feeds:threatfox_c2,2026-09-24T07:36:27Z,CLEAR,0.5,c2;threatfox_c2,https://threatfox.abuse.ch/export/csv/recent/
domain,matong.buzz,text_feeds:threatfox_c2,2023-04-22T18:00:03Z,CLEAR,0.5,c2;threatfox_c2,https://threatfox.abuse.ch/export/csv/recent/
domain,mattolds.com,text_feeds:threatfox_c2,2026-09-24T07:36:27Z,CLEAR,0.5,c2;threatfox_c2,https://threatfox.abuse.ch/export/csv/recent/
domain,mauricekerrigan.com,text_feeds:threatfox_c2,2026-09-25T16:06:58Z,CLEAR,0.5,c2;threatfox_c2,https://threatfox.abuse.ch/export/csv/recent/
domain,maximumservers.net,text_feeds:threatfox_c2,2022-12-30T19:48:12Z,CLEAR,0.5,c2;threatfox_c2,https://threatfox.abuse.ch/export/csv/recent/
domain,mayurbhanjtour.com,text_feeds:threatfox_c2,2026-09-25T16:28:16Z,CLEAR,0.5,c2;threatfox_c2,https://threatfox.abuse.ch/export/csv/recent/
domain,mazimai.com,text_feeds:threatfox_c2,2026-09-25T16:06:58Z,CLEAR,0.5,c2;threatfox_c2,https://threatfox.abuse.ch/export/csv/recent/
domain,mcandauprocuradora.com,text_feeds:threatfox_c2,2026-09-24T07:36:27Z,CLEAR,0.5,c2;threatfox_c2,https://threatfox.abuse.ch/export/csv/recent/
domain,mcthr.org,text_feeds:threatfox_c2,2026-09-29T12:51:29Z,CLEAR,0.5,c2;threatfox_c2,https://threatfox.abuse.ch/export/csv/recent/
domain,meblokar.com,text_feeds:threatfox_c2,2026-09-24T07:36:27Z,CLEAR,0.5,c2;threatfox_c2,https://threatfox.abuse.ch/export/csv/recent/
domain,medellin202156.duckdns.org,text_feeds:threatfox_c2,2026-09-29T08:35:30Z,CLEAR,0.5,c2;threatfox_c2,https://threatfox.abuse.ch/export/csv/recent/
domain,mediabrandz.com,text_feeds:threatfox_c2,2026-09-24T07:36:27Z,CLEAR,0.5,c2;threatfox_c2,https://threatfox.abuse.ch/export/csv/recent/
domain,medlifeurgentcare.us,text_feeds:threatfox_c2,2026-09-24T07:36:27Z,CLEAR,0.5,c2;threatfox_c2,https://threatfox.abuse.ch/export/csv/recent/
domain,medprobillers.com,text_feeds:threatfox_c2,2026-09-24T07:36:27Z,CLEAR,0.5,c2;threatfox_c2,https://threatfox.abuse.ch/export/csv/recent/
domain,medukation.com,text_feeds:threatfox_c2,2026-09-24T07:36:27Z,CLEAR,0.5,c2;threatfox_c2,https://threatfox.abuse.ch/export/csv/recent/
domain,medyk-zlotow.pl,text_feeds:threatfox_c2,2026-09-24T07:36:27Z,CLEAR,0.5,c2;threatfox_c2,https://threatfox.abuse.ch/export/csv/recent/
domain,megapari2023.com,text_feeds:threatfox_c2,2026-09-28T05:27:14Z,CLEAR,0.5,c2;threatfox_c2,https://threatfox.abuse.ch/export/csv/recent/
domain,megawecare.com.bd,text_feeds:threatfox_c2,2026-09-25T16:06:58Z,CLEAR,0.5,c2;threatfox_c2,https://threatfox.abuse.ch/export/csv/recent/
domain,megumin.tech,text_feeds:threatfox_c2,2022-12-30T19:48:31Z,CLEAR,0.5,c2;threatfox_c2,https://threatfox.abuse.ch/export/csv/recent/
domain,meilaile.com,text_feeds:threatfox_c2,2026-09-25T16:06:58Z,CLEAR,0.5,c2;threatfox_c2,https://threatfox.abuse.ch/export/csv/recent/
domain,melbettr.co,text_feeds:threatfox_c2,2026-09-28T00:13:50Z,CLEAR,0.5,c2;threatfox_c2,https://threatfox.abuse.ch/export/csv/recent/
domain,meleaca.eu,text_feeds:threatfox_c2,2026-09-25T16:06:58Z,CLEAR,0.5,c2;threatfox_c2,https://threatfox.abuse.ch/export/csv/recent/
domain,melnoxy.de,text_feeds:threatfox_c2,2026-09-24T07:36:27Z,CLEAR,0.5,c2;threatfox_c2,https://threatfox.abuse.ch/export/csv/recent/
domain,melodysantiquemporium.com,text_feeds:threatfox_c2,2026-09-25T16:28:16Z,CLEAR,0.5,c2;threatfox_c2,https://threatfox.abuse.ch/export/csv/recent/
domain,mendillo.info,text_feeds:threatfox_c2,2026-09-24T07:36:28Z,CLEAR,0.5,c2;threatfox_c2,https://threatfox.abuse.ch/export/csv/recent/
domain,mendingheartsformason.com,text_feeds:threatfox_c2,2026-09-29T12:51:29Z,CLEAR,0.5,c2;threatfox_c2,https://threatfox.abuse.ch/export/csv/recent/
domain,mentorflix.com.br,text_feeds:threatfox_c2,2026-09-25T16:06:58Z,CLEAR,0.5,c2;threatfox_c2,https://threatfox.abuse.ch/export/csv/recent/
domain,merakibakery.it,text_feeds:threatfox_c2,2026-09-25T16:06:58Z,CLEAR,0.5,c2;threatfox_c2,https://threatfox.abuse.ch/export/csv/recent/
domain,merakiimmigration.com,text_feeds:threatfox_c2,2026-09-29T12:51:29Z,CLEAR,0.5,c2;threatfox_c2,https://threatfox.abuse.ch/export/csv/recent/
domain,meritphilips.fans,text_feeds:threatfox_c2,2026-09-22T13:47:44Z,CLEAR,0.5,c2;threatfox_c2,https://threatfox.abuse.ch/export/csv/recent/
domain,merlinssolutions.com,text_feeds:threatfox_c2,2026-09-25T16:28:16Z,CLEAR,0.5,c2;threatfox_c2,https://threatfox.abuse.ch/export/csv/recent/
domain,mes-aides-solaires.fr,text_feeds:threatfox_c2,2026-09-25T16:29:53Z,CLEAR,0.5,c2;threatfox_c2,https://threatfox.abuse.ch/export/csv/recent/
domain,mesa-zaimmuen.life,text_feeds:threatfox_c2,2026-09-25T17:28:13Z,CLEAR,0.5,c2;threatfox_c2,https://threatfox.abuse.ch/export/csv/recent/
domain,mesones-sacristia.com,text_feeds:threatfox_c2,2026-09-25T16:29:53Z,CLEAR,0.5,c2;threatfox_c2,https://threatfox.abuse.ch/export/csv/recent/
domain,mestresdasacada.com.br,text_feeds:threatfox_c2,2026-09-24T07:36:28Z,CLEAR,0.5,c2;threatfox_c2,https://threatfox.abuse.ch/export/csv/recent/
domain,meta-mind.uk,text_feeds:threatfox_c2,2026-09-24T07:36:28Z,CLEAR,0.5,c2;threatfox_c2,https://threatfox.abuse.ch/export/csv/recent/
domain,metab2b.fr,text_feeds:threatfox_c2,2026-09-25T16:06:58Z,CLEAR,0.5,c2;threatfox_c2,https://threatfox.abuse.ch/export/csv/recent/
domain,metadata-fetcher.vg,text_feeds:threatfox_c2,2026-09-29T06:36:50Z,CLEAR,0.5,c2;threatfox_c2,https://threatfox.abuse.ch/export/csv/recent/
domain,metalkost.com,text_feeds:threatfox_c2,2022-12-30T19:48:50Z,CLEAR,0.5,c2;threatfox_c2,https://threatfox.abuse.ch/export/csv/recent/
domain,meteordatastream.lol,text_feeds:threatfox_c2,2026-09-29T07:14:08Z,CLEAR,0.5,c2;threatfox_c2,https://threatfox.abuse.ch/export/csv/recent/
domain,metessi.it,text_feeds:threatfox_c2,2026-09-24T07:36:28Z,CLEAR,0.5,c2;threatfox_c2,https://threatfox.abuse.ch/export/csv/recent/
domain,metistoys.com,text_feeds:threatfox_c2,2026-09-29T12:51:29Z,CLEAR,0.5,c2;threatfox_c2,https://threatfox.abuse.ch/export/csv/recent/
domain,metricspixel.live,text_feeds:threatfox_c2,2026-02-24T15:14:15Z,CLEAR,0.5,c2;threatfox_c2,https://threatfox.abuse.ch/export/csv/recent/
domain,metrix-getrix.icu,text_feeds:threatfox_c2,2026-08-05T16:20:59Z,CLEAR,0.5,c2;threatfox_c2,https://threatfox.abuse.ch/export/csv/recent/
domain,metro1solutions.com,text_feeds:threatfox_c2,2026-09-25T16:06:59Z,CLEAR,0.5,c2;threatfox_c2,https://threatfox.abuse.ch/export/csv/recent/
domain,mexpertsmarketing.com,text_feeds:threatfox_c2,2026-09-25T16:29:53Z,CLEAR,0.5,c2;threatfox_c2,https://threatfox.abuse.ch/export/csv/recent/
domain,mfcar.com,text_feeds:threatfox_c2,2026-09-25T16:29:53Z,CLEAR,0.5,c2;threatfox_c2,https://threatfox.abuse.ch/export/csv/recent/
domain,mhkzolution.com,text_feeds:threatfox_c2,2026-09-29T12:51:29Z,CLEAR,0.5,c2;threatfox_c2,https://threatfox.abuse.ch/export/csv/recent/
domain,micorsoft.cloud,text_feeds:threatfox_c2,2022-12-30T19:48:49Z,CLEAR,0.5,c2;threatfox_c2,https://threatfox.abuse.ch/export/csv/recent/
domain,microcloud.live,text_feeds:threatfox_c2,2022-09-20T16:57:02Z,CLEAR,0.5,c2;threatfox_c2,https://threatfox.abuse.ch/export/csv/recent/
domain,microcloud.pro,text_feeds:threatfox_c2,2022-12-30T19:48:15Z,CLEAR,0.5,c2;threatfox_c2,https://threatfox.abuse.ch/export/csv/recent/
domain,microdozz.com,text_feeds:threatfox_c2,2022-05-19T18:01:57Z,CLEAR,0.5,c2;threatfox_c2,https://threatfox.abuse.ch/export/csv/recent/
domain,microsofer.top,text_feeds:threatfox_c2,2022-12-30T19:48:08Z,CLEAR,0.5,c2;threatfox_c2,https://threatfox.abuse.ch/export/csv/recent/
domain,microsoftupdateassist.net,text_feeds:threatfox_c2,2022-12-30T19:48:50Z,CLEAR,0.5,c2;threatfox_c2,https://threatfox.abuse.ch/export/csv/recent/
domain,microstar.cfd,text_feeds:threatfox_c2,2024-05-11T22:47:08Z,CLEAR,0.5,c2;threatfox_c2,https://threatfox.abuse.ch/export/csv/recent/
domain,miedadfeliz.com,text_feeds:threatfox_c2,2026-09-24T07:36:28Z,CLEAR,0.5,c2;threatfox_c2,https://threatfox.abuse.ch/export/csv/recent/
domain,mieetup.com,text_feeds:threatfox_c2,2026-09-29T12:51:29Z,CLEAR,0.5,c2;threatfox_c2,https://threatfox.abuse.ch/export/csv/recent/
domain,mightyoakadvertising.com,text_feeds:threatfox_c2,2026-09-25T16:29:53Z,CLEAR,0.5,c2;threatfox_c2,https://threatfox.abuse.ch/export/csv/recent/
domain,miguelangelcueto.com,text_feeds:threatfox_c2,2026-09-25T16:06:59Z,CLEAR,0.5,c2;threatfox_c2,https://threatfox.abuse.ch/export/csv/recent/
domain,mikeandersonjubilee.com,text_feeds:threatfox_c2,2026-09-10T20:24:34Z,CLEAR,0.5,c2;threatfox_c2,https://threatfox.abuse.ch/export/csv/recent/
domain,mikhman.com,text_feeds:threatfox_c2,2026-09-25T16:29:53Z,CLEAR,0.5,c2;threatfox_c2,https://threatfox.abuse.ch/export/csv/recent/
domain,milanvar.com,text_feeds:threatfox_c2,2022-01-18T13:51:16Z,CLEAR,0.5,c2;threatfox_c2,https://threatfox.abuse.ch/export/csv/recent/
domain,mingw.icu,text_feeds:threatfox_c2,2022-12-30T19:48:08Z,CLEAR,0.5,c2;threatfox_c2,https://threatfox.abuse.ch/export/csv/recent/
domain,mintsalon.in,text_feeds:threatfox_c2,2026-09-25T16:29:53Z,CLEAR,0.5,c2;threatfox_c2,https://threatfox.abuse.ch/export/csv/recent/
domain,missmovie.lol,text_feeds:threatfox_c2,2025-12-23T02:54:49Z,CLEAR,0.5,c2;threatfox_c2,https://threatfox.abuse.ch/export/csv/recent/
domain,missnikkilane.com,text_feeds:threatfox_c2,2026-09-25T16:06:59Z,CLEAR,0.5,c2;threatfox_c2,https://threatfox.abuse.ch/export/csv/recent/
domain,misty-whirl-beacon-doa.life,text_feeds:threatfox_c2,2026-09-23T22:03:28Z,CLEAR,0.5,c2;threatfox_c2,https://threatfox.abuse.ch/export/csv/recent/
domain,mizu-france.fr,text_feeds:threatfox_c2,2026-09-25T16:06:59Z,CLEAR,0.5,c2;threatfox_c2,https://threatfox.abuse.ch/export/csv/recent/
domain,mjpoints.app,text_feeds:threatfox_c2,2026-09-25T16:28:16Z,CLEAR,0.5,c2;threatfox_c2,https://threatfox.abuse.ch/export/csv/recent/
domain,mkbkygbgwcdc.buzz,text_feeds:threatfox_c2,2023-08-02T10:24:58Z,CLEAR,0.5,c2;threatfox_c2,https://threatfox.abuse.ch/export/csv/recent/
domain,mkgdigital.es,text_feeds:threatfox_c2,2026-09-25T16:06:59Z,CLEAR,0.5,c2;threatfox_c2,https://threatfox.abuse.ch/export/csv/recent/
domain,mmad.org.uk,text_feeds:threatfox_c2,2026-09-24T07:36:28Z,CLEAR,0.5,c2;threatfox_c2,https://threatfox.abuse.ch/export/csv/recent/
domain,mmbtours.com,text_feeds:threatfox_c2,2026-09-27T22:12:29Z,CLEAR,0.5,c2;threatfox_c2,https://threatfox.abuse.ch/export/csv/recent/
domain,mobile-werbelogistik.de,text_feeds:threatfox_c2,2026-09-25T16:07:00Z,CLEAR,0.5,c2;threatfox_c2,https://threatfox.abuse.ch/export/csv/recent/
domain,mobowatch.com,text_feeds:threatfox_c2,2026-09-29T12:51:29Z,CLEAR,0.5,c2;threatfox_c2,https://threatfox.abuse.ch/export/csv/recent/
domain,modeldent.it,text_feeds:threatfox_c2,2026-09-24T07:36:29Z,CLEAR,0.5,c2;threatfox_c2,https://threatfox.abuse.ch/export/csv/recent/
domain,modestorecovery.com,text_feeds:threatfox_c2,2026-09-24T22:56:33Z,CLEAR,0.5,c2;threatfox_c2,https://threatfox.abuse.ch/export/csv/recent/
domain,modulefeedsky.com,text_feeds:threatfox_c2,2026-09-28T06:09:20Z,CLEAR,0.5,c2;threatfox_c2,https://threatfox.abuse.ch/export/csv/recent/
domain,momentumpathway.com,text_feeds:threatfox_c2,2026-09-24T07:36:29Z,CLEAR,0.5,c2;threatfox_c2,https://threatfox.abuse.ch/export/csv/recent/
domain,monicagrassi.it,text_feeds:threatfox_c2,2026-09-24T07:36:29Z,CLEAR,0.5,c2;threatfox_c2,https://threatfox.abuse.ch/export/csv/recent/
domain,monokreatif.com,text_feeds:threatfox_c2,2026-09-17T11:19:52Z,CLEAR,0.5,c2;threatfox_c2,https://threatfox.abuse.ch/export/csv/recent/
domain,monoranjanroy.com,text_feeds:threatfox_c2,2026-09-25T16:07:00Z,CLEAR,0.5,c2;threatfox_c2,https://threatfox.abuse.ch/export/csv/recent/
domain,montagnafutura.com,text_feeds:threatfox_c2,2026-09-24T07:36:29Z,CLEAR,0.5,c2;threatfox_c2,https://threatfox.abuse.ch/export/csv/recent/
domain,montagnaplast.it,text_feeds:threatfox_c2,2026-09-25T16:29:53Z,CLEAR,0.5,c2;threatfox_c2,https://threatfox.abuse.ch/export/csv/recent/
domain,montrosedentalorthostudio.com,text_feeds:threatfox_c2,2026-09-25T16:07:00Z,CLEAR,0.5,c2;threatfox_c2,https://threatfox.abuse.ch/export/csv/recent/
domain,moorenewfies.net,text_feeds:threatfox_c2,2026-09-25T16:29:53Z,CLEAR,0.5,c2;threatfox_c2,https://threatfox.abuse.ch/export/csv/recent/
domain,mortimerisaacs.co.uk,text_feeds:threatfox_c2,2026-09-29T12:51:30Z,CLEAR,0.5,c2;threatfox_c2,https://threatfox.abuse.ch/export/csv/recent/
domain,morzine-lesfleurs.com,text_feeds:threatfox_c2,2026-09-24T07:36:29Z,CLEAR,0.5,c2;threatfox_c2,https://threatfox.abuse.ch/export/csv/recent/
domain,moss-froggaee.space,text_feeds:threatfox_c2,2026-09-14T16:53:24Z,CLEAR,0.5,c2;threatfox_c2,https://threatfox.abuse.ch/export/csv/recent/
domain,mossparlor.com,text_feeds:threatfox_c2,2026-09-27T21:42:07Z,CLEAR,0.5,c2;threatfox_c2,https://threatfox.abuse.ch/export/csv/recent/
domain,mostbett.co,text_feeds:threatfox_c2,2026-09-28T01:16:00Z,CLEAR,0.5,c2;threatfox_c2,https://threatfox.abuse.ch/export/csv/recent/
domain,motorcycleexpeditions.com,text_feeds:threatfox_c2,2026-09-25T16:07:00Z,CLEAR,0.5,c2;threatfox_c2,https://threatfox.abuse.ch/export/csv/recent/
domain,moviegallerys.com,text_feeds:threatfox_c2,2023-03-20T13:36:29Z,CLEAR,0.5,c2;threatfox_c2,https://threatfox.abuse.ch/export/csv/recent/
domain,moyerdesign.com,text_feeds:threatfox_c2,2026-09-25T16:07:01Z,CLEAR,0.5,c2;threatfox_c2,https://threatfox.abuse.ch/export/csv/recent/
domain,mp-director.com,text_feeds:threatfox_c2,2026-09-25T16:28:16Z,CLEAR,0.5,c2;threatfox_c2,https://threatfox.abuse.ch/export/csv/recent/
domain,mp-project.fr,text_feeds:threatfox_c2,2026-08-28T10:52:22Z,CLEAR,0.5,c2;threatfox_c2,https://threatfox.abuse.ch/export/csv/recent/
domain,mpd.pegasus-77.biz.id,text_feeds:threatfox_c2,2026-05-11T23:00:12Z,CLEAR,0.5,c2;threatfox_c2,https://threatfox.abuse.ch/export/csv/recent/
domain,ms-data.online,text_feeds:threatfox_c2,2022-12-30T19:48:26Z,CLEAR,0.5,c2;threatfox_c2,https://threatfox.abuse.ch/export/csv/recent/
domain,msdnsservice.com,text_feeds:threatfox_c2,2022-12-30T19:48:48Z,CLEAR,0.5,c2;threatfox_c2,https://threatfox.abuse.ch/export/csv/recent/
domain,msdnupdate.com,text_feeds:threatfox_c2,2022-08-20T06:53:07Z,CLEAR,0.5,c2;threatfox_c2,https://threatfox.abuse.ch/export/csv/recent/
domain,msdupdate.com,text_feeds:threatfox_c2,2022-08-20T06:53:07Z,CLEAR,0.5,c2;threatfox_c2,https://threatfox.abuse.ch/export/csv/recent/
domain,msisfx.com,text_feeds:threatfox_c2,2022-11-15T06:56:25Z,CLEAR,0.5,c2;threatfox_c2,https://threatfox.abuse.ch/export/csv/recent/
domain,msndla.com,text_feeds:threatfox_c2,2022-11-27T16:10:54Z,CLEAR,0.5,c2;threatfox_c2,https://threatfox.abuse.ch/export/csv/recent/
domain,msoftupdate.com,text_feeds:threatfox_c2,2022-09-29T08:45:45Z,CLEAR,0.5,c2;threatfox_c2,https://threatfox.abuse.ch/export/csv/recent/
domain,msrc-cu.org,text_feeds:threatfox_c2,2026-09-25T16:07:01Z,CLEAR,0.5,c2;threatfox_c2,https://threatfox.abuse.ch/export/csv/recent/
domain,mssecurityinc.com,text_feeds:threatfox_c2,2026-09-27T11:32:55Z,CLEAR,0.5,c2;threatfox_c2,https://threatfox.abuse.ch/export/csv/recent/
domain,mssfr.icu,text_feeds:threatfox_c2,2022-12-30T19:48:29Z,CLEAR,0.5,c2;threatfox_c2,https://threatfox.abuse.ch/export/csv/recent/
domain,msupdater.net,text_feeds:threatfox_c2,2022-12-30T19:48:42Z,CLEAR,0.5,c2;threatfox_c2,https://threatfox.abuse.ch/export/csv/recent/
domain,mubillc.com,text_feeds:threatfox_c2,2026-09-25T16:07:01Z,CLEAR,0.5,c2;threatfox_c2,https://threatfox.abuse.ch/export/csv/recent/
domain,muhaaf.com,text_feeds:threatfox_c2,2026-09-25T16:28:16Z,CLEAR,0.5,c2;threatfox_c2,https://threatfox.abuse.ch/export/csv/recent/
domain,muratortaokulu.com,text_feeds:threatfox_c2,2026-09-25T16:07:01Z,CLEAR,0.5,c2;threatfox_c2,https://threatfox.abuse.ch/export/csv/recent/
domain,murray-nolanberutti.com,text_feeds:threatfox_c2,2026-09-26T16:32:57Z,CLEAR,0.5,c2;threatfox_c2,https://threatfox.abuse.ch/export/csv/recent/
domain,murzementor.com,text_feeds:threatfox_c2,2026-09-25T16:07:01Z,CLEAR,0.5,c2;threatfox_c2,https://threatfox.abuse.ch/export/csv/recent/
domain,musikservice-breuer.de,text_feeds:threatfox_c2,2026-09-24T07:37:09Z,CLEAR,0.5,c2;threatfox_c2,https://threatfox.abuse.ch/export/csv/recent/
domain,mvnetworking.com,text_feeds:threatfox_c2,2022-12-30T19:48:11Z,CLEAR,0.5,c2;threatfox_c2,https://threatfox.abuse.ch/export/csv/recent/
domain,mwg-update.cloud,text_feeds:threatfox_c2,2023-01-18T02:29:29Z,CLEAR,0.5,c2;threatfox_c2,https://threatfox.abuse.ch/export/csv/recent/
domain,mxgiaverapark.com,text_feeds:threatfox_c2,2026-09-24T07:37:10Z,CLEAR,0.5,c2;threatfox_c2,https://threatfox.abuse.ch/export/csv/recent/
domain,my-accounts-gooogle.com,text_feeds:threatfox_c2,2023-03-20T17:21:02Z,CLEAR,0.5,c2;threatfox_c2,https://threatfox.abuse.ch/export/csv/recent/
domain,myaccessgaragedoors.com,text_feeds:threatfox_c2,2026-09-25T16:07:02Z,CLEAR,0.5,c2;threatfox_c2,https://threatfox.abuse.ch/export/csv/recent/
domain,myarcaudio.com,text_feeds:threatfox_c2,2026-09-25T16:28:16Z,CLEAR,0.5,c2;threatfox_c2,https://threatfox.abuse.ch/export/csv/recent/
domain,myinstapage.com,text_feeds:threatfox_c2,2026-09-28T21:51:03Z,CLEAR,0.5,c2;threatfox_c2,https://threatfox.abuse.ch/export/csv/recent/
domain,myitsupport.com.mx,text_feeds:threatfox_c2,2026-09-25T16:29:53Z,CLEAR,0.5,c2;threatfox_c2,https://threatfox.abuse.ch/export/csv/recent/
domain,myjacarandawesthoa.com,text_feeds:threatfox_c2,2026-09-25T16:28:16Z,CLEAR,0.5,c2;threatfox_c2,https://threatfox.abuse.ch/export/csv/recent/
domain,myjqueryss.com,text_feeds:threatfox_c2,2023-01-20T14:21:02Z,CLEAR,0.5,c2;threatfox_c2,https://threatfox.abuse.ch/export/csv/recent/
domain,mysqlserver.org,text_feeds:threatfox_c2,2022-10-13T19:32:23Z,CLEAR,0.5,c2;threatfox_c2,https://threatfox.abuse.ch/export/csv/recent/
domain,n1.google-analytcis.com,text_feeds:threatfox_c2,2025-08-29T22:49:03Z,CLEAR,0.5,c2;threatfox_c2,https://threatfox.abuse.ch/export/csv/recent/
domain,n2.google-analytcis.com,text_feeds:threatfox_c2,2025-08-29T22:49:03Z,CLEAR,0.5,c2;threatfox_c2,https://threatfox.abuse.ch/export/csv/recent/
domain,n3.google-analytcis.com,text_feeds:threatfox_c2,2025-08-29T22:49:03Z,CLEAR,0.5,c2;threatfox_c2,https://threatfox.abuse.ch/export/csv/recent/
domain,naboafrica.com,text_feeds:threatfox_c2,2026-09-29T12:51:30Z,CLEAR,0.5,c2;threatfox_c2,https://threatfox.abuse.ch/export/csv/recent/
domain,nachoperello.com,text_feeds:threatfox_c2,2026-09-29T12:51:30Z,CLEAR,0.5,c2;threatfox_c2,https://threatfox.abuse.ch/export/csv/recent/
domain,naff-fgema.com,text_feeds:threatfox_c2,2026-09-29T07:25:43Z,CLEAR,0.5,c2;threatfox_c2,https://threatfox.abuse.ch/export/csv/recent/
domain,nahalceram.com,text_feeds:threatfox_c2,2026-09-29T12:51:30Z,CLEAR,0.5,c2;threatfox_c2,https://threatfox.abuse.ch/export/csv/recent/
domain,nakit-yok.org,text_feeds:threatfox_c2,2024-06-16T14:42:03Z,CLEAR,0.5,c2;threatfox_c2,https://threatfox.abuse.ch/export/csv/recent/
domain,narodoboronprom.org,text_feeds:threatfox_c2,2026-09-25T16:28:16Z,CLEAR,0.5,c2;threatfox_c2,https://threatfox.abuse.ch/export/csv/recent/
domain,nashpatiprime.com,text_feeds:threatfox_c2,2026-09-25T16:28:16Z,CLEAR,0.5,c2;threatfox_c2,https://threatfox.abuse.ch/export/csv/recent/
domain,nathanhr.services,text_feeds:threatfox_c2,2024-06-16T14:42:03Z,CLEAR,0.5,c2;threatfox_c2,https://threatfox.abuse.ch/export/csv/recent/
domain,natinformal.workers.dev,text_feeds:threatfox_c2,2026-09-29T06:53:53Z,CLEAR,0.5,c2;threatfox_c2,https://threatfox.abuse.ch/export/csv/recent/
domain,natmed.id,text_feeds:threatfox_c2,2026-09-25T16:07:04Z,CLEAR,0.5,c2;threatfox_c2,https://threatfox.abuse.ch/export/csv/recent/
domain,naturabizia.com,text_feeds:threatfox_c2,2026-09-25T16:07:04Z,CLEAR,0.5,c2;threatfox_c2,https://threatfox.abuse.ch/export/csv/recent/
domain,naturehomefarms.com,text_feeds:threatfox_c2,2026-09-25T16:28:16Z,CLEAR,0.5,c2;threatfox_c2,https://threatfox.abuse.ch/export/csv/recent/
domain,natureragroup.online,text_feeds:threatfox_c2,2026-09-25T16:07:04Z,CLEAR,0.5,c2;threatfox_c2,https://threatfox.abuse.ch/export/csv/recent/
domain,naturfotografie-roman-vitt.de,text_feeds:threatfox_c2,2026-09-13T12:10:16Z,CLEAR,0.5,c2;threatfox_c2,https://threatfox.abuse.ch/export/csv/recent/
domain,nautizen.com,text_feeds:threatfox_c2,2026-09-25T16:07:04Z,CLEAR,0.5,c2;threatfox_c2,https://threatfox.abuse.ch/export/csv/recent/
domain,naverhulen.dk,text_feeds:threatfox_c2,2026-09-29T12:51:30Z,CLEAR,0.5,c2;threatfox_c2,https://threatfox.abuse.ch/export/csv/recent/
domain,nazimhikmetakademisi.org,text_feeds:threatfox_c2,2026-09-28T11:49:41Z,CLEAR,0.5,c2;threatfox_c2,https://threatfox.abuse.ch/export/csv/recent/
domain,nbthjm6925.workers.dev,text_feeds:threatfox_c2,2026-09-27T21:36:02Z,CLEAR,0.5,c2;threatfox_c2,https://threatfox.abuse.ch/export/csv/recent/
domain,nebuladatastream.lol,text_feeds:threatfox_c2,2026-09-29T07:14:08Z,CLEAR,0.5,c2;threatfox_c2,https://threatfox.abuse.ch/export/csv/recent/
domain,nebulatraffichub.lol,text_feeds:threatfox_c2,2026-09-29T07:14:08Z,CLEAR,0.5,c2;threatfox_c2,https://threatfox.abuse.ch/export/csv/recent/
domain,nemograbo.cn,text_feeds:threatfox_c2,2026-09-29T12:51:30Z,CLEAR,0.5,c2;threatfox_c2,https://threatfox.abuse.ch/export/csv/recent/
domain,neoport.com.br,text_feeds:threatfox_c2,2026-09-29T12:51:30Z,CLEAR,0.5,c2;threatfox_c2,https://threatfox.abuse.ch/export/csv/recent/
domain,net-sync-cache.md,text_feeds:threatfox_c2,2026-09-29T06:36:50Z,CLEAR,0.5,c2;threatfox_c2,https://threatfox.abuse.ch/export/csv/recent/
domain,networkness.com,text_feeds:threatfox_c2,2026-09-12T03:47:11Z,CLEAR,0.5,c2;threatfox_c2,https://threatfox.abuse.ch/export/csv/recent/
domain,neurotao.ie,text_feeds:threatfox_c2,2026-09-29T12:51:30Z,CLEAR,0.5,c2;threatfox_c2,https://threatfox.abuse.ch/export/csv/recent/
domain,nevertiredflowers.lol,text_feeds:threatfox_c2,2026-09-28T19:49:36Z,CLEAR,0.5,c2;threatfox_c2,https://threatfox.abuse.ch/export/csv/recent/
domain,nevisamag.ir,text_feeds:threatfox_c2,2026-09-25T16:07:05Z,CLEAR,0.5,c2;threatfox_c2,https://threatfox.abuse.ch/export/csv/recent/
domain,newcanaanpreservationalliance.org,text_feeds:threatfox_c2,2026-09-29T12:51:30Z,CLEAR,0.5,c2;threatfox_c2,https://threatfox.abuse.ch/export/csv/recent/
domain,newkinetixcorp.com,text_feeds:threatfox_c2,2026-09-25T16:29:53Z,CLEAR,0.5,c2;threatfox_c2,https://threatfox.abuse.ch/export/csv/recent/
domain,newlifellc.org,text_feeds:threatfox_c2,2026-09-25T16:28:16Z,CLEAR,0.5,c2;threatfox_c2,https://threatfox.abuse.ch/export/csv/recent/
domain,newmgiti.com,text_feeds:threatfox_c2,2026-09-24T07:37:10Z,CLEAR,0.5,c2;threatfox_c2,https://threatfox.abuse.ch/export/csv/recent/
domain,newproductevents.com,text_feeds:threatfox_c2,2026-09-29T12:51:30Z,CLEAR,0.5,c2;threatfox_c2,https://threatfox.abuse.ch/export/csv/recent/
domain,newsigarettaelettronica.it,text_feeds:threatfox_c2,2026-09-25T16:28:16Z,CLEAR,0.5,c2;threatfox_c2,https://threatfox.abuse.ch/export/csv/recent/
domain,newstamagavk.com,text_feeds:threatfox_c2,2022-09-05T19:10:46Z,CLEAR,0.5,c2;threatfox_c2,https://threatfox.abuse.ch/export/csv/recent/
domain,newswatchbharat.com,text_feeds:threatfox_c2,2026-09-25T16:07:05Z,CLEAR,0.5,c2;threatfox_c2,https://threatfox.abuse.ch/export/csv/recent/
domain,newyearbalance.com,text_feeds:threatfox_c2,2022-10-13T21:12:51Z,CLEAR,0.5,c2;threatfox_c2,https://threatfox.abuse.ch/export/csv/recent/
domain,nextfleeteld.com,text_feeds:threatfox_c2,2026-09-25T16:07:05Z,CLEAR,0.5,c2;threatfox_c2,https://threatfox.abuse.ch/export/csv/recent/
domain,nexus-bridge.to,text_feeds:threatfox_c2,2026-09-29T06:36:50Z,CLEAR,0.5,c2;threatfox_c2,https://threatfox.abuse.ch/export/csv/recent/
domain,nfskin.com,text_feeds:threatfox_c2,2026-09-25T16:07:05Z,CLEAR,0.5,c2;threatfox_c2,https://threatfox.abuse.ch/export/csv/recent/
domain,ng.v-panel.asia,text_feeds:threatfox_c2,2026-09-28T06:09:15Z,CLEAR,0.5,c2;threatfox_c2,https://threatfox.abuse.ch/export/csv/recent/
domain,ngrety.com,text_feeds:threatfox_c2,2022-03-01T07:06:28Z,CLEAR,0.5,c2;threatfox_c2,https://threatfox.abuse.ch/export/csv/recent/
domain,nhdiamond.com,text_feeds:threatfox_c2,2026-09-24T07:37:11Z,CLEAR,0.5,c2;threatfox_c2,https://threatfox.abuse.ch/export/csv/recent/
domain,nicholenguyen.com,text_feeds:threatfox_c2,2026-09-25T16:28:16Z,CLEAR,0.5,c2;threatfox_c2,https://threatfox.abuse.ch/export/csv/recent/
domain,nick-metry.icu,text_feeds:threatfox_c2,2026-08-06T05:45:55Z,CLEAR,0.5,c2;threatfox_c2,https://threatfox.abuse.ch/export/csv/recent/
domain,nienna.de,text_feeds:threatfox_c2,2026-09-29T12:51:30Z,CLEAR,0.5,c2;threatfox_c2,https://threatfox.abuse.ch/export/csv/recent/
domain,niht12.com,text_feeds:threatfox_c2,2022-12-30T19:48:21Z,CLEAR,0.5,c2;threatfox_c2,https://threatfox.abuse.ch/export/csv/recent/
domain,nimatex.com,text_feeds:threatfox_c2,2026-09-25T16:29:53Z,CLEAR,0.5,c2;threatfox_c2,https://threatfox.abuse.ch/export/csv/recent/
domain,ninachica.com,text_feeds:threatfox_c2,2026-09-25T15:45:26Z,CLEAR,0.5,c2;threatfox_c2,https://threatfox.abuse.ch/export/csv/recent/
domain,ninayum.com,text_feeds:threatfox_c2,2026-09-10T18:35:50Z,CLEAR,0.5,c2;threatfox_c2,https://threatfox.abuse.ch/export/csv/recent/
domain,nitrofactory.pe,text_feeds:threatfox_c2,2026-09-07T04:50:59Z,CLEAR,0.5,c2;threatfox_c2,https://threatfox.abuse.ch/export/csv/recent/
domain,nkezefuu.com,text_feeds:threatfox_c2,2026-09-25T16:07:05Z,CLEAR,0.5,c2;threatfox_c2,https://threatfox.abuse.ch/export/csv/recent/
domain,nkrcz65617.workers.dev,text_feeds:threatfox_c2,2026-09-28T17:12:22Z,CLEAR,0.5,c2;threatfox_c2,https://threatfox.abuse.ch/export/csv/recent/
domain,noblextech.com,text_feeds:threatfox_c2,2026-09-25T15:45:26Z,CLEAR,0.5,c2;threatfox_c2,https://threatfox.abuse.ch/export/csv/recent/
domain,nobult.com,text_feeds:threatfox_c2,2026-09-25T16:29:53Z,CLEAR,0.5,c2;threatfox_c2,https://threatfox.abuse.ch/export/csv/recent/
domain,nodarksky.com,text_feeds:threatfox_c2,2026-09-25T16:28:16Z,CLEAR,0.5,c2;threatfox_c2,https://threatfox.abuse.ch/export/csv/recent/
domain,noelcarrelage.fr,text_feeds:threatfox_c2,2026-09-25T16:29:53Z,CLEAR,0.5,c2;threatfox_c2,https://threatfox.abuse.ch/export/csv/recent/
domain,noirouxlaw.com,text_feeds:threatfox_c2,2026-09-25T16:07:05Z,CLEAR,0.5,c2;threatfox_c2,https://threatfox.abuse.ch/export/csv/recent/
domain,nokevohoh.com,text_feeds:threatfox_c2,2022-11-03T12:12:17Z,CLEAR,0.5,c2;threatfox_c2,https://threatfox.abuse.ch/export/csv/recent/
domain,nomadiccarpets.com,text_feeds:threatfox_c2,2026-09-25T16:29:53Z,CLEAR,0.5,c2;threatfox_c2,https://threatfox.abuse.ch/export/csv/recent/
domain,nomannurseryfarm.com,text_feeds:threatfox_c2,2026-09-25T16:07:05Z,CLEAR,0.5,c2;threatfox_c2,https://threatfox.abuse.ch/export/csv/recent/
domain,nomoneynohoney.org,text_feeds:threatfox_c2,2026-09-29T12:26:30Z,CLEAR,0.5,c2;threatfox_c2,https://threatfox.abuse.ch/export/csv/recent/
domain,nongxinyin.xyz,text_feeds:threatfox_c2,2022-12-30T19:48:25Z,CLEAR,0.5,c2;threatfox_c2,https://threatfox.abuse.ch/export/csv/recent/
domain,nonprofitrole.com,text_feeds:threatfox_c2,2026-09-29T08:19:49Z,CLEAR,0.5,c2;threatfox_c2,https://threatfox.abuse.ch/export/csv/recent/
domain,noram.be,text_feeds:threatfox_c2,2026-09-25T15:45:27Z,CLEAR,0.5,c2;threatfox_c2,https://threatfox.abuse.ch/export/csv/recent/
domain,norayasesores.com,text_feeds:threatfox_c2,2026-09-25T15:45:27Z,CLEAR,0.5,c2;threatfox_c2,https://threatfox.abuse.ch/export/csv/recent/
domain,nordicbeehive.se,text_feeds:threatfox_c2,2026-09-24T22:56:33Z,CLEAR,0.5,c2;threatfox_c2,https://threatfox.abuse.ch/export/csv/recent/
domain,nordicqlobal.com,text_feeds:threatfox_c2,2022-12-30T19:48:05Z,CLEAR,0.5,c2;threatfox_c2,https://threatfox.abuse.ch/export/csv/recent/
domain,norkapi41.icu,text_feeds:threatfox_c2,2026-09-14T16:53:24Z,CLEAR,0.5,c2;threatfox_c2,https://threatfox.abuse.ch/export/csv/recent/
domain,norrykilu231.digital,text_feeds:threatfox_c2,2026-09-14T16:53:24Z,CLEAR,0.5,c2;threatfox_c2,https://threatfox.abuse.ch/export/csv/recent/
domain,notaria16medellin.com.co,text_feeds:threatfox_c2,2026-09-25T16:07:05Z,CLEAR,0.5,c2;threatfox_c2,https://threatfox.abuse.ch/export/csv/recent/
domain,nougatine-dz.com,text_feeds:threatfox_c2,2026-09-25T16:07:05Z,CLEAR,0.5,c2;threatfox_c2,https://threatfox.abuse.ch/export/csv/recent/
domain,novadatastream.lol,text_feeds:threatfox_c2,2026-09-29T07:14:08Z,CLEAR,0.5,c2;threatfox_c2,https://threatfox.abuse.ch/export/csv/recent/
domain,novaparada.com,text_feeds:threatfox_c2,2026-09-25T15:45:27Z,CLEAR,0.5,c2;threatfox_c2,https://threatfox.abuse.ch/export/csv/recent/
domain,novatechconnections.com,text_feeds:threatfox_c2,2026-09-25T15:45:27Z,CLEAR,0.5,c2;threatfox_c2,https://threatfox.abuse.ch/export/csv/recent/
domain,nqvqzmq7.enus--bellyflush.com,text_feeds:threatfox_c2,2026-09-27T20:44:15Z,CLEAR,0.5,c2;threatfox_c2,https://threatfox.abuse.ch/export/csv/recent/
domain,ns.1.3.0o0.foo,text_feeds:threatfox_c2,2025-03-01T20:46:51Z,CLEAR,0.5,c2;threatfox_c2,https://threatfox.abuse.ch/export/csv/recent/
domain,ns.1.4.0o0.foo,text_feeds:threatfox_c2,2025-03-01T20:46:51Z,CLEAR,0.5,c2;threatfox_c2,https://threatfox.abuse.ch/export/csv/recent/
domain,ns.emaratalyoum.me,text_feeds:threatfox_c2,2024-01-10T10:50:13Z,CLEAR,0.5,c2;threatfox_c2,https://threatfox.abuse.ch/export/csv/recent/
domain,ns1.akawowfast.com,text_feeds:threatfox_c2,2025-01-10T09:14:20Z,CLEAR,0.5,c2;threatfox_c2,https://threatfox.abuse.ch/export/csv/recent/
domain,ns1.asurances.lu,text_feeds:threatfox_c2,2024-01-11T06:54:21Z,CLEAR,0.5,c2;threatfox_c2,https://threatfox.abuse.ch/export/csv/recent/
domain,ns1.cmbchina.top,text_feeds:threatfox_c2,2025-01-10T09:14:20Z,CLEAR,0.5,c2;threatfox_c2,https://threatfox.abuse.ch/export/csv/recent/
domain,ns1.cryptwechat.com,text_feeds:threatfox_c2,2025-09-22T08:49:35Z,CLEAR,0.5,c2;threatfox_c2,https://threatfox.abuse.ch/export/csv/recent/
domain,ns1.deepsekapi.cn,text_feeds:threatfox_c2,2026-05-27T13:46:00Z,CLEAR,0.5,c2;threatfox_c2,https://threatfox.abuse.ch/export/csv/recent/
domain,ns1.emailmigration.org,text_feeds:threatfox_c2,2024-01-09T14:55:17Z,CLEAR,0.5,c2;threatfox_c2,https://threatfox.abuse.ch/export/csv/recent/
domain,ns1.fiducaire.lu,text_feeds:threatfox_c2,2024-01-11T06:54:21Z,CLEAR,0.5,c2;threatfox_c2,https://threatfox.abuse.ch/export/csv/recent/
domain,ns1.gygiuh.online,text_feeds:threatfox_c2,2025-10-16T22:49:04Z,CLEAR,0.5,c2;threatfox_c2,https://threatfox.abuse.ch/export/csv/recent/
domain,ns1.jocelynhealth.com,text_feeds:threatfox_c2,2024-01-11T06:54:20Z,CLEAR,0.5,c2;threatfox_c2,https://threatfox.abuse.ch/export/csv/recent/
domain,ns1.kcsc.tf,text_feeds:threatfox_c2,2026-09-27T13:46:14Z,CLEAR,0.5,c2;threatfox_c2,https://threatfox.abuse.ch/export/csv/recent/
domain,ns1.microoosoft.com,text_feeds:threatfox_c2,2025-09-02T18:50:42Z,CLEAR,0.5,c2;threatfox_c2,https://threatfox.abuse.ch/export/csv/recent/
domain,ns1.nsebseshop.cloud,text_feeds:threatfox_c2,2025-07-16T22:49:02Z,CLEAR,0.5,c2;threatfox_c2,https://threatfox.abuse.ch/export/csv/recent/
domain,ns2.akawowfast.com,text_feeds:threatfox_c2,2025-01-10T09:14:26Z,CLEAR,0.5,c2;threatfox_c2,https://threatfox.abuse.ch/export/csv/recent/
domain,ns2.cmbchina.top,text_feeds:threatfox_c2,2025-01-10T09:14:27Z,CLEAR,0.5,c2;threatfox_c2,https://threatfox.abuse.ch/export/csv/recent/
domain,ns2.cryptwechat.com,text_feeds:threatfox_c2,2025-09-22T08:49:38Z,CLEAR,0.5,c2;threatfox_c2,https://threatfox.abuse.ch/export/csv/recent/
domain,ns2.kcsc.tf,text_feeds:threatfox_c2,2026-09-27T13:46:14Z,CLEAR,0.5,c2;threatfox_c2,https://threatfox.abuse.ch/export/csv/recent/
domain,ns2.microoosoft.com,text_feeds:threatfox_c2,2025-09-02T18:50:45Z,CLEAR,0.5,c2;threatfox_c2,https://threatfox.abuse.ch/export/csv/recent/
domain,ns2.nsebseshop.cloud,text_feeds:threatfox_c2,2025-07-16T22:49:03Z,CLEAR,0.5,c2;threatfox_c2,https://threatfox.abuse.ch/export/csv/recent/
domain,ns3.akawowfast.com,text_feeds:threatfox_c2,2025-01-10T09:14:30Z,CLEAR,0.5,c2;threatfox_c2,https://threatfox.abuse.ch/export/csv/recent/
domain,ns3.nsebseshop.cloud,text_feeds:threatfox_c2,2025-07-16T22:49:04Z,CLEAR,0.5,c2;threatfox_c2,https://threatfox.abuse.ch/export/csv/recent/
domain,nsfdfdfdf.xyz,text_feeds:threatfox_c2,2022-12-30T19:48:49Z,CLEAR,0.5,c2;threatfox_c2,https://threatfox.abuse.ch/export/csv/recent/
domain,nu.27trans.org,text_feeds:threatfox_c2,2026-09-26T01:05:36Z,CLEAR,0.5,c2;threatfox_c2,https://threatfox.abuse.ch/export/csv/recent/
domain,nu.5-rt.org,text_feeds:threatfox_c2,2026-09-28T14:16:29Z,CLEAR,0.5,c2;threatfox_c2,https://threatfox.abuse.ch/export/csv/recent/
domain,nuesro.com,text_feeds:threatfox_c2,2022-10-23T13:37:35Z,CLEAR,0.5,c2;threatfox_c2,https://threatfox.abuse.ch/export/csv/recent/
domain,numberoneautoparts.com,text_feeds:threatfox_c2,2026-09-25T16:29:53Z,CLEAR,0.5,c2;threatfox_c2,https://threatfox.abuse.ch/export/csv/recent/
domain,nxsimdevelop.com,text_feeds:threatfox_c2,2023-02-02T19:39:18Z,CLEAR,0.5,c2;threatfox_c2,https://threatfox.abuse.ch/export/csv/recent/
domain,nydygu.workers.dev,text_feeds:threatfox_c2,2026-09-29T02:48:34Z,CLEAR,0.5,c2;threatfox_c2,https://threatfox.abuse.ch/export/csv/recent/
domain,nylocorporation.com,text_feeds:threatfox_c2,2026-09-25T16:07:06Z,CLEAR,0.5,c2;threatfox_c2,https://threatfox.abuse.ch/export/csv/recent/
domain,nytenymalagasy.com,text_feeds:threatfox_c2,2026-09-24T07:37:11Z,CLEAR,0.5,c2;threatfox_c2,https://threatfox.abuse.ch/export/csv/recent/
domain,o74y80h4.myinstapage.com,text_feeds:threatfox_c2,2026-09-28T21:54:15Z,CLEAR,0.5,c2;threatfox_c2,https://threatfox.abuse.ch/export/csv/recent/
domain,oaklandabogados.com,text_feeds:threatfox_c2,2026-09-25T16:07:06Z,CLEAR,0.5,c2;threatfox_c2,https://threatfox.abuse.ch/export/csv/recent/
domain,oapi.polysupport.team,text_feeds:threatfox_c2,2026-09-28T06:08:01Z,CLEAR,0.5,c2;threatfox_c2,https://threatfox.abuse.ch/export/csv/recent/
domain,obresvall.com,text_feeds:threatfox_c2,2026-09-25T15:45:27Z,CLEAR,0.5,c2;threatfox_c2,https://threatfox.abuse.ch/export/csv/recent/
domain,observerinfo.com,text_feeds:threatfox_c2,2022-12-30T19:48:32Z,CLEAR,0.5,c2;threatfox_c2,https://threatfox.abuse.ch/export/csv/recent/
domain,ochre-quill-buindbaio.icu,text_feeds:threatfox_c2,2026-09-28T06:00:37Z,CLEAR,0.5,c2;threatfox_c2,https://threatfox.abuse.ch/export/csv/recent/
domain,ocodas.org,text_feeds:threatfox_c2,2026-09-24T07:37:11Z,CLEAR,0.5,c2;threatfox_c2,https://threatfox.abuse.ch/export/csv/recent/
domain,oconeecap.com,text_feeds:threatfox_c2,2026-09-25T16:29:54Z,CLEAR,0.5,c2;threatfox_c2,https://threatfox.abuse.ch/export/csv/recent/
domain,odaragebaudereinigung.de,text_feeds:threatfox_c2,2026-09-29T12:51:30Z,CLEAR,0.5,c2;threatfox_c2,https://threatfox.abuse.ch/export/csv/recent/
domain,odstopdoglow.com,text_feeds:threatfox_c2,2026-09-25T15:45:27Z,CLEAR,0.5,c2;threatfox_c2,https://threatfox.abuse.ch/export/csv/recent/
domain,ofertasya.cl,text_feeds:threatfox_c2,2026-09-25T15:45:27Z,CLEAR,0.5,c2;threatfox_c2,https://threatfox.abuse.ch/export/csv/recent/
domain,office36o.online,text_feeds:threatfox_c2,2023-04-03T07:21:03Z,CLEAR,0.5,c2;threatfox_c2,https://threatfox.abuse.ch/export/csv/recent/
domain,officelearner.net,text_feeds:threatfox_c2,2026-09-25T16:07:06Z,CLEAR,0.5,c2;threatfox_c2,https://threatfox.abuse.ch/export/csv/recent/
domain,ofilopex.com,text_feeds:threatfox_c2,2022-12-30T19:48:25Z,CLEAR,0.5,c2;threatfox_c2,https://threatfox.abuse.ch/export/csv/recent/
domain,oglesbycrane.com,text_feeds:threatfox_c2,2026-09-25T16:07:06Z,CLEAR,0.5,c2;threatfox_c2,https://threatfox.abuse.ch/export/csv/recent/
domain,okava.com,text_feeds:threatfox_c2,2026-09-25T15:45:27Z,CLEAR,0.5,c2;threatfox_c2,https://threatfox.abuse.ch/export/csv/recent/
domain,okjournals.com,text_feeds:threatfox_c2,2026-09-25T16:07:06Z,CLEAR,0.5,c2;threatfox_c2,https://threatfox.abuse.ch/export/csv/recent/
domain,oklahoma-occitania.com,text_feeds:threatfox_c2,2026-09-17T11:19:52Z,CLEAR,0.5,c2;threatfox_c2,https://threatfox.abuse.ch/export/csv/recent/
domain,okulyapionline.com,text_feeds:threatfox_c2,2026-09-25T16:29:54Z,CLEAR,0.5,c2;threatfox_c2,https://threatfox.abuse.ch/export/csv/recent/
domain,oldironsidesfakesph.com,text_feeds:threatfox_c2,2026-09-25T15:45:27Z,CLEAR,0.5,c2;threatfox_c2,https://threatfox.abuse.ch/export/csv/recent/
domain,olieromar.com,text_feeds:threatfox_c2,2026-09-27T21:14:46Z,CLEAR,0.5,c2;threatfox_c2,https://threatfox.abuse.ch/export/csv/recent/
domain,olivefortraining.ie,text_feeds:threatfox_c2,2026-07-26T20:18:00Z,CLEAR,0.5,c2;threatfox_c2,https://threatfox.abuse.ch/export/csv/recent/
domain,oncoredigital.com,text_feeds:threatfox_c2,2026-09-25T16:28:16Z,CLEAR,0.5,c2;threatfox_c2,https://threatfox.abuse.ch/export/csv/recent/
domain,ondoorstep.co.uk,text_feeds:threatfox_c2,2026-09-25T16:07:06Z,CLEAR,0.5,c2;threatfox_c2,https://threatfox.abuse.ch/export/csv/recent/
domain,onelivemusicshop.com,text_feeds:threatfox_c2,2022-12-30T19:48:23Z,CLEAR,0.5,c2;threatfox_c2,https://threatfox.abuse.ch/export/csv/recent/
domain,onemusic24.com,text_feeds:threatfox_c2,2022-12-30T19:48:28Z,CLEAR,0.5,c2;threatfox_c2,https://threatfox.abuse.ch/export/csv/recent/
domain,onemusicllc.com,text_feeds:threatfox_c2,2022-09-05T19:10:47Z,CLEAR,0.5,c2;threatfox_c2,https://threatfox.abuse.ch/export/csv/recent/
domain,onesecondservice.com,text_feeds:threatfox_c2,2022-12-30T19:48:47Z,CLEAR,0.5,c2;threatfox_c2,https://threatfox.abuse.ch/export/csv/recent/
domain,oneshotpressurewashing.com,text_feeds:threatfox_c2,2026-09-25T15:45:28Z,CLEAR,0.5,c2;threatfox_c2,https://threatfox.abuse.ch/export/csv/recent/
domain,onestepstar.com,text_feeds:threatfox_c2,2022-09-05T19:10:47Z,CLEAR,0.5,c2;threatfox_c2,https://threatfox.abuse.ch/export/csv/recent/
domain,onesunday.studio,text_feeds:threatfox_c2,2026-09-26T15:14:28Z,CLEAR,0.5,c2;threatfox_c2,https://threatfox.abuse.ch/export/csv/recent/
domain,onevisioncommunications.com,text_feeds:threatfox_c2,2022-12-30T19:48:27Z,CLEAR,0.5,c2;threatfox_c2,https://threatfox.abuse.ch/export/csv/recent/
domain,onlevelretreats.com,text_feeds:threatfox_c2,2026-09-25T16:28:16Z,CLEAR,0.5,c2;threatfox_c2,https://threatfox.abuse.ch/export/csv/recent/
domain,online.cloudwebpictures.com,text_feeds:threatfox_c2,2022-12-30T19:48:50Z,CLEAR,0.5,c2;threatfox_c2,https://threatfox.abuse.ch/export/csv/recent/
domain,onlinetechdesk.com,text_feeds:threatfox_c2,2023-08-04T11:01:52Z,CLEAR,0.5,c2;threatfox_c2,https://threatfox.abuse.ch/export/csv/recent/
domain,oo8plu3ylw.workers.dev,text_feeds:threatfox_c2,2026-09-28T21:15:10Z,CLEAR,0.5,c2;threatfox_c2,https://threatfox.abuse.ch/export/csv/recent/
domain,open.ntnu.co,text_feeds:threatfox_c2,2026-09-25T15:45:28Z,CLEAR,0.5,c2;threatfox_c2,https://threatfox.abuse.ch/export/csv/recent/
domain,openai-credits.com,text_feeds:threatfox_c2,2026-09-28T18:19:30Z,CLEAR,0.5,c2;threatfox_c2,https://threatfox.abuse.ch/export/csv/recent/
domain,openpothospitality.com,text_feeds:threatfox_c2,2026-09-25T16:07:07Z,CLEAR,0.5,c2;threatfox_c2,https://threatfox.abuse.ch/export/csv/recent/
domain,opentennisfoundation.org.za,text_feeds:threatfox_c2,2026-09-25T16:07:07Z,CLEAR,0.5,c2;threatfox_c2,https://threatfox.abuse.ch/export/csv/recent/
domain,optipix.ca,text_feeds:threatfox_c2,2026-09-26T16:32:58Z,CLEAR,0.5,c2;threatfox_c2,https://threatfox.abuse.ch/export/csv/recent/
domain,opureonline.com,text_feeds:threatfox_c2,2026-09-25T15:45:28Z,CLEAR,0.5,c2;threatfox_c2,https://threatfox.abuse.ch/export/csv/recent/
domain,oracleup.cc,text_feeds:threatfox_c2,2022-12-30T19:48:26Z,CLEAR,0.5,c2;threatfox_c2,https://threatfox.abuse.ch/export/csv/recent/
domain,orange1079fm.com,text_feeds:threatfox_c2,2026-09-25T15:45:28Z,CLEAR,0.5,c2;threatfox_c2,https://threatfox.abuse.ch/export/csv/recent/
domain,orbitflownetwork.lol,text_feeds:threatfox_c2,2026-09-29T07:14:08Z,CLEAR,0.5,c2;threatfox_c2,https://threatfox.abuse.ch/export/csv/recent/
domain,orbitinformatics.com,text_feeds:threatfox_c2,2026-09-24T07:37:12Z,CLEAR,0.5,c2;threatfox_c2,https://threatfox.abuse.ch/export/csv/recent/
domain,orbty.com.br,text_feeds:threatfox_c2,2026-09-25T16:28:17Z,CLEAR,0.5,c2;threatfox_c2,https://threatfox.abuse.ch/export/csv/recent/
domain,orgaanix.com,text_feeds:threatfox_c2,2026-09-24T07:37:12Z,CLEAR,0.5,c2;threatfox_c2,https://threatfox.abuse.ch/export/csv/recent/
domain,oriendahospital.com,text_feeds:threatfox_c2,2026-09-25T16:07:07Z,CLEAR,0.5,c2;threatfox_c2,https://threatfox.abuse.ch/export/csv/recent/
domain,orkids.in,text_feeds:threatfox_c2,2026-09-25T16:07:07Z,CLEAR,0.5,c2;threatfox_c2,https://threatfox.abuse.ch/export/csv/recent/
domain,orlandofilmspecialists.com,text_feeds:threatfox_c2,2026-09-25T16:29:54Z,CLEAR,0.5,c2;threatfox_c2,https://threatfox.abuse.ch/export/csv/recent/
domain,orthodoxok.com,text_feeds:threatfox_c2,2022-12-30T19:48:14Z,CLEAR,0.5,c2;threatfox_c2,https://threatfox.abuse.ch/export/csv/recent/
domain,orycan.com,text_feeds:threatfox_c2,2026-09-25T16:07:08Z,CLEAR,0.5,c2;threatfox_c2,https://threatfox.abuse.ch/export/csv/recent/
domain,oryxfx.org,text_feeds:threatfox_c2,2026-09-25T15:45:28Z,CLEAR,0.5,c2;threatfox_c2,https://threatfox.abuse.ch/export/csv/recent/
domain,osbrb.at,text_feeds:threatfox_c2,2026-09-29T12:51:30Z,CLEAR,0.5,c2;threatfox_c2,https://threatfox.abuse.ch/export/csv/recent/
domain,osezadelaide.com,text_feeds:threatfox_c2,2026-09-25T15:45:28Z,CLEAR,0.5,c2;threatfox_c2,https://threatfox.abuse.ch/export/csv/recent/
domain,oslgroup.in,text_feeds:threatfox_c2,2026-09-25T16:28:17Z,CLEAR,0.5,c2;threatfox_c2,https://threatfox.abuse.ch/export/csv/recent/
domain,osmaneliyurtlari.com,text_feeds:threatfox_c2,2026-09-25T16:07:08Z,CLEAR,0.5,c2;threatfox_c2,https://threatfox.abuse.ch/export/csv/recent/
domain,ossb6.oss-cn-beijing.aliyuncs.com,text_feeds:threatfox_c2,2026-08-18T11:47:40Z,CLEAR,0.5,c2;threatfox_c2,https://threatfox.abuse.ch/export/csv/recent/
domain,ottawatamilseniors.com,text_feeds:threatfox_c2,2026-09-25T16:07:08Z,CLEAR,0.5,c2;threatfox_c2,https://threatfox.abuse.ch/export/csv/recent/
domain,otticacasarin.com,text_feeds:threatfox_c2,2026-09-25T16:28:17Z,CLEAR,0.5,c2;threatfox_c2,https://threatfox.abuse.ch/export/csv/recent/
domain,ouryu08785.workers.dev,text_feeds:threatfox_c2,2026-09-28T05:15:39Z,CLEAR,0.5,c2;threatfox_c2,https://threatfox.abuse.ch/export/csv/recent/
domain,out1etshops.com,text_feeds:threatfox_c2,2022-12-30T19:48:15Z,CLEAR,0.5,c2;threatfox_c2,https://threatfox.abuse.ch/export/csv/recent/
domain,outdoorcreationsstl.com,text_feeds:threatfox_c2,2026-09-25T16:07:08Z,CLEAR,0.5,c2;threatfox_c2,https://threatfox.abuse.ch/export/csv/recent/
domain,outlet-studio.com,text_feeds:threatfox_c2,2022-06-23T10:54:15Z,CLEAR,0.5,c2;threatfox_c2,https://threatfox.abuse.ch/export/csv/recent/
domain,overheadgaragedoorsnj.com,text_feeds:threatfox_c2,2026-09-25T16:07:08Z,CLEAR,0.5,c2;threatfox_c2,https://threatfox.abuse.ch/export/csv/recent/
domain,ovili-benders.com,text_feeds:threatfox_c2,2026-09-25T16:07:08Z,CLEAR,0.5,c2;threatfox_c2,https://threatfox.abuse.ch/export/csv/recent/
domain,oxfordbrazilebm.com,text_feeds:threatfox_c2,2026-09-25T16:07:08Z,CLEAR,0.5,c2;threatfox_c2,https://threatfox.abuse.ch/export/csv/recent/
domain,oyoyinc.com,text_feeds:threatfox_c2,2026-09-25T16:07:08Z,CLEAR,0.5,c2;threatfox_c2,https://threatfox.abuse.ch/export/csv/recent/
domain,pablovaldiviesoar.com,text_feeds:threatfox_c2,2026-09-25T15:45:28Z,CLEAR,0.5,c2;threatfox_c2,https://threatfox.abuse.ch/export/csv/recent/
domain,padjadjaransuitesresort.com,text_feeds:threatfox_c2,2026-09-24T07:37:12Z,CLEAR,0.5,c2;threatfox_c2,https://threatfox.abuse.ch/export/csv/recent/
domain,pageglance.icu,text_feeds:threatfox_c2,2026-03-11T13:48:24Z,CLEAR,0.5,c2;threatfox_c2,https://threatfox.abuse.ch/export/csv/recent/
domain,pagestatix.icu,text_feeds:threatfox_c2,2026-02-24T11:39:28Z,CLEAR,0.5,c2;threatfox_c2,https://threatfox.abuse.ch/export/csv/recent/
domain,pakketepaksempak.com,text_feeds:threatfox_c2,2026-09-29T17:26:36Z,CLEAR,0.5,c2;threatfox_c2,https://threatfox.abuse.ch/export/csv/recent/
domain,palalto.live,text_feeds:threatfox_c2,2022-12-05T11:42:38Z,CLEAR,0.5,c2;threatfox_c2,https://threatfox.abuse.ch/export/csv/recent/
domain,palmbeachpatio.com,text_feeds:threatfox_c2,2026-09-25T16:07:08Z,CLEAR,0.5,c2;threatfox_c2,https://threatfox.abuse.ch/export/csv/recent/
domain,palosantodj.com,text_feeds:threatfox_c2,2026-09-25T16:07:09Z,CLEAR,0.5,c2;threatfox_c2,https://threatfox.abuse.ch/export/csv/recent/
domain,pamelafong.com,text_feeds:threatfox_c2,2026-09-25T16:28:17Z,CLEAR,0.5,c2;threatfox_c2,https://threatfox.abuse.ch/export/csv/recent/
domain,panbrossalt.com,text_feeds:threatfox_c2,2026-09-25T16:07:09Z,CLEAR,0.5,c2;threatfox_c2,https://threatfox.abuse.ch/export/csv/recent/
domain,panel.msdos.ru,text_feeds:threatfox_c2,2026-09-28T06:09:15Z,CLEAR,0.5,c2;threatfox_c2,https://threatfox.abuse.ch/export/csv/recent/
domain,paniprints.in,text_feeds:threatfox_c2,2026-09-24T07:37:12Z,CLEAR,0.5,c2;threatfox_c2,https://threatfox.abuse.ch/export/csv/recent/
domain,papaglobal.in,text_feeds:threatfox_c2,2026-09-24T07:37:12Z,CLEAR,0.5,c2;threatfox_c2,https://threatfox.abuse.ch/export/csv/recent/
domain,paramgurudev.org,text_feeds:threatfox_c2,2026-09-25T16:07:09Z,CLEAR,0.5,c2;threatfox_c2,https://threatfox.abuse.ch/export/csv/recent/
domain,parcheyab.ir,text_feeds:threatfox_c2,2026-09-29T12:51:30Z,CLEAR,0.5,c2;threatfox_c2,https://threatfox.abuse.ch/export/csv/recent/
domain,parkviewcreche.ie,text_feeds:threatfox_c2,2026-09-29T12:51:30Z,CLEAR,0.5,c2;threatfox_c2,https://threatfox.abuse.ch/export/csv/recent/
domain,parkyourself.com,text_feeds:threatfox_c2,2026-09-25T16:07:09Z,CLEAR,0.5,c2;threatfox_c2,https://threatfox.abuse.ch/export/csv/recent/
domain,parsans.com,text_feeds:threatfox_c2,2026-09-24T07:37:12Z,CLEAR,0.5,c2;threatfox_c2,https://threatfox.abuse.ch/export/csv/recent/
domain,parsifal21.com.br,text_feeds:threatfox_c2,2026-09-21T15:54:29Z,CLEAR,0.5,c2;threatfox_c2,https://threatfox.abuse.ch/export/csv/recent/
domain,partymagicnmore.com,text_feeds:threatfox_c2,2026-09-24T07:37:12Z,CLEAR,0.5,c2;threatfox_c2,https://threatfox.abuse.ch/export/csv/recent/
domain,partystimmung.de,text_feeds:threatfox_c2,2026-09-24T07:37:13Z,CLEAR,0.5,c2;threatfox_c2,https://threatfox.abuse.ch/export/csv/recent/
domain,pas.sm188star.top,text_feeds:threatfox_c2,2026-06-06T05:24:31Z,CLEAR,0.5,c2;threatfox_c2,https://threatfox.abuse.ch/export/csv/recent/
domain,pasadonline.com,text_feeds:threatfox_c2,2022-10-23T13:36:50Z,CLEAR,0.5,c2;threatfox_c2,https://threatfox.abuse.ch/export/csv/recent/
domain,pasocero.net,text_feeds:threatfox_c2,2026-09-25T16:28:17Z,CLEAR,0.5,c2;threatfox_c2,https://threatfox.abuse.ch/export/csv/recent/
domain,pasteleriacustodio.com,text_feeds:threatfox_c2,2026-09-25T15:45:28Z,CLEAR,0.5,c2;threatfox_c2,https://threatfox.abuse.ch/export/csv/recent/
domain,pasticceriatadiotto.it,text_feeds:threatfox_c2,2026-09-25T15:45:29Z,CLEAR,0.5,c2;threatfox_c2,https://threatfox.abuse.ch/export/csv/recent/
domain,patersonfilmmaker.com,text_feeds:threatfox_c2,2026-09-25T16:07:09Z,CLEAR,0.5,c2;threatfox_c2,https://threatfox.abuse.ch/export/csv/recent/
domain,pathaudit.info,text_feeds:threatfox_c2,2026-04-04T23:11:00Z,CLEAR,0.5,c2;threatfox_c2,https://threatfox.abuse.ch/export/csv/recent/
domain,pathwayscounselingandwellness.org,text_feeds:threatfox_c2,2026-09-25T16:28:17Z,CLEAR,0.5,c2;threatfox_c2,https://threatfox.abuse.ch/export/csv/recent/
domain,patidarinfoworld.com,text_feeds:threatfox_c2,2026-09-24T07:37:13Z,CLEAR,0.5,c2;threatfox_c2,https://threatfox.abuse.ch/export/csv/recent/
domain,patilresortkalaagrotourism.com,text_feeds:threatfox_c2,2026-09-25T15:45:29Z,CLEAR,0.5,c2;threatfox_c2,https://threatfox.abuse.ch/export/csv/recent/
domain,patisserie-riss.fr,text_feeds:threatfox_c2,2026-09-25T16:29:54Z,CLEAR,0.5,c2;threatfox_c2,https://threatfox.abuse.ch/export/csv/recent/
domain,patricepiersaintphotography.com,text_feeds:threatfox_c2,2026-09-24T07:37:13Z,CLEAR,0.5,c2;threatfox_c2,https://threatfox.abuse.ch/export/csv/recent/
domain,patricialuisabelmonte.com.br,text_feeds:threatfox_c2,2026-09-25T15:45:29Z,CLEAR,0.5,c2;threatfox_c2,https://threatfox.abuse.ch/export/csv/recent/
domain,patrickmduggan.com,text_feeds:threatfox_c2,2026-09-25T16:07:09Z,CLEAR,0.5,c2;threatfox_c2,https://threatfox.abuse.ch/export/csv/recent/
domain,patrikwestli.com,text_feeds:threatfox_c2,2026-09-24T07:37:13Z,CLEAR,0.5,c2;threatfox_c2,https://threatfox.abuse.ch/export/csv/recent/
domain,patyson.club,text_feeds:threatfox_c2,2026-09-24T07:37:13Z,CLEAR,0.5,c2;threatfox_c2,https://threatfox.abuse.ch/export/csv/recent/
domain,paulinacognitive.workers.dev,text_feeds:threatfox_c2,2026-09-27T23:34:19Z,CLEAR,0.5,c2;threatfox_c2,https://threatfox.abuse.ch/export/csv/recent/
domain,pauloazevedodesign.com.br,text_feeds:threatfox_c2,2026-09-25T15:45:29Z,CLEAR,0.5,c2;threatfox_c2,https://threatfox.abuse.ch/export/csv/recent/
domain,paulonsolucoesjuridicas.com,text_feeds:threatfox_c2,2026-09-28T00:11:03Z,CLEAR,0.5,c2;threatfox_c2,https://threatfox.abuse.ch/export/csv/recent/
domain,pausehere.life,text_feeds:threatfox_c2,2026-09-25T15:45:29Z,CLEAR,0.5,c2;threatfox_c2,https://threatfox.abuse.ch/export/csv/recent/
domain,pavlovski.hr,text_feeds:threatfox_c2,2026-09-25T15:45:29Z,CLEAR,0.5,c2;threatfox_c2,https://threatfox.abuse.ch/export/csv/recent/
domain,pawparadise.site,text_feeds:threatfox_c2,2026-09-25T16:07:09Z,CLEAR,0.5,c2;threatfox_c2,https://threatfox.abuse.ch/export/csv/recent/
domain,paxskin.com,text_feeds:threatfox_c2,2026-09-24T07:37:13Z,CLEAR,0.5,c2;threatfox_c2,https://threatfox.abuse.ch/export/csv/recent/
domain,pc-netz.de,text_feeds:threatfox_c2,2026-09-24T07:37:13Z,CLEAR,0.5,c2;threatfox_c2,https://threatfox.abuse.ch/export/csv/recent/
domain,pcbou28176.workers.dev,text_feeds:threatfox_c2,2026-09-29T06:47:35Z,CLEAR,0.5,c2;threatfox_c2,https://threatfox.abuse.ch/export/csv/recent/
domain,pcjanetwork.net,text_feeds:threatfox_c2,2026-09-25T16:28:17Z,CLEAR,0.5,c2;threatfox_c2,https://threatfox.abuse.ch/export/csv/recent/
domain,pctor.link,text_feeds:threatfox_c2,2023-08-14T16:00:05Z,CLEAR,0.5,c2;threatfox_c2,https://threatfox.abuse.ch/export/csv/recent/
domain,pdtacademy.vn,text_feeds:threatfox_c2,2026-09-24T07:37:13Z,CLEAR,0.5,c2;threatfox_c2,https://threatfox.abuse.ch/export/csv/recent/
domain,pedagogists.com,text_feeds:threatfox_c2,2023-07-03T15:42:02Z,CLEAR,0.5,c2;threatfox_c2,https://threatfox.abuse.ch/export/csv/recent/
domain,peekabooslots.com,text_feeds:threatfox_c2,2026-09-25T16:07:09Z,CLEAR,0.5,c2;threatfox_c2,https://threatfox.abuse.ch/export/csv/recent/
domain,pegasusturismo.com.br,text_feeds:threatfox_c2,2026-09-24T07:37:13Z,CLEAR,0.5,c2;threatfox_c2,https://threatfox.abuse.ch/export/csv/recent/
domain,pegistrationads.site,text_feeds:threatfox_c2,2023-03-20T17:21:02Z,CLEAR,0.5,c2;threatfox_c2,https://threatfox.abuse.ch/export/csv/recent/
domain,peham.dev,text_feeds:threatfox_c2,2026-09-25T16:28:17Z,CLEAR,0.5,c2;threatfox_c2,https://threatfox.abuse.ch/export/csv/recent/
domain,pelckmanspro.be,text_feeds:threatfox_c2,2026-09-25T15:45:29Z,CLEAR,0.5,c2;threatfox_c2,https://threatfox.abuse.ch/export/csv/recent/
domain,pensi.me,text_feeds:threatfox_c2,2025-08-23T04:00:06Z,CLEAR,0.5,c2;threatfox_c2,https://threatfox.abuse.ch/export/csv/recent/
domain,peq.com.mx,text_feeds:threatfox_c2,2026-09-25T15:45:29Z,CLEAR,0.5,c2;threatfox_c2,https://threatfox.abuse.ch/export/csv/recent/
domain,peregrinandoqueremosverjesus.com,text_feeds:threatfox_c2,2026-09-24T07:37:13Z,CLEAR,0.5,c2;threatfox_c2,https://threatfox.abuse.ch/export/csv/recent/
domain,perezcalzadilla.com,text_feeds:threatfox_c2,2026-09-26T15:14:28Z,CLEAR,0.5,c2;threatfox_c2,https://threatfox.abuse.ch/export/csv/recent/
domain,perfectcaremedicalstaffing.com,text_feeds:threatfox_c2,2026-09-25T16:29:54Z,CLEAR,0.5,c2;threatfox_c2,https://threatfox.abuse.ch/export/csv/recent/
domain,perfectchoicehair.com,text_feeds:threatfox_c2,2026-09-25T15:45:29Z,CLEAR,0.5,c2;threatfox_c2,https://threatfox.abuse.ch/export/csv/recent/
domain,perfectlystyled.nl,text_feeds:threatfox_c2,2026-09-25T16:29:54Z,CLEAR,0.5,c2;threatfox_c2,https://threatfox.abuse.ch/export/csv/recent/
domain,permis.sn,text_feeds:threatfox_c2,2026-09-24T07:37:13Z,CLEAR,0.5,c2;threatfox_c2,https://threatfox.abuse.ch/export/csv/recent/
domain,perpetualcarellc.com,text_feeds:threatfox_c2,2026-09-24T07:37:13Z,CLEAR,0.5,c2;threatfox_c2,https://threatfox.abuse.ch/export/csv/recent/
domain,perraloca.com,text_feeds:threatfox_c2,2026-08-28T11:43:57Z,CLEAR,0.5,c2;threatfox_c2,https://threatfox.abuse.ch/export/csv/recent/
domain,persianaselegant.com,text_feeds:threatfox_c2,2026-09-25T16:28:17Z,CLEAR,0.5,c2;threatfox_c2,https://threatfox.abuse.ch/export/csv/recent/
domain,personadigitalai.com,text_feeds:threatfox_c2,2026-09-10T18:35:50Z,CLEAR,0.5,c2;threatfox_c2,https://threatfox.abuse.ch/export/csv/recent/
domain,pesarkhalehnuts.com,text_feeds:threatfox_c2,2026-09-29T12:51:30Z,CLEAR,0.5,c2;threatfox_c2,https://threatfox.abuse.ch/export/csv/recent/
domain,petjoymall.com,text_feeds:threatfox_c2,2026-09-24T07:37:13Z,CLEAR,0.5,c2;threatfox_c2,https://threatfox.abuse.ch/export/csv/recent/
domain,petrcapek1.cz,text_feeds:threatfox_c2,2026-09-25T15:45:29Z,CLEAR,0.5,c2;threatfox_c2,https://threatfox.abuse.ch/export/csv/recent/
domain,petsupply-lb.com,text_feeds:threatfox_c2,2026-09-25T16:07:10Z,CLEAR,0.5,c2;threatfox_c2,https://threatfox.abuse.ch/export/csv/recent/
domain,pevrix.com,text_feeds:threatfox_c2,2026-09-02T16:39:22Z,CLEAR,0.5,c2;threatfox_c2,https://threatfox.abuse.ch/export/csv/recent/
domain,pezwanda.com,text_feeds:threatfox_c2,2026-09-25T16:07:10Z,CLEAR,0.5,c2;threatfox_c2,https://threatfox.abuse.ch/export/csv/recent/
domain,pgo.fatherchrismas.com,text_feeds:threatfox_c2,2026-05-15T16:00:12Z,CLEAR,0.5,c2;threatfox_c2,https://threatfox.abuse.ch/export/csv/recent/
domain,pharmadrills.com,text_feeds:threatfox_c2,2026-09-25T15:45:30Z,CLEAR,0.5,c2;threatfox_c2,https://threatfox.abuse.ch/export/csv/recent/
domain,philhome.ph,text_feeds:threatfox_c2,2026-09-24T07:37:14Z,CLEAR,0.5,c2;threatfox_c2,https://threatfox.abuse.ch/export/csv/recent/
domain,photocapital.com,text_feeds:threatfox_c2,2026-09-28T18:31:01Z,CLEAR,0.5,c2;threatfox_c2,https://threatfox.abuse.ch/export/csv/recent/
domain,photovoltaik-leipzig.com,text_feeds:threatfox_c2,2026-09-25T15:45:30Z,CLEAR,0.5,c2;threatfox_c2,https://threatfox.abuse.ch/export/csv/recent/
domain,phronesis.it,text_feeds:threatfox_c2,2026-09-24T07:37:14Z,CLEAR,0.5,c2;threatfox_c2,https://threatfox.abuse.ch/export/csv/recent/
domain,phrpneus.com.br,text_feeds:threatfox_c2,2026-09-24T07:37:14Z,CLEAR,0.5,c2;threatfox_c2,https://threatfox.abuse.ch/export/csv/recent/
domain,phyto-logic.com,text_feeds:threatfox_c2,2026-09-24T07:37:14Z,CLEAR,0.5,c2;threatfox_c2,https://threatfox.abuse.ch/export/csv/recent/
domain,picksneakersmn.com,text_feeds:threatfox_c2,2026-09-25T16:07:10Z,CLEAR,0.5,c2;threatfox_c2,https://threatfox.abuse.ch/export/csv/recent/
domain,pielshinceline.com,text_feeds:threatfox_c2,2026-09-28T20:31:56Z,CLEAR,0.5,c2;threatfox_c2,https://threatfox.abuse.ch/export/csv/recent/
domain,pienipikavippi.com,text_feeds:threatfox_c2,2026-09-25T16:07:10Z,CLEAR,0.5,c2;threatfox_c2,https://threatfox.abuse.ch/export/csv/recent/
domain,piergiorgiopirani.it,text_feeds:threatfox_c2,2026-09-24T07:37:14Z,CLEAR,0.5,c2;threatfox_c2,https://threatfox.abuse.ch/export/csv/recent/
domain,pierso.co.uk,text_feeds:threatfox_c2,2026-09-24T07:37:14Z,CLEAR,0.5,c2;threatfox_c2,https://threatfox.abuse.ch/export/csv/recent/
domain,pillow.riverbridge.site,text_feeds:threatfox_c2,2026-04-26T18:19:19Z,CLEAR,0.5,c2;threatfox_c2,https://threatfox.abuse.ch/export/csv/recent/
domain,pillpusher.net,text_feeds:threatfox_c2,2026-09-25T16:07:10Z,CLEAR,0.5,c2;threatfox_c2,https://threatfox.abuse.ch/export/csv/recent/
domain,pingcheker.com,text_feeds:threatfox_c2,2022-12-30T19:48:51Z,CLEAR,0.5,c2;threatfox_c2,https://threatfox.abuse.ch/export/csv/recent/
domain,pioneersolon.org,text_feeds:threatfox_c2,2026-09-25T16:07:10Z,CLEAR,0.5,c2;threatfox_c2,https://threatfox.abuse.ch/export/csv/recent/
domain,pir.rapidphonebuyer.co.uk,text_feeds:threatfox_c2,2026-04-16T16:13:58Z,CLEAR,0.5,c2;threatfox_c2,https://threatfox.abuse.ch/export/csv/recent/
domain,pishroyadak.com,text_feeds:threatfox_c2,2026-09-29T12:51:30Z,CLEAR,0.5,c2;threatfox_c2,https://threatfox.abuse.ch/export/csv/recent/
domain,pixelinsights.xyz,text_feeds:threatfox_c2,2026-02-24T15:14:12Z,CLEAR,0.5,c2;threatfox_c2,https://threatfox.abuse.ch/export/csv/recent/
domain,pixelmetrics.live,text_feeds:threatfox_c2,2026-02-24T15:14:10Z,CLEAR,0.5,c2;threatfox_c2,https://threatfox.abuse.ch/export/csv/recent/
domain,pizzacb.cz,text_feeds:threatfox_c2,2026-09-25T15:45:30Z,CLEAR,0.5,c2;threatfox_c2,https://threatfox.abuse.ch/export/csv/recent/
domain,pizzeriadesia.com,text_feeds:threatfox_c2,2026-09-29T01:27:26Z,CLEAR,0.5,c2;threatfox_c2,https://threatfox.abuse.ch/export/csv/recent/
domain,pl.27trans.org,text_feeds:threatfox_c2,2026-09-28T14:16:28Z,CLEAR,0.5,c2;threatfox_c2,https://threatfox.abuse.ch/export/csv/recent/
domain,pl.5-rt.org,text_feeds:threatfox_c2,2026-09-28T14:16:29Z,CLEAR,0.5,c2;threatfox_c2,https://threatfox.abuse.ch/export/csv/recent/
domain,plairco.com,text_feeds:threatfox_c2,2026-09-25T16:29:54Z,CLEAR,0.5,c2;threatfox_c2,https://threatfox.abuse.ch/export/csv/recent/
domain,planctonmarino.com,text_feeds:threatfox_c2,2026-09-25T16:07:11Z,CLEAR,0.5,c2;threatfox_c2,https://threatfox.abuse.ch/export/csv/recent/
domain,planneditperfectly.com,text_feeds:threatfox_c2,2026-09-24T07:37:14Z,CLEAR,0.5,c2;threatfox_c2,https://threatfox.abuse.ch/export/csv/recent/
domain,platobaratomadrid.com,text_feeds:threatfox_c2,2026-09-24T07:37:14Z,CLEAR,0.5,c2;threatfox_c2,https://threatfox.abuse.ch/export/csv/recent/
domain,playludos.com,text_feeds:threatfox_c2,2026-09-25T16:29:54Z,CLEAR,0.5,c2;threatfox_c2,https://threatfox.abuse.ch/export/csv/recent/
domain,playzonehubx.com,text_feeds:threatfox_c2,2026-09-25T16:07:11Z,CLEAR,0.5,c2;threatfox_c2,https://threatfox.abuse.ch/export/csv/recent/
domain,plazacopycenter.com,text_feeds:threatfox_c2,2026-07-26T20:18:03Z,CLEAR,0.5,c2;threatfox_c2,https://threatfox.abuse.ch/export/csv/recent/
domain,plazaizazaga89.com,text_feeds:threatfox_c2,2026-09-25T16:29:54Z,CLEAR,0.5,c2;threatfox_c2,https://threatfox.abuse.ch/export/csv/recent/
domain,plenamoon.es,text_feeds:threatfox_c2,2026-09-25T15:45:30Z,CLEAR,0.5,c2;threatfox_c2,https://threatfox.abuse.ch/export/csv/recent/
domain,ples.krenka.cz,text_feeds:threatfox_c2,2026-09-24T07:37:14Z,CLEAR,0.5,c2;threatfox_c2,https://threatfox.abuse.ch/export/csv/recent/
domain,plombierstoulouse.com,text_feeds:threatfox_c2,2026-09-24T07:37:14Z,CLEAR,0.5,c2;threatfox_c2,https://threatfox.abuse.ch/export/csv/recent/
domain,plumbingtradepartners.co.uk,text_feeds:threatfox_c2,2026-09-25T15:45:30Z,CLEAR,0.5,c2;threatfox_c2,https://threatfox.abuse.ch/export/csv/recent/
domain,plusair-ac.com,text_feeds:threatfox_c2,2026-09-24T07:37:14Z,CLEAR,0.5,c2;threatfox_c2,https://threatfox.abuse.ch/export/csv/recent/
domain,plusair-centralac.com,text_feeds:threatfox_c2,2026-09-24T07:37:14Z,CLEAR,0.5,c2;threatfox_c2,https://threatfox.abuse.ch/export/csv/recent/
domain,plusair-eg.com,text_feeds:threatfox_c2,2026-09-24T07:37:15Z,CLEAR,0.5,c2;threatfox_c2,https://threatfox.abuse.ch/export/csv/recent/
domain,pluyk.com,text_feeds:threatfox_c2,2022-12-30T19:48:22Z,CLEAR,0.5,c2;threatfox_c2,https://threatfox.abuse.ch/export/csv/recent/
domain,pm-connect.com,text_feeds:threatfox_c2,2026-09-25T15:45:30Z,CLEAR,0.5,c2;threatfox_c2,https://threatfox.abuse.ch/export/csv/recent/
domain,pmaainc.com,text_feeds:threatfox_c2,2026-09-25T16:28:17Z,CLEAR,0.5,c2;threatfox_c2,https://threatfox.abuse.ch/export/csv/recent/
domain,pn2.skfilmsint.com,text_feeds:threatfox_c2,2026-03-27T21:24:29Z,CLEAR,0.5,c2;threatfox_c2,https://threatfox.abuse.ch/export/csv/recent/
domain,pnejfoundation.org,text_feeds:threatfox_c2,2026-09-25T15:45:30Z,CLEAR,0.5,c2;threatfox_c2,https://threatfox.abuse.ch/export/csv/recent/
domain,politolog.net,text_feeds:threatfox_c2,2026-09-25T16:07:11Z,CLEAR,0.5,c2;threatfox_c2,https://threatfox.abuse.ch/export/csv/recent/
domain,polluxcranes.com,text_feeds:threatfox_c2,2026-09-29T12:51:30Z,CLEAR,0.5,c2;threatfox_c2,https://threatfox.abuse.ch/export/csv/recent/
domain,polyhaz.com,text_feeds:threatfox_c2,2022-12-30T19:48:40Z,CLEAR,0.5,c2;threatfox_c2,https://threatfox.abuse.ch/export/csv/recent/
domain,ponzinivek.com,text_feeds:threatfox_c2,2023-02-26T09:03:09Z,CLEAR,0.5,c2;threatfox_c2,https://threatfox.abuse.ch/export/csv/recent/
domain,poolsandspaswindlesham.co.uk,text_feeds:threatfox_c2,2026-09-25T16:07:11Z,CLEAR,0.5,c2;threatfox_c2,https://threatfox.abuse.ch/export/csv/recent/
domain,popowe.studio,text_feeds:threatfox_c2,2026-09-25T15:45:30Z,CLEAR,0.5,c2;threatfox_c2,https://threatfox.abuse.ch/export/csv/recent/
domain,poprockenlinea.com,text_feeds:threatfox_c2,2026-08-14T01:31:50Z,CLEAR,0.5,c2;threatfox_c2,https://threatfox.abuse.ch/export/csv/recent/
domain,porcelli.eu,text_feeds:threatfox_c2,2026-09-25T16:07:11Z,CLEAR,0.5,c2;threatfox_c2,https://threatfox.abuse.ch/export/csv/recent/
domain,portal.kasco.ai,text_feeds:threatfox_c2,2026-09-25T15:45:31Z,CLEAR,0.5,c2;threatfox_c2,https://threatfox.abuse.ch/export/csv/recent/
domain,porteravenue.com,text_feeds:threatfox_c2,2026-09-25T16:07:12Z,CLEAR,0.5,c2;threatfox_c2,https://threatfox.abuse.ch/export/csv/recent/
domain,postofficeltdc.com,text_feeds:threatfox_c2,2022-12-30T19:48:43Z,CLEAR,0.5,c2;threatfox_c2,https://threatfox.abuse.ch/export/csv/recent/
domain,pousadagotademinas.com.br,text_feeds:threatfox_c2,2026-09-29T16:06:12Z,CLEAR,0.5,c2;threatfox_c2,https://threatfox.abuse.ch/export/csv/recent/
domain,powerandutility.com,text_feeds:threatfox_c2,2026-09-25T16:29:54Z,CLEAR,0.5,c2;threatfox_c2,https://threatfox.abuse.ch/export/csv/recent/
domain,ppew.au,text_feeds:threatfox_c2,2022-06-23T10:54:16Z,CLEAR,0.5,c2;threatfox_c2,https://threatfox.abuse.ch/export/csv/recent/
domain,pratikinfo.com.br,text_feeds:threatfox_c2,2026-09-25T16:28:17Z,CLEAR,0.5,c2;threatfox_c2,https://threatfox.abuse.ch/export/csv/recent/
domain,prconstructionusa.com,text_feeds:threatfox_c2,2026-09-25T15:45:31Z,CLEAR,0.5,c2;threatfox_c2,https://threatfox.abuse.ch/export/csv/recent/
domain,pre.hifive.net.au,text_feeds:threatfox_c2,2026-04-13T07:47:21Z,CLEAR,0.5,c2;threatfox_c2,https://threatfox.abuse.ch/export/csv/recent/
domain,pregabas.com,text_feeds:threatfox_c2,2022-09-29T08:45:45Z,CLEAR,0.5,c2;threatfox_c2,https://threatfox.abuse.ch/export/csv/recent/
domain,pregnancybeyond.com,text_feeds:threatfox_c2,2026-09-25T15:45:31Z,CLEAR,0.5,c2;threatfox_c2,https://threatfox.abuse.ch/export/csv/recent/
domain,prema.agr.br,text_feeds:threatfox_c2,2026-09-13T12:10:17Z,CLEAR,0.5,c2;threatfox_c2,https://threatfox.abuse.ch/export/csv/recent/
domain,premiertsinc.com,text_feeds:threatfox_c2,2026-09-24T07:37:15Z,CLEAR,0.5,c2;threatfox_c2,https://threatfox.abuse.ch/export/csv/recent/
domain,presidentialenterpriseservicesllc.com,text_feeds:threatfox_c2,2026-09-25T16:28:17Z,CLEAR,0.5,c2;threatfox_c2,https://threatfox.abuse.ch/export/csv/recent/
domain,press-die.com,text_feeds:threatfox_c2,2026-09-25T16:29:54Z,CLEAR,0.5,c2;threatfox_c2,https://threatfox.abuse.ch/export/csv/recent/
domain,pretunz.com,text_feeds:threatfox_c2,2022-06-23T10:54:16Z,CLEAR,0.5,c2;threatfox_c2,https://threatfox.abuse.ch/export/csv/recent/
domain,preventnuclearholocaust.com,text_feeds:threatfox_c2,2026-09-25T16:07:12Z,CLEAR,0.5,c2;threatfox_c2,https://threatfox.abuse.ch/export/csv/recent/
domain,prhasere.com,text_feeds:threatfox_c2,2026-09-25T16:07:12Z,CLEAR,0.5,c2;threatfox_c2,https://threatfox.abuse.ch/export/csv/recent/
domain,primepropertyvlc.com,text_feeds:threatfox_c2,2026-09-29T12:51:30Z,CLEAR,0.5,c2;threatfox_c2,https://threatfox.abuse.ch/export/csv/recent/
domain,primetomarks.com,text_feeds:threatfox_c2,2026-09-25T16:28:17Z,CLEAR,0.5,c2;threatfox_c2,https://threatfox.abuse.ch/export/csv/recent/
domain,primevisionbd.com,text_feeds:threatfox_c2,2026-09-25T16:07:12Z,CLEAR,0.5,c2;threatfox_c2,https://threatfox.abuse.ch/export/csv/recent/
domain,primex.co.id,text_feeds:threatfox_c2,2026-09-25T15:45:31Z,CLEAR,0.5,c2;threatfox_c2,https://threatfox.abuse.ch/export/csv/recent/
domain,priscilasabrina.com,text_feeds:threatfox_c2,2026-09-25T15:45:31Z,CLEAR,0.5,c2;threatfox_c2,https://threatfox.abuse.ch/export/csv/recent/
domain,pristashconstruction.com,text_feeds:threatfox_c2,2026-09-29T12:51:30Z,CLEAR,0.5,c2;threatfox_c2,https://threatfox.abuse.ch/export/csv/recent/
domain,privatpodkaplickou.cz,text_feeds:threatfox_c2,2026-09-25T15:45:31Z,CLEAR,0.5,c2;threatfox_c2,https://threatfox.abuse.ch/export/csv/recent/
domain,pro-comfort.pl,text_feeds:threatfox_c2,2026-09-29T12:10:49Z,CLEAR,0.5,c2;threatfox_c2,https://threatfox.abuse.ch/export/csv/recent/
domain,proc-mem-status.md,text_feeds:threatfox_c2,2026-09-29T06:36:50Z,CLEAR,0.5,c2;threatfox_c2,https://threatfox.abuse.ch/export/csv/recent/
domain,processdec.com,text_feeds:threatfox_c2,2022-12-30T19:48:24Z,CLEAR,0.5,c2;threatfox_c2,https://threatfox.abuse.ch/export/csv/recent/
domain,procontractorsmn.co,text_feeds:threatfox_c2,2026-09-17T11:19:52Z,CLEAR,0.5,c2;threatfox_c2,https://threatfox.abuse.ch/export/csv/recent/
domain,procreo.co,text_feeds:threatfox_c2,2026-09-25T15:45:31Z,CLEAR,0.5,c2;threatfox_c2,https://threatfox.abuse.ch/export/csv/recent/
domain,prodesarrollo.cl,text_feeds:threatfox_c2,2026-09-24T07:37:16Z,CLEAR,0.5,c2;threatfox_c2,https://threatfox.abuse.ch/export/csv/recent/
domain,prodigitalsecurity.com,text_feeds:threatfox_c2,2026-09-28T04:05:16Z,CLEAR,0.5,c2;threatfox_c2,https://threatfox.abuse.ch/export/csv/recent/
domain,profitproductivity.com,text_feeds:threatfox_c2,2026-09-25T16:07:12Z,CLEAR,0.5,c2;threatfox_c2,https://threatfox.abuse.ch/export/csv/recent/
domain,profotofix.com,text_feeds:threatfox_c2,2026-09-25T16:07:12Z,CLEAR,0.5,c2;threatfox_c2,https://threatfox.abuse.ch/export/csv/recent/
domain,project30.org,text_feeds:threatfox_c2,2026-09-29T12:51:31Z,CLEAR,0.5,c2;threatfox_c2,https://threatfox.abuse.ch/export/csv/recent/
domain,projectkickstarter.com,text_feeds:threatfox_c2,2026-09-25T16:29:54Z,CLEAR,0.5,c2;threatfox_c2,https://threatfox.abuse.ch/export/csv/recent/
domain,prolocomedicina.it,text_feeds:threatfox_c2,2026-09-25T16:07:12Z,CLEAR,0.5,c2;threatfox_c2,https://threatfox.abuse.ch/export/csv/recent/
domain,promochecked.com,text_feeds:threatfox_c2,2026-09-25T15:45:31Z,CLEAR,0.5,c2;threatfox_c2,https://threatfox.abuse.ch/export/csv/recent/
domain,promotiko.it,text_feeds:threatfox_c2,2026-09-25T16:07:12Z,CLEAR,0.5,c2;threatfox_c2,https://threatfox.abuse.ch/export/csv/recent/
domain,promotionphoenix.ca,text_feeds:threatfox_c2,2026-09-25T16:07:13Z,CLEAR,0.5,c2;threatfox_c2,https://threatfox.abuse.ch/export/csv/recent/
domain,propertyadjustingandappraisals.com,text_feeds:threatfox_c2,2026-09-25T16:07:13Z,CLEAR,0.5,c2;threatfox_c2,https://threatfox.abuse.ch/export/csv/recent/
domain,propertyinfogroup.com,text_feeds:threatfox_c2,2022-12-30T19:48:28Z,CLEAR,0.5,c2;threatfox_c2,https://threatfox.abuse.ch/export/csv/recent/
domain,propertynewsclub.com,text_feeds:threatfox_c2,2022-12-30T19:48:28Z,CLEAR,0.5,c2;threatfox_c2,https://threatfox.abuse.ch/export/csv/recent/
domain,proteinpowderone.com,text_feeds:threatfox_c2,2026-09-10T23:57:58Z,CLEAR,0.5,c2;threatfox_c2,https://threatfox.abuse.ch/export/csv/recent/
domain,protramal.com,text_feeds:threatfox_c2,2022-10-22T19:39:30Z,CLEAR,0.5,c2;threatfox_c2,https://threatfox.abuse.ch/export/csv/recent/
domain,provincedenamurtourisme.be,text_feeds:threatfox_c2,2026-09-25T15:45:32Z,CLEAR,0.5,c2;threatfox_c2,https://threatfox.abuse.ch/export/csv/recent/
domain,prozakx.com,text_feeds:threatfox_c2,2022-05-19T18:01:58Z,CLEAR,0.5,c2;threatfox_c2,https://threatfox.abuse.ch/export/csv/recent/
domain,ps2csrcvxlbc5rn7gw3vnncyue0lgpsx.lambda-url.ap-south-1.on.aws,text_feeds:threatfox_c2,2026-09-01T11:47:42Z,CLEAR,0.5,c2;threatfox_c2,https://threatfox.abuse.ch/export/csv/recent/
domain,pspfinancials.com,text_feeds:threatfox_c2,2026-09-24T07:37:16Z,CLEAR,0.5,c2;threatfox_c2,https://threatfox.abuse.ch/export/csv/recent/
domain,psy.flise-mesteren.dk,text_feeds:threatfox_c2,2026-04-24T15:18:06Z,CLEAR,0.5,c2;threatfox_c2,https://threatfox.abuse.ch/export/csv/recent/
domain,pt-security.ru,text_feeds:threatfox_c2,2024-05-25T22:18:29Z,CLEAR,0.5,c2;threatfox_c2,https://threatfox.abuse.ch/export/csv/recent/
domain,puisaphan.com,text_feeds:threatfox_c2,2026-09-25T16:28:17Z,CLEAR,0.5,c2;threatfox_c2,https://threatfox.abuse.ch/export/csv/recent/
domain,punapoison.com,text_feeds:threatfox_c2,2026-09-25T16:07:13Z,CLEAR,0.5,c2;threatfox_c2,https://threatfox.abuse.ch/export/csv/recent/
domain,purifoodbd.com,text_feeds:threatfox_c2,2026-09-29T12:51:31Z,CLEAR,0.5,c2;threatfox_c2,https://threatfox.abuse.ch/export/csv/recent/
domain,pz.32naga.net,text_feeds:threatfox_c2,2026-09-28T20:10:46Z,CLEAR,0.5,c2;threatfox_c2,https://threatfox.abuse.ch/export/csv/recent/
domain,pz.5-rt.org,text_feeds:threatfox_c2,2026-09-28T20:10:45Z,CLEAR,0.5,c2;threatfox_c2,https://threatfox.abuse.ch/export/csv/recent/
domain,pzk.v-panel.asia,text_feeds:threatfox_c2,2026-09-29T12:10:49Z,CLEAR,0.5,c2;threatfox_c2,https://threatfox.abuse.ch/export/csv/recent/
domain,qalyqyza.workers.dev,text_feeds:threatfox_c2,2026-09-29T02:51:48Z,CLEAR,0.5,c2;threatfox_c2,https://threatfox.abuse.ch/export/csv/recent/
domain,qariam.com,text_feeds:threatfox_c2,2026-09-25T16:29:54Z,CLEAR,0.5,c2;threatfox_c2,https://threatfox.abuse.ch/export/csv/recent/
domain,qianxinnbplus.xyz,text_feeds:threatfox_c2,2024-07-03T10:21:02Z,CLEAR,0.5,c2;threatfox_c2,https://threatfox.abuse.ch/export/csv/recent/
domain,quasartrafficnet.lol,text_feeds:threatfox_c2,2026-09-29T07:14:08Z,CLEAR,0.5,c2;threatfox_c2,https://threatfox.abuse.ch/export/csv/recent/
domain,quatangtaydo.com,text_feeds:threatfox_c2,2026-09-25T16:28:17Z,CLEAR,0.5,c2;threatfox_c2,https://threatfox.abuse.ch/export/csv/recent/
domain,queen-plast.com,text_feeds:threatfox_c2,2026-09-25T15:45:32Z,CLEAR,0.5,c2;threatfox_c2,https://threatfox.abuse.ch/export/csv/recent/
domain,queue.grovewest89.club,text_feeds:threatfox_c2,2026-09-29T08:26:38Z,CLEAR,0.5,c2;threatfox_c2,https://threatfox.abuse.ch/export/csv/recent/
domain,quickaccestwo.com,text_feeds:threatfox_c2,2022-12-30T19:48:23Z,CLEAR,0.5,c2;threatfox_c2,https://threatfox.abuse.ch/export/csv/recent/
domain,quiet-ridge-slaikdoaen.com,text_feeds:threatfox_c2,2026-09-17T08:00:51Z,CLEAR,0.5,c2;threatfox_c2,https://threatfox.abuse.ch/export/csv/recent/
domain,quiromassage.ch,text_feeds:threatfox_c2,2026-09-27T20:59:44Z,CLEAR,0.5,c2;threatfox_c2,https://threatfox.abuse.ch/export/csv/recent/
domain,qvibova.com,text_feeds:threatfox_c2,2022-12-30T19:48:50Z,CLEAR,0.5,c2;threatfox_c2,https://threatfox.abuse.ch/export/csv/recent/
domain,qwertysistemas.com,text_feeds:threatfox_c2,2026-09-25T15:45:32Z,CLEAR,0.5,c2;threatfox_c2,https://threatfox.abuse.ch/export/csv/recent/
domain,qygidyzi.workers.dev,text_feeds:threatfox_c2,2026-09-28T07:21:29Z,CLEAR,0.5,c2;threatfox_c2,https://threatfox.abuse.ch/export/csv/recent/
domain,qzys31cq.naff-fgema.com,text_feeds:threatfox_c2,2026-09-29T07:29:56Z,CLEAR,0.5,c2;threatfox_c2,https://threatfox.abuse.ch/export/csv/recent/
domain,raaijmakerstegelsensanitair.nl,text_feeds:threatfox_c2,2026-09-25T15:45:32Z,CLEAR,0.5,c2;threatfox_c2,https://threatfox.abuse.ch/export/csv/recent/
domain,rabihino.com,text_feeds:threatfox_c2,2022-11-03T12:12:17Z,CLEAR,0.5,c2;threatfox_c2,https://threatfox.abuse.ch/export/csv/recent/
domain,raik-personaltraining.de,text_feeds:threatfox_c2,2026-09-29T12:51:31Z,CLEAR,0.5,c2;threatfox_c2,https://threatfox.abuse.ch/export/csv/recent/
domain,rainqor.com,text_feeds:threatfox_c2,2022-12-30T19:48:32Z,CLEAR,0.5,c2;threatfox_c2,https://threatfox.abuse.ch/export/csv/recent/
domain,raiseyourglasswinebar.com,text_feeds:threatfox_c2,2026-09-25T15:45:32Z,CLEAR,0.5,c2;threatfox_c2,https://threatfox.abuse.ch/export/csv/recent/
domain,rapidfinact.com,text_feeds:threatfox_c2,2022-12-02T20:50:52Z,CLEAR,0.5,c2;threatfox_c2,https://threatfox.abuse.ch/export/csv/recent/
domain,rapidroutelogisticx.com,text_feeds:threatfox_c2,2026-09-25T16:07:14Z,CLEAR,0.5,c2;threatfox_c2,https://threatfox.abuse.ch/export/csv/recent/
domain,ratomoto.com,text_feeds:threatfox_c2,2026-09-26T15:14:28Z,CLEAR,0.5,c2;threatfox_c2,https://threatfox.abuse.ch/export/csv/recent/
domain,rattlesnake-saloon.com,text_feeds:threatfox_c2,2026-09-29T12:51:31Z,CLEAR,0.5,c2;threatfox_c2,https://threatfox.abuse.ch/export/csv/recent/
domain,rawocav.com,text_feeds:threatfox_c2,2022-11-03T12:12:17Z,CLEAR,0.5,c2;threatfox_c2,https://threatfox.abuse.ch/export/csv/recent/
domain,rcc-bridge.org,text_feeds:threatfox_c2,2026-09-29T12:51:31Z,CLEAR,0.5,c2;threatfox_c2,https://threatfox.abuse.ch/export/csv/recent/
domain,realfunsolutions.com,text_feeds:threatfox_c2,2022-09-05T19:10:50Z,CLEAR,0.5,c2;threatfox_c2,https://threatfox.abuse.ch/export/csv/recent/
domain,realmacnow.com,text_feeds:threatfox_c2,2022-09-05T19:10:47Z,CLEAR,0.5,c2;threatfox_c2,https://threatfox.abuse.ch/export/csv/recent/
domain,realplaza.com.gt,text_feeds:threatfox_c2,2026-09-25T15:45:33Z,CLEAR,0.5,c2;threatfox_c2,https://threatfox.abuse.ch/export/csv/recent/
domain,realsecuritystore.com,text_feeds:threatfox_c2,2023-01-12T14:45:18Z,CLEAR,0.5,c2;threatfox_c2,https://threatfox.abuse.ch/export/csv/recent/
domain,realtennissociety.org,text_feeds:threatfox_c2,2026-09-29T12:51:31Z,CLEAR,0.5,c2;threatfox_c2,https://threatfox.abuse.ch/export/csv/recent/
domain,realtroyfrancis.com,text_feeds:threatfox_c2,2026-09-25T16:07:14Z,CLEAR,0.5,c2;threatfox_c2,https://threatfox.abuse.ch/export/csv/recent/
domain,recoverporta1.com,text_feeds:threatfox_c2,2023-01-25T19:42:02Z,CLEAR,0.5,c2;threatfox_c2,https://threatfox.abuse.ch/export/csv/recent/
domain,recoverportal2.com,text_feeds:threatfox_c2,2023-01-25T19:42:02Z,CLEAR,0.5,c2;threatfox_c2,https://threatfox.abuse.ch/export/csv/recent/
domain,recoveryweb2.com,text_feeds:threatfox_c2,2023-01-25T19:42:02Z,CLEAR,0.5,c2;threatfox_c2,https://threatfox.abuse.ch/export/csv/recent/
domain,redclaymasonry.ca,text_feeds:threatfox_c2,2026-09-25T15:45:33Z,CLEAR,0.5,c2;threatfox_c2,https://threatfox.abuse.ch/export/csv/recent/
domain,redlinerecoverytransport.co.uk,text_feeds:threatfox_c2,2026-09-25T15:45:33Z,CLEAR,0.5,c2;threatfox_c2,https://threatfox.abuse.ch/export/csv/recent/
domain,reebons.com,text_feeds:threatfox_c2,2022-10-29T12:32:13Z,CLEAR,0.5,c2;threatfox_c2,https://threatfox.abuse.ch/export/csv/recent/
domain,rehago.eu,text_feeds:threatfox_c2,2026-09-24T07:37:18Z,CLEAR,0.5,c2;threatfox_c2,https://threatfox.abuse.ch/export/csv/recent/
domain,rehantraining.com,text_feeds:threatfox_c2,2026-09-25T15:45:33Z,CLEAR,0.5,c2;threatfox_c2,https://threatfox.abuse.ch/export/csv/recent/
domain,relay-agent-v4.am,text_feeds:threatfox_c2,2026-09-29T06:36:50Z,CLEAR,0.5,c2;threatfox_c2,https://threatfox.abuse.ch/export/csv/recent/
domain,relmciarnlioix.life,text_feeds:threatfox_c2,2026-09-11T07:53:13Z,CLEAR,0.5,c2;threatfox_c2,https://threatfox.abuse.ch/export/csv/recent/
domain,remont-ua.space,text_feeds:threatfox_c2,2026-09-10T23:57:58Z,CLEAR,0.5,c2;threatfox_c2,https://threatfox.abuse.ch/export/csv/recent/
domain,renatajanuario.com,text_feeds:threatfox_c2,2026-09-25T16:07:15Z,CLEAR,0.5,c2;threatfox_c2,https://threatfox.abuse.ch/export/csv/recent/
domain,renatusventures.com,text_feeds:threatfox_c2,2026-09-25T16:07:15Z,CLEAR,0.5,c2;threatfox_c2,https://threatfox.abuse.ch/export/csv/recent/
domain,renoxa-pro.space,text_feeds:threatfox_c2,2026-09-25T15:45:33Z,CLEAR,0.5,c2;threatfox_c2,https://threatfox.abuse.ch/export/csv/recent/
domain,rentbeachbox.com,text_feeds:threatfox_c2,2026-09-25T16:07:15Z,CLEAR,0.5,c2;threatfox_c2,https://threatfox.abuse.ch/export/csv/recent/
domain,renuefinancial.com,text_feeds:threatfox_c2,2026-09-25T16:07:15Z,CLEAR,0.5,c2;threatfox_c2,https://threatfox.abuse.ch/export/csv/recent/
domain,renwakai.it,text_feeds:threatfox_c2,2026-09-24T07:37:18Z,CLEAR,0.5,c2;threatfox_c2,https://threatfox.abuse.ch/export/csv/recent/
domain,repair-appliance-pro.site,text_feeds:threatfox_c2,2026-09-25T15:45:33Z,CLEAR,0.5,c2;threatfox_c2,https://threatfox.abuse.ch/export/csv/recent/
domain,repairo-space.space,text_feeds:threatfox_c2,2026-09-25T15:45:33Z,CLEAR,0.5,c2;threatfox_c2,https://threatfox.abuse.ch/export/csv/recent/
domain,reprised.com,text_feeds:threatfox_c2,2026-09-28T06:07:27Z,CLEAR,0.5,c2;threatfox_c2,https://threatfox.abuse.ch/export/csv/recent/
domain,republika-srpska-stuttgart.de,text_feeds:threatfox_c2,2026-09-17T11:19:52Z,CLEAR,0.5,c2;threatfox_c2,https://threatfox.abuse.ch/export/csv/recent/
domain,requiem.llc,text_feeds:threatfox_c2,2026-09-25T16:07:15Z,CLEAR,0.5,c2;threatfox_c2,https://threatfox.abuse.ch/export/csv/recent/
domain,restaurant-amigo.nl,text_feeds:threatfox_c2,2026-09-25T15:45:33Z,CLEAR,0.5,c2;threatfox_c2,https://threatfox.abuse.ch/export/csv/recent/
domain,restauranteelchecatona.es,text_feeds:threatfox_c2,2026-09-29T12:51:31Z,CLEAR,0.5,c2;threatfox_c2,https://threatfox.abuse.ch/export/csv/recent/
domain,retexio.com,text_feeds:threatfox_c2,2026-09-28T21:45:30Z,CLEAR,0.5,c2;threatfox_c2,https://threatfox.abuse.ch/export/csv/recent/
domain,revelrecruitment.com,text_feeds:threatfox_c2,2026-09-28T15:17:45Z,CLEAR,0.5,c2;threatfox_c2,https://threatfox.abuse.ch/export/csv/recent/
domain,revitaceutical.com,text_feeds:threatfox_c2,2026-09-27T18:16:31Z,CLEAR,0.5,c2;threatfox_c2,https://threatfox.abuse.ch/export/csv/recent/
domain,reykh.icu,text_feeds:threatfox_c2,2022-12-30T19:48:28Z,CLEAR,0.5,c2;threatfox_c2,https://threatfox.abuse.ch/export/csv/recent/
domain,rf-server.de,text_feeds:threatfox_c2,2026-09-29T12:51:31Z,CLEAR,0.5,c2;threatfox_c2,https://threatfox.abuse.ch/export/csv/recent/
domain,rgsciencecollege.in,text_feeds:threatfox_c2,2026-09-25T16:07:16Z,CLEAR,0.5,c2;threatfox_c2,https://threatfox.abuse.ch/export/csv/recent/
domain,richmonddrivinglessons.co.uk,text_feeds:threatfox_c2,2026-09-25T16:07:16Z,CLEAR,0.5,c2;threatfox_c2,https://threatfox.abuse.ch/export/csv/recent/
domain,ricolicious.com,text_feeds:threatfox_c2,2026-09-25T16:07:16Z,CLEAR,0.5,c2;threatfox_c2,https://threatfox.abuse.ch/export/csv/recent/
domain,rilyrisi.workers.dev,text_feeds:threatfox_c2,2026-09-29T18:50:02Z,CLEAR,0.5,c2;threatfox_c2,https://threatfox.abuse.ch/export/csv/recent/
domain,risconamira.com.br,text_feeds:threatfox_c2,2026-09-25T15:45:34Z,CLEAR,0.5,c2;threatfox_c2,https://threatfox.abuse.ch/export/csv/recent/
domain,rising.eco,text_feeds:threatfox_c2,2026-09-25T16:07:16Z,CLEAR,0.5,c2;threatfox_c2,https://threatfox.abuse.ch/export/csv/recent/
domain,ristorante-teatro.it,text_feeds:threatfox_c2,2026-09-24T07:37:19Z,CLEAR,0.5,c2;threatfox_c2,https://threatfox.abuse.ch/export/csv/recent/
domain,rk-boxgym.de,text_feeds:threatfox_c2,2026-09-25T16:07:16Z,CLEAR,0.5,c2;threatfox_c2,https://threatfox.abuse.ch/export/csv/recent/
domain,rkspl.in,text_feeds:threatfox_c2,2026-09-25T15:45:34Z,CLEAR,0.5,c2;threatfox_c2,https://threatfox.abuse.ch/export/csv/recent/
domain,rkymtnlncn.com,text_feeds:threatfox_c2,2026-09-24T07:37:19Z,CLEAR,0.5,c2;threatfox_c2,https://threatfox.abuse.ch/export/csv/recent/
domain,rocketnegocios.com.mx,text_feeds:threatfox_c2,2026-09-24T07:37:19Z,CLEAR,0.5,c2;threatfox_c2,https://threatfox.abuse.ch/export/csv/recent/
domain,rockyscrownpub.com,text_feeds:threatfox_c2,2026-09-25T16:07:16Z,CLEAR,0.5,c2;threatfox_c2,https://threatfox.abuse.ch/export/csv/recent/
domain,rocpaperscissors.com,text_feeds:threatfox_c2,2026-09-25T15:45:34Z,CLEAR,0.5,c2;threatfox_c2,https://threatfox.abuse.ch/export/csv/recent/
domain,rodinscoldly.com,text_feeds:threatfox_c2,2022-12-30T19:48:47Z,CLEAR,0.5,c2;threatfox_c2,https://threatfox.abuse.ch/export/csv/recent/
domain,rokkyho32.life,text_feeds:threatfox_c2,2026-09-14T16:53:24Z,CLEAR,0.5,c2;threatfox_c2,https://threatfox.abuse.ch/export/csv/recent/
domain,rolloplus.com,text_feeds:threatfox_c2,2026-09-25T15:45:34Z,CLEAR,0.5,c2;threatfox_c2,https://threatfox.abuse.ch/export/csv/recent/
domain,roni-umzuege.de,text_feeds:threatfox_c2,2026-09-25T15:45:34Z,CLEAR,0.5,c2;threatfox_c2,https://threatfox.abuse.ch/export/csv/recent/
domain,ronitmolko.com,text_feeds:threatfox_c2,2026-09-25T16:07:17Z,CLEAR,0.5,c2;threatfox_c2,https://threatfox.abuse.ch/export/csv/recent/
domain,roofer-sutton.co.uk,text_feeds:threatfox_c2,2026-09-29T16:05:22Z,CLEAR,0.5,c2;threatfox_c2,https://threatfox.abuse.ch/export/csv/recent/
domain,rooshnaf.com,text_feeds:threatfox_c2,2026-09-24T22:56:34Z,CLEAR,0.5,c2;threatfox_c2,https://threatfox.abuse.ch/export/csv/recent/
domain,rosedeclaire.lu,text_feeds:threatfox_c2,2026-09-25T15:45:34Z,CLEAR,0.5,c2;threatfox_c2,https://threatfox.abuse.ch/export/csv/recent/
domain,roseinjectables.com,text_feeds:threatfox_c2,2026-09-25T15:45:34Z,CLEAR,0.5,c2;threatfox_c2,https://threatfox.abuse.ch/export/csv/recent/
domain,roswen.com,text_feeds:threatfox_c2,2026-09-24T07:37:19Z,CLEAR,0.5,c2;threatfox_c2,https://threatfox.abuse.ch/export/csv/recent/
domain,rotonexpert.com,text_feeds:threatfox_c2,2026-09-17T11:19:52Z,CLEAR,0.5,c2;threatfox_c2,https://threatfox.abuse.ch/export/csv/recent/
domain,rowshanchildcare.com,text_feeds:threatfox_c2,2026-09-25T16:07:17Z,CLEAR,0.5,c2;threatfox_c2,https://threatfox.abuse.ch/export/csv/recent/
domain,royalbeauty.cz,text_feeds:threatfox_c2,2026-09-25T15:45:34Z,CLEAR,0.5,c2;threatfox_c2,https://threatfox.abuse.ch/export/csv/recent/
domain,royalfluffyfrenchies.com,text_feeds:threatfox_c2,2026-07-26T20:18:05Z,CLEAR,0.5,c2;threatfox_c2,https://threatfox.abuse.ch/export/csv/recent/
domain,rozacosmetic.com,text_feeds:threatfox_c2,2026-09-29T12:51:31Z,CLEAR,0.5,c2;threatfox_c2,https://threatfox.abuse.ch/export/csv/recent/
domain,rozannamadylus.com,text_feeds:threatfox_c2,2026-09-24T07:37:19Z,CLEAR,0.5,c2;threatfox_c2,https://threatfox.abuse.ch/export/csv/recent/
domain,rrhp.ie,text_feeds:threatfox_c2,2026-09-25T16:07:17Z,CLEAR,0.5,c2;threatfox_c2,https://threatfox.abuse.ch/export/csv/recent/
domain,rrtautocenter.com.br,text_feeds:threatfox_c2,2026-09-24T07:37:19Z,CLEAR,0.5,c2;threatfox_c2,https://threatfox.abuse.ch/export/csv/recent/
domain,rsmc-construction.com,text_feeds:threatfox_c2,2026-09-24T07:37:19Z,CLEAR,0.5,c2;threatfox_c2,https://threatfox.abuse.ch/export/csv/recent/
domain,rtpdemo.com,text_feeds:threatfox_c2,2026-09-24T07:37:20Z,CLEAR,0.5,c2;threatfox_c2,https://threatfox.abuse.ch/export/csv/recent/
domain,rueckert-gymnasium-berlin.de,text_feeds:threatfox_c2,2026-09-29T12:51:31Z,CLEAR,0.5,c2;threatfox_c2,https://threatfox.abuse.ch/export/csv/recent/
domain,rupertwinston.com,text_feeds:threatfox_c2,2026-09-24T22:56:34Z,CLEAR,0.5,c2;threatfox_c2,https://threatfox.abuse.ch/export/csv/recent/
domain,ruplearben.com,text_feeds:threatfox_c2,2023-02-26T09:03:09Z,CLEAR,0.5,c2;threatfox_c2,https://threatfox.abuse.ch/export/csv/recent/
domain,rutdaohan360.com,text_feeds:threatfox_c2,2026-09-24T07:37:20Z,CLEAR,0.5,c2;threatfox_c2,https://threatfox.abuse.ch/export/csv/recent/
domain,rw1.sentrysource.com,text_feeds:threatfox_c2,2023-07-15T12:48:31Z,CLEAR,0.5,c2;threatfox_c2,https://threatfox.abuse.ch/export/csv/recent/
domain,rx.fabiankorte.net,text_feeds:threatfox_c2,2025-11-12T09:18:59Z,CLEAR,0.5,c2;threatfox_c2,https://threatfox.abuse.ch/export/csv/recent/
domain,rx777.xyz,text_feeds:threatfox_c2,2026-09-24T07:37:20Z,CLEAR,0.5,c2;threatfox_c2,https://threatfox.abuse.ch/export/csv/recent/
domain,rxrecourse.com,text_feeds:threatfox_c2,2026-09-29T12:51:31Z,CLEAR,0.5,c2;threatfox_c2,https://threatfox.abuse.ch/export/csv/recent/
domain,sabagriculturaltrading.com,text_feeds:threatfox_c2,2026-09-25T15:45:35Z,CLEAR,0.5,c2;threatfox_c2,https://threatfox.abuse.ch/export/csv/recent/
domain,sabersaude.com.pt,text_feeds:threatfox_c2,2026-09-17T11:19:52Z,CLEAR,0.5,c2;threatfox_c2,https://threatfox.abuse.ch/export/csv/recent/
domain,sable-orbit-wren-fiayn.live,text_feeds:threatfox_c2,2026-09-13T12:09:11Z,CLEAR,0.5,c2;threatfox_c2,https://threatfox.abuse.ch/export/csv/recent/
domain,sacredheartbhikhiwind.com,text_feeds:threatfox_c2,2026-09-24T07:37:20Z,CLEAR,0.5,c2;threatfox_c2,https://threatfox.abuse.ch/export/csv/recent/
domain,sacree-jule.fr,text_feeds:threatfox_c2,2026-09-24T07:37:20Z,CLEAR,0.5,c2;threatfox_c2,https://threatfox.abuse.ch/export/csv/recent/
domain,safeercars.com,text_feeds:threatfox_c2,2026-09-25T15:45:35Z,CLEAR,0.5,c2;threatfox_c2,https://threatfox.abuse.ch/export/csv/recent/
domain,safeskill.co.za,text_feeds:threatfox_c2,2026-09-25T15:45:35Z,CLEAR,0.5,c2;threatfox_c2,https://threatfox.abuse.ch/export/csv/recent/
domain,sagarfishaquarium.in,text_feeds:threatfox_c2,2026-09-25T15:45:35Z,CLEAR,0.5,c2;threatfox_c2,https://threatfox.abuse.ch/export/csv/recent/
domain,sagsblog.telinduslab.lu,text_feeds:threatfox_c2,2024-01-11T06:54:20Z,CLEAR,0.5,c2;threatfox_c2,https://threatfox.abuse.ch/export/csv/recent/
domain,sahak.ch,text_feeds:threatfox_c2,2026-09-29T16:05:22Z,CLEAR,0.5,c2;threatfox_c2,https://threatfox.abuse.ch/export/csv/recent/
domain,saigona.fr,text_feeds:threatfox_c2,2026-09-25T15:45:35Z,CLEAR,0.5,c2;threatfox_c2,https://threatfox.abuse.ch/export/csv/recent/
domain,sajij.com,text_feeds:threatfox_c2,2022-10-29T11:54:42Z,CLEAR,0.5,c2;threatfox_c2,https://threatfox.abuse.ch/export/csv/recent/
domain,sakoebike.com,text_feeds:threatfox_c2,2026-09-10T20:26:39Z,CLEAR,0.5,c2;threatfox_c2,https://threatfox.abuse.ch/export/csv/recent/
domain,saladmasterqatar.com,text_feeds:threatfox_c2,2026-09-25T15:45:35Z,CLEAR,0.5,c2;threatfox_c2,https://threatfox.abuse.ch/export/csv/recent/
domain,salentorelax.com,text_feeds:threatfox_c2,2026-09-25T16:07:18Z,CLEAR,0.5,c2;threatfox_c2,https://threatfox.abuse.ch/export/csv/recent/
domain,saloxa.workers.dev,text_feeds:threatfox_c2,2026-09-27T21:42:52Z,CLEAR,0.5,c2;threatfox_c2,https://threatfox.abuse.ch/export/csv/recent/
domain,salusmedclinica.com,text_feeds:threatfox_c2,2026-09-24T07:37:20Z,CLEAR,0.5,c2;threatfox_c2,https://threatfox.abuse.ch/export/csv/recent/
domain,samakeslami.com,text_feeds:threatfox_c2,2026-09-29T12:51:31Z,CLEAR,0.5,c2;threatfox_c2,https://threatfox.abuse.ch/export/csv/recent/
domain,samuelgarciaabogado.com,text_feeds:threatfox_c2,2026-09-25T15:46:11Z,CLEAR,0.5,c2;threatfox_c2,https://threatfox.abuse.ch/export/csv/recent/
domain,samuelgarciapsicoanalista.com,text_feeds:threatfox_c2,2026-09-25T15:46:11Z,CLEAR,0.5,c2;threatfox_c2,https://threatfox.abuse.ch/export/csv/recent/
domain,samumarine.com,text_feeds:threatfox_c2,2026-09-28T06:07:29Z,CLEAR,0.5,c2;threatfox_c2,https://threatfox.abuse.ch/export/csv/recent/
domain,sandima.net,text_feeds:threatfox_c2,2026-09-25T15:46:11Z,CLEAR,0.5,c2;threatfox_c2,https://threatfox.abuse.ch/export/csv/recent/
domain,sandysstaffings.com,text_feeds:threatfox_c2,2026-09-24T07:37:20Z,CLEAR,0.5,c2;threatfox_c2,https://threatfox.abuse.ch/export/csv/recent/
domain,sanibelislandgo.com,text_feeds:threatfox_c2,2026-09-25T16:07:18Z,CLEAR,0.5,c2;threatfox_c2,https://threatfox.abuse.ch/export/csv/recent/
domain,sapetrol.net,text_feeds:threatfox_c2,2026-09-24T07:37:20Z,CLEAR,0.5,c2;threatfox_c2,https://threatfox.abuse.ch/export/csv/recent/
domain,saqjillani.com,text_feeds:threatfox_c2,2026-09-25T15:46:11Z,CLEAR,0.5,c2;threatfox_c2,https://threatfox.abuse.ch/export/csv/recent/
domain,sarah-roschke.de,text_feeds:threatfox_c2,2026-09-29T12:51:31Z,CLEAR,0.5,c2;threatfox_c2,https://threatfox.abuse.ch/export/csv/recent/
domain,sasakiadvogados.com.br,text_feeds:threatfox_c2,2026-09-24T07:37:20Z,CLEAR,0.5,c2;threatfox_c2,https://threatfox.abuse.ch/export/csv/recent/
domain,satorkar.com,text_feeds:threatfox_c2,2022-09-05T19:10:47Z,CLEAR,0.5,c2;threatfox_c2,https://threatfox.abuse.ch/export/csv/recent/
domain,saunabussloo.nl,text_feeds:threatfox_c2,2026-09-25T15:46:11Z,CLEAR,0.5,c2;threatfox_c2,https://threatfox.abuse.ch/export/csv/recent/
domain,savispay.com,text_feeds:threatfox_c2,2026-09-29T12:51:31Z,CLEAR,0.5,c2;threatfox_c2,https://threatfox.abuse.ch/export/csv/recent/
domain,sawanys.com,text_feeds:threatfox_c2,2026-09-25T16:07:19Z,CLEAR,0.5,c2;threatfox_c2,https://threatfox.abuse.ch/export/csv/recent/
domain,sawylali.workers.dev,text_feeds:threatfox_c2,2026-09-29T18:44:33Z,CLEAR,0.5,c2;threatfox_c2,https://threatfox.abuse.ch/export/csv/recent/
domain,saxofit.com,text_feeds:threatfox_c2,2026-09-29T12:51:31Z,CLEAR,0.5,c2;threatfox_c2,https://threatfox.abuse.ch/export/csv/recent/
domain,sboku88.uk.com,text_feeds:threatfox_c2,2026-09-28T12:00:30Z,CLEAR,0.5,c2;threatfox_c2,https://threatfox.abuse.ch/export/csv/recent/
domain,sbronm.com,text_feeds:threatfox_c2,2022-02-01T10:45:03Z,CLEAR,0.5,c2;threatfox_c2,https://threatfox.abuse.ch/export/csv/recent/
domain,scarfaceserver.com,text_feeds:threatfox_c2,2022-06-23T10:54:16Z,CLEAR,0.5,c2;threatfox_c2,https://threatfox.abuse.ch/export/csv/recent/
domain,scartrees.com.au,text_feeds:threatfox_c2,2026-09-29T12:51:31Z,CLEAR,0.5,c2;threatfox_c2,https://threatfox.abuse.ch/export/csv/recent/
domain,scforce.com.br,text_feeds:threatfox_c2,2026-09-25T15:46:11Z,CLEAR,0.5,c2;threatfox_c2,https://threatfox.abuse.ch/export/csv/recent/
domain,schinner.icu,text_feeds:threatfox_c2,2026-09-26T06:20:48Z,CLEAR,0.5,c2;threatfox_c2,https://threatfox.abuse.ch/export/csv/recent/
domain,schoolofalchemy.net,text_feeds:threatfox_c2,2026-09-25T16:07:19Z,CLEAR,0.5,c2;threatfox_c2,https://threatfox.abuse.ch/export/csv/recent/
domain,schoolzenai.com,text_feeds:threatfox_c2,2026-09-25T15:46:11Z,CLEAR,0.5,c2;threatfox_c2,https://threatfox.abuse.ch/export/csv/recent/
domain,schupp-kfz.de,text_feeds:threatfox_c2,2026-09-24T07:37:20Z,CLEAR,0.5,c2;threatfox_c2,https://threatfox.abuse.ch/export/csv/recent/
domain,sciencelifedata.com,text_feeds:threatfox_c2,2022-12-30T19:48:07Z,CLEAR,0.5,c2;threatfox_c2,https://threatfox.abuse.ch/export/csv/recent/
domain,scoopsquadco.com,text_feeds:threatfox_c2,2026-09-25T16:07:19Z,CLEAR,0.5,c2;threatfox_c2,https://threatfox.abuse.ch/export/csv/recent/
domain,sdf-city.com,text_feeds:threatfox_c2,2026-09-25T15:46:12Z,CLEAR,0.5,c2;threatfox_c2,https://threatfox.abuse.ch/export/csv/recent/
domain,sdlemon.com,text_feeds:threatfox_c2,2026-09-24T07:37:21Z,CLEAR,0.5,c2;threatfox_c2,https://threatfox.abuse.ch/export/csv/recent/
domain,sdvalvesindia.com,text_feeds:threatfox_c2,2026-09-25T16:07:19Z,CLEAR,0.5,c2;threatfox_c2,https://threatfox.abuse.ch/export/csv/recent/
domain,seahub.me,text_feeds:threatfox_c2,2026-09-24T07:37:21Z,CLEAR,0.5,c2;threatfox_c2,https://threatfox.abuse.ch/export/csv/recent/
domain,sealseng.com,text_feeds:threatfox_c2,2026-09-24T07:37:21Z,CLEAR,0.5,c2;threatfox_c2,https://threatfox.abuse.ch/export/csv/recent/
domain,seaofgalileehotels.co.il,text_feeds:threatfox_c2,2026-09-25T16:07:20Z,CLEAR,0.5,c2;threatfox_c2,https://threatfox.abuse.ch/export/csv/recent/
domain,searchby.app,text_feeds:threatfox_c2,2026-09-25T15:46:12Z,CLEAR,0.5,c2;threatfox_c2,https://threatfox.abuse.ch/export/csv/recent/
domain,secupdate4win.com,text_feeds:threatfox_c2,2022-12-30T19:48:46Z,CLEAR,0.5,c2;threatfox_c2,https://threatfox.abuse.ch/export/csv/recent/
domain,securequoteme.com,text_feeds:threatfox_c2,2022-12-30T19:48:48Z,CLEAR,0.5,c2;threatfox_c2,https://threatfox.abuse.ch/export/csv/recent/
domain,sedlacek-dirigent.cz,text_feeds:threatfox_c2,2026-09-24T07:37:21Z,CLEAR,0.5,c2;threatfox_c2,https://threatfox.abuse.ch/export/csv/recent/
domain,seemzfashion.com,text_feeds:threatfox_c2,2026-09-24T07:37:21Z,CLEAR,0.5,c2;threatfox_c2,https://threatfox.abuse.ch/export/csv/recent/
domain,selfiman.com,text_feeds:threatfox_c2,2026-09-24T07:37:21Z,CLEAR,0.5,c2;threatfox_c2,https://threatfox.abuse.ch/export/csv/recent/
domain,sellermobile.com,text_feeds:threatfox_c2,2026-09-25T16:07:20Z,CLEAR,0.5,c2;threatfox_c2,https://threatfox.abuse.ch/export/csv/recent/
domain,sema-tunisie.com,text_feeds:threatfox_c2,2026-09-24T07:37:21Z,CLEAR,0.5,c2;threatfox_c2,https://threatfox.abuse.ch/export/csv/recent/
domain,semjongsma.nl,text_feeds:threatfox_c2,2026-09-29T12:51:31Z,CLEAR,0.5,c2;threatfox_c2,https://threatfox.abuse.ch/export/csv/recent/
domain,sempiternodelgolfo.com,text_feeds:threatfox_c2,2026-09-24T07:37:21Z,CLEAR,0.5,c2;threatfox_c2,https://threatfox.abuse.ch/export/csv/recent/
domain,senebuvuyi.com,text_feeds:threatfox_c2,2022-12-30T19:48:14Z,CLEAR,0.5,c2;threatfox_c2,https://threatfox.abuse.ch/export/csv/recent/
domain,sensesbeautysalon.co.za,text_feeds:threatfox_c2,2026-09-25T16:07:20Z,CLEAR,0.5,c2;threatfox_c2,https://threatfox.abuse.ch/export/csv/recent/
domain,sentryresearch.com,text_feeds:threatfox_c2,2026-09-25T15:46:12Z,CLEAR,0.5,c2;threatfox_c2,https://threatfox.abuse.ch/export/csv/recent/
domain,senyamanruci.com,text_feeds:threatfox_c2,2026-09-25T16:07:20Z,CLEAR,0.5,c2;threatfox_c2,https://threatfox.abuse.ch/export/csv/recent/
domain,seolocalpro.es,text_feeds:threatfox_c2,2026-09-24T07:37:21Z,CLEAR,0.5,c2;threatfox_c2,https://threatfox.abuse.ch/export/csv/recent/
domain,seotools.es,text_feeds:threatfox_c2,2026-09-24T07:37:21Z,CLEAR,0.5,c2;threatfox_c2,https://threatfox.abuse.ch/export/csv/recent/
domain,service-iphone.com.ua,text_feeds:threatfox_c2,2026-07-26T20:18:06Z,CLEAR,0.5,c2;threatfox_c2,https://threatfox.abuse.ch/export/csv/recent/
domain,service-rchqbzvz-1301033415.sh.tencentapigw.com,text_feeds:threatfox_c2,2025-02-02T12:49:35Z,CLEAR,0.5,c2;threatfox_c2,https://threatfox.abuse.ch/export/csv/recent/
domain,service1app.com,text_feeds:threatfox_c2,2022-09-05T19:10:48Z,CLEAR,0.5,c2;threatfox_c2,https://threatfox.abuse.ch/export/csv/recent/
domain,serviceapp1.com,text_feeds:threatfox_c2,2022-12-30T19:48:26Z,CLEAR,0.5,c2;threatfox_c2,https://threatfox.abuse.ch/export/csv/recent/
domain,serviciointegraldeaguas.com.ar,text_feeds:threatfox_c2,2026-09-29T11:21:54Z,CLEAR,0.5,c2;threatfox_c2,https://threatfox.abuse.ch/export/csv/recent/
domain,servicioremotoempresas.info,text_feeds:threatfox_c2,2024-11-19T18:00:05Z,CLEAR,0.5,c2;threatfox_c2,https://threatfox.abuse.ch/export/csv/recent/
domain,sesva.co.uk,text_feeds:threatfox_c2,2026-09-24T07:37:21Z,CLEAR,0.5,c2;threatfox_c2,https://threatfox.abuse.ch/export/csv/recent/
domain,setechnowork.com,text_feeds:threatfox_c2,2022-12-30T19:48:48Z,CLEAR,0.5,c2;threatfox_c2,https://threatfox.abuse.ch/export/csv/recent/
domain,sevenhungredbucks.com,text_feeds:threatfox_c2,2022-06-23T10:54:17Z,CLEAR,0.5,c2;threatfox_c2,https://threatfox.abuse.ch/export/csv/recent/
domain,sewletsfaceit.co.uk,text_feeds:threatfox_c2,2026-09-25T16:07:20Z,CLEAR,0.5,c2;threatfox_c2,https://threatfox.abuse.ch/export/csv/recent/
domain,sezezapa.com,text_feeds:threatfox_c2,2022-12-30T19:48:16Z,CLEAR,0.5,c2;threatfox_c2,https://threatfox.abuse.ch/export/csv/recent/
domain,sferrazza.net,text_feeds:threatfox_c2,2026-09-24T07:37:21Z,CLEAR,0.5,c2;threatfox_c2,https://threatfox.abuse.ch/export/csv/recent/
domain,sgcreativeweb.com,text_feeds:threatfox_c2,2026-09-25T15:46:13Z,CLEAR,0.5,c2;threatfox_c2,https://threatfox.abuse.ch/export/csv/recent/
domain,sgsdigitals.com,text_feeds:threatfox_c2,2026-09-25T16:07:21Z,CLEAR,0.5,c2;threatfox_c2,https://threatfox.abuse.ch/export/csv/recent/
domain,shahinlux.ir,text_feeds:threatfox_c2,2026-09-29T12:51:31Z,CLEAR,0.5,c2;threatfox_c2,https://threatfox.abuse.ch/export/csv/recent/
domain,shahrekaleskeh.com,text_feeds:threatfox_c2,2026-09-25T16:07:21Z,CLEAR,0.5,c2;threatfox_c2,https://threatfox.abuse.ch/export/csv/recent/
domain,shahrukhkhan-sa.com,text_feeds:threatfox_c2,2026-09-24T07:38:00Z,CLEAR,0.5,c2;threatfox_c2,https://threatfox.abuse.ch/export/csv/recent/
domain,shaltaypi.life,text_feeds:threatfox_c2,2026-09-17T08:00:51Z,CLEAR,0.5,c2;threatfox_c2,https://threatfox.abuse.ch/export/csv/recent/
domain,shamla.org,text_feeds:threatfox_c2,2026-09-25T15:46:13Z,CLEAR,0.5,c2;threatfox_c2,https://threatfox.abuse.ch/export/csv/recent/
domain,shams-mu.com,text_feeds:threatfox_c2,2026-09-25T16:07:21Z,CLEAR,0.5,c2;threatfox_c2,https://threatfox.abuse.ch/export/csv/recent/
domain,shayssteaksandmore.com,text_feeds:threatfox_c2,2026-09-25T15:46:13Z,CLEAR,0.5,c2;threatfox_c2,https://threatfox.abuse.ch/export/csv/recent/
domain,shcsbeas.org,text_feeds:threatfox_c2,2026-09-24T07:38:01Z,CLEAR,0.5,c2;threatfox_c2,https://threatfox.abuse.ch/export/csv/recent/
domain,sheersdesigns.com,text_feeds:threatfox_c2,2023-05-16T10:00:03Z,CLEAR,0.5,c2;threatfox_c2,https://threatfox.abuse.ch/export/csv/recent/
domain,sheikhjameel.com,text_feeds:threatfox_c2,2026-09-24T07:38:01Z,CLEAR,0.5,c2;threatfox_c2,https://threatfox.abuse.ch/export/csv/recent/
domain,shemagh.pk,text_feeds:threatfox_c2,2026-09-25T15:46:13Z,CLEAR,0.5,c2;threatfox_c2,https://threatfox.abuse.ch/export/csv/recent/
domain,shermango.com,text_feeds:threatfox_c2,2022-12-30T19:48:25Z,CLEAR,0.5,c2;threatfox_c2,https://threatfox.abuse.ch/export/csv/recent/
domain,shirozaki.adv.br,text_feeds:threatfox_c2,2026-09-25T16:07:21Z,CLEAR,0.5,c2;threatfox_c2,https://threatfox.abuse.ch/export/csv/recent/
domain,shivsagartrading.com,text_feeds:threatfox_c2,2026-09-19T15:46:28Z,CLEAR,0.5,c2;threatfox_c2,https://threatfox.abuse.ch/export/csv/recent/
domain,shiyicaster.com,text_feeds:threatfox_c2,2022-12-30T19:48:47Z,CLEAR,0.5,c2;threatfox_c2,https://threatfox.abuse.ch/export/csv/recent/
domain,shizij.com,text_feeds:threatfox_c2,2022-03-10T15:29:52Z,CLEAR,0.5,c2;threatfox_c2,https://threatfox.abuse.ch/export/csv/recent/
domain,shoetime.us,text_feeds:threatfox_c2,2026-09-24T07:38:01Z,CLEAR,0.5,c2;threatfox_c2,https://threatfox.abuse.ch/export/csv/recent/
domain,shopsavewithchelsea.com,text_feeds:threatfox_c2,2026-09-25T16:07:21Z,CLEAR,0.5,c2;threatfox_c2,https://threatfox.abuse.ch/export/csv/recent/
domain,shredwoods.com,text_feeds:threatfox_c2,2026-09-29T12:51:31Z,CLEAR,0.5,c2;threatfox_c2,https://threatfox.abuse.ch/export/csv/recent/
domain,shrekf.art,text_feeds:threatfox_c2,2022-12-30T19:48:15Z,CLEAR,0.5,c2;threatfox_c2,https://threatfox.abuse.ch/export/csv/recent/
domain,shrikrishnasaiclinic.com,text_feeds:threatfox_c2,2026-09-25T16:07:21Z,CLEAR,0.5,c2;threatfox_c2,https://threatfox.abuse.ch/export/csv/recent/
domain,shur-inc.com,text_feeds:threatfox_c2,2026-09-25T16:28:18Z,CLEAR,0.5,c2;threatfox_c2,https://threatfox.abuse.ch/export/csv/recent/
domain,siam-cz.com,text_feeds:threatfox_c2,2026-09-25T15:46:13Z,CLEAR,0.5,c2;threatfox_c2,https://threatfox.abuse.ch/export/csv/recent/
domain,siargaobeachlot.com,text_feeds:threatfox_c2,2026-09-25T16:07:21Z,CLEAR,0.5,c2;threatfox_c2,https://threatfox.abuse.ch/export/csv/recent/
domain,sicilystorytelling.com,text_feeds:threatfox_c2,2026-09-25T16:07:21Z,CLEAR,0.5,c2;threatfox_c2,https://threatfox.abuse.ch/export/csv/recent/
domain,sifgu.com,text_feeds:threatfox_c2,2022-03-10T15:29:52Z,CLEAR,0.5,c2;threatfox_c2,https://threatfox.abuse.ch/export/csv/recent/
domain,signalpane.cfd,text_feeds:threatfox_c2,2026-09-29T07:15:18Z,CLEAR,0.5,c2;threatfox_c2,https://threatfox.abuse.ch/export/csv/recent/
domain,signaturewindowwashing.com,text_feeds:threatfox_c2,2026-09-24T07:38:02Z,CLEAR,0.5,c2;threatfox_c2,https://threatfox.abuse.ch/export/csv/recent/
domain,signsbyaz.com,text_feeds:threatfox_c2,2026-09-24T07:38:02Z,CLEAR,0.5,c2;threatfox_c2,https://threatfox.abuse.ch/export/csv/recent/
domain,silentnet.st,text_feeds:threatfox_c2,2026-09-28T18:49:36Z,CLEAR,0.5,c2;threatfox_c2,https://threatfox.abuse.ch/export/csv/recent/
domain,silveredgeadvisors.com,text_feeds:threatfox_c2,2026-09-25T16:07:22Z,CLEAR,0.5,c2;threatfox_c2,https://threatfox.abuse.ch/export/csv/recent/
domain,silvioswarmehap.nl,text_feeds:threatfox_c2,2026-09-25T15:46:14Z,CLEAR,0.5,c2;threatfox_c2,https://threatfox.abuse.ch/export/csv/recent/
domain,simplecheck.online,text_feeds:threatfox_c2,2026-09-29T03:06:18Z,CLEAR,0.5,c2;threatfox_c2,https://threatfox.abuse.ch/export/csv/recent/
domain,simplesinstituto.com,text_feeds:threatfox_c2,2026-09-24T07:38:03Z,CLEAR,0.5,c2;threatfox_c2,https://threatfox.abuse.ch/export/csv/recent/
domain,sinergil.com,text_feeds:threatfox_c2,2022-12-30T19:48:24Z,CLEAR,0.5,c2;threatfox_c2,https://threatfox.abuse.ch/export/csv/recent/
domain,sinjoan.com,text_feeds:threatfox_c2,2022-06-23T17:11:58Z,CLEAR,0.5,c2;threatfox_c2,https://threatfox.abuse.ch/export/csv/recent/
domain,sintracarbon.org,text_feeds:threatfox_c2,2026-09-29T12:51:31Z,CLEAR,0.5,c2;threatfox_c2,https://threatfox.abuse.ch/export/csv/recent/
domain,sirenconstructionconsultants.com,text_feeds:threatfox_c2,2026-09-25T16:07:22Z,CLEAR,0.5,c2;threatfox_c2,https://threatfox.abuse.ch/export/csv/recent/
domain,sirius.orlicemb.cz,text_feeds:threatfox_c2,2026-09-25T16:07:22Z,CLEAR,0.5,c2;threatfox_c2,https://threatfox.abuse.ch/export/csv/recent/
domain,sistemkolor.com,text_feeds:threatfox_c2,2026-09-25T16:07:22Z,CLEAR,0.5,c2;threatfox_c2,https://threatfox.abuse.ch/export/csv/recent/
domain,site.dev.hutechweb.com,text_feeds:threatfox_c2,2024-01-12T18:36:24Z,CLEAR,0.5,c2;threatfox_c2,https://threatfox.abuse.ch/export/csv/recent/
domain,siteborg.com,text_feeds:threatfox_c2,2026-09-17T11:19:53Z,CLEAR,0.5,c2;threatfox_c2,https://threatfox.abuse.ch/export/csv/recent/
domain,siteinsights.icu,text_feeds:threatfox_c2,2026-02-24T11:40:50Z,CLEAR,0.5,c2;threatfox_c2,https://threatfox.abuse.ch/export/csv/recent/
domain,situotech.com,text_feeds:threatfox_c2,2023-05-06T16:13:31Z,CLEAR,0.5,c2;threatfox_c2,https://threatfox.abuse.ch/export/csv/recent/
domain,sjhomesfinder.com,text_feeds:threatfox_c2,2026-09-29T16:05:22Z,CLEAR,0.5,c2;threatfox_c2,https://threatfox.abuse.ch/export/csv/recent/
domain,sjremodelfinder.com,text_feeds:threatfox_c2,2026-09-25T16:07:22Z,CLEAR,0.5,c2;threatfox_c2,https://threatfox.abuse.ch/export/csv/recent/
domain,skaedbraearaquiet.life,text_feeds:threatfox_c2,2026-09-20T22:19:11Z,CLEAR,0.5,c2;threatfox_c2,https://threatfox.abuse.ch/export/csv/recent/
domain,skin2withinllc.com,text_feeds:threatfox_c2,2026-09-25T15:46:14Z,CLEAR,0.5,c2;threatfox_c2,https://threatfox.abuse.ch/export/csv/recent/
domain,skinbrava.com,text_feeds:threatfox_c2,2026-09-25T16:07:22Z,CLEAR,0.5,c2;threatfox_c2,https://threatfox.abuse.ch/export/csv/recent/
domain,skindustries.in,text_feeds:threatfox_c2,2026-09-28T06:32:43Z,CLEAR,0.5,c2;threatfox_c2,https://threatfox.abuse.ch/export/csv/recent/
domain,skullcode1.myddns.me,text_feeds:threatfox_c2,2026-08-26T07:20:28Z,CLEAR,0.5,c2;threatfox_c2,https://threatfox.abuse.ch/export/csv/recent/
domain,skynet-i.asuscomm.com,text_feeds:threatfox_c2,2023-05-24T19:36:26Z,CLEAR,0.5,c2;threatfox_c2,https://threatfox.abuse.ch/export/csv/recent/
domain,slfcorporate.com,text_feeds:threatfox_c2,2022-12-30T19:48:21Z,CLEAR,0.5,c2;threatfox_c2,https://threatfox.abuse.ch/export/csv/recent/
domain,slimbodyminceur.fr,text_feeds:threatfox_c2,2026-09-25T15:46:14Z,CLEAR,0.5,c2;threatfox_c2,https://threatfox.abuse.ch/export/csv/recent/
domain,slotresmijaya38.com,text_feeds:threatfox_c2,2026-09-24T07:38:03Z,CLEAR,0.5,c2;threatfox_c2,https://threatfox.abuse.ch/export/csv/recent/
domain,sm.27trans.org,text_feeds:threatfox_c2,2026-09-28T14:16:28Z,CLEAR,0.5,c2;threatfox_c2,https://threatfox.abuse.ch/export/csv/recent/
domain,sm.5-rt.org,text_feeds:threatfox_c2,2026-09-28T14:16:29Z,CLEAR,0.5,c2;threatfox_c2,https://threatfox.abuse.ch/export/csv/recent/
domain,sm.v-panel.asia,text_feeds:threatfox_c2,2026-09-28T06:08:58Z,CLEAR,0.5,c2;threatfox_c2,https://threatfox.abuse.ch/export/csv/recent/
domain,smartlawpa.com,text_feeds:threatfox_c2,2026-09-10T20:26:42Z,CLEAR,0.5,c2;threatfox_c2,https://threatfox.abuse.ch/export/csv/recent/
domain,smartprintbtu.com.br,text_feeds:threatfox_c2,2026-09-25T16:07:23Z,CLEAR,0.5,c2;threatfox_c2,https://threatfox.abuse.ch/export/csv/recent/
domain,smartremote.live,text_feeds:threatfox_c2,2026-09-29T12:51:32Z,CLEAR,0.5,c2;threatfox_c2,https://threatfox.abuse.ch/export/csv/recent/
domain,smartres.pl,text_feeds:threatfox_c2,2026-09-25T15:46:14Z,CLEAR,0.5,c2;threatfox_c2,https://threatfox.abuse.ch/export/csv/recent/
domain,smashshape.com,text_feeds:threatfox_c2,2026-09-29T07:14:08Z,CLEAR,0.5,c2;threatfox_c2,https://threatfox.abuse.ch/export/csv/recent/
domain,smeraldasportservice.com,text_feeds:threatfox_c2,2026-09-29T12:51:32Z,CLEAR,0.5,c2;threatfox_c2,https://threatfox.abuse.ch/export/csv/recent/
domain,smilebylee.com,text_feeds:threatfox_c2,2026-09-24T07:38:03Z,CLEAR,0.5,c2;threatfox_c2,https://threatfox.abuse.ch/export/csv/recent/
domain,smileforabby.org,text_feeds:threatfox_c2,2026-09-24T07:38:03Z,CLEAR,0.5,c2;threatfox_c2,https://threatfox.abuse.ch/export/csv/recent/
domain,smithhousecrafts.com,text_feeds:threatfox_c2,2026-09-25T16:07:23Z,CLEAR,0.5,c2;threatfox_c2,https://threatfox.abuse.ch/export/csv/recent/
domain,smokesessionsrecords.com,text_feeds:threatfox_c2,2026-09-29T12:51:32Z,CLEAR,0.5,c2;threatfox_c2,https://threatfox.abuse.ch/export/csv/recent/
domain,smppgri1bululawang.sch.id,text_feeds:threatfox_c2,2026-09-24T07:38:03Z,CLEAR,0.5,c2;threatfox_c2,https://threatfox.abuse.ch/export/csv/recent/
domain,smqualityparts.com,text_feeds:threatfox_c2,2026-09-25T15:46:14Z,CLEAR,0.5,c2;threatfox_c2,https://threatfox.abuse.ch/export/csv/recent/
domain,smznews.com,text_feeds:threatfox_c2,2026-09-10T20:26:42Z,CLEAR,0.5,c2;threatfox_c2,https://threatfox.abuse.ch/export/csv/recent/
domain,snapseedforpcguide.co,text_feeds:threatfox_c2,2026-09-25T15:46:14Z,CLEAR,0.5,c2;threatfox_c2,https://threatfox.abuse.ch/export/csv/recent/
domain,snccoupr-int.cf,text_feeds:threatfox_c2,2022-06-23T10:54:17Z,CLEAR,0.5,c2;threatfox_c2,https://threatfox.abuse.ch/export/csv/recent/
domain,sndm-sndm.com,text_feeds:threatfox_c2,2022-12-30T19:48:24Z,CLEAR,0.5,c2;threatfox_c2,https://threatfox.abuse.ch/export/csv/recent/
domain,snittlifefestival.com,text_feeds:threatfox_c2,2026-09-25T15:46:15Z,CLEAR,0.5,c2;threatfox_c2,https://threatfox.abuse.ch/export/csv/recent/
domain,snururitextile.ro,text_feeds:threatfox_c2,2026-09-24T07:38:03Z,CLEAR,0.5,c2;threatfox_c2,https://threatfox.abuse.ch/export/csv/recent/
domain,socialight.io,text_feeds:threatfox_c2,2026-09-29T12:51:32Z,CLEAR,0.5,c2;threatfox_c2,https://threatfox.abuse.ch/export/csv/recent/
domain,sodashimi.com,text_feeds:threatfox_c2,2026-09-29T12:51:32Z,CLEAR,0.5,c2;threatfox_c2,https://threatfox.abuse.ch/export/csv/recent/
domain,soderbergsweddingsandevents.com,text_feeds:threatfox_c2,2026-09-24T07:38:03Z,CLEAR,0.5,c2;threatfox_c2,https://threatfox.abuse.ch/export/csv/recent/
domain,sofomy.workers.dev,text_feeds:threatfox_c2,2026-09-28T07:23:27Z,CLEAR,0.5,c2;threatfox_c2,https://threatfox.abuse.ch/export/csv/recent/
domain,sofrekhane-sadabad.com,text_feeds:threatfox_c2,2026-09-24T07:38:03Z,CLEAR,0.5,c2;threatfox_c2,https://threatfox.abuse.ch/export/csv/recent/
domain,soft-base.org,text_feeds:threatfox_c2,2022-12-30T19:48:09Z,CLEAR,0.5,c2;threatfox_c2,https://threatfox.abuse.ch/export/csv/recent/
domain,softcloud.digital,text_feeds:threatfox_c2,2022-12-30T19:48:26Z,CLEAR,0.5,c2;threatfox_c2,https://threatfox.abuse.ch/export/csv/recent/
domain,softconduite78.fr,text_feeds:threatfox_c2,2026-09-24T07:38:03Z,CLEAR,0.5,c2;threatfox_c2,https://threatfox.abuse.ch/export/csv/recent/
domain,softgenics.net,text_feeds:threatfox_c2,2026-09-15T20:39:52Z,CLEAR,0.5,c2;threatfox_c2,https://threatfox.abuse.ch/export/csv/recent/
domain,softloadup.com,text_feeds:threatfox_c2,2022-12-30T19:48:20Z,CLEAR,0.5,c2;threatfox_c2,https://threatfox.abuse.ch/export/csv/recent/
domain,softroofwashing.com.au,text_feeds:threatfox_c2,2026-09-25T15:46:15Z,CLEAR,0.5,c2;threatfox_c2,https://threatfox.abuse.ch/export/csv/recent/
domain,softsupdate.com,text_feeds:threatfox_c2,2022-10-05T18:54:33Z,CLEAR,0.5,c2;threatfox_c2,https://threatfox.abuse.ch/export/csv/recent/
domain,softtechgh.com,text_feeds:threatfox_c2,2026-09-25T16:07:23Z,CLEAR,0.5,c2;threatfox_c2,https://threatfox.abuse.ch/export/csv/recent/
domain,sogouupdate.com,text_feeds:threatfox_c2,2022-11-08T20:20:30Z,CLEAR,0.5,c2;threatfox_c2,https://threatfox.abuse.ch/export/csv/recent/
domain,solarcameratrailer.com,text_feeds:threatfox_c2,2026-09-25T18:13:19Z,CLEAR,0.5,c2;threatfox_c2,https://threatfox.abuse.ch/export/csv/recent/
domain,solarcapricornio.com.br,text_feeds:threatfox_c2,2026-09-25T16:07:23Z,CLEAR,0.5,c2;threatfox_c2,https://threatfox.abuse.ch/export/csv/recent/
domain,solarsavercanada.com,text_feeds:threatfox_c2,2026-09-24T22:56:34Z,CLEAR,0.5,c2;threatfox_c2,https://threatfox.abuse.ch/export/csv/recent/
domain,solesense.co.uk,text_feeds:threatfox_c2,2026-07-26T20:18:07Z,CLEAR,0.5,c2;threatfox_c2,https://threatfox.abuse.ch/export/csv/recent/
domain,solvisistemas.com,text_feeds:threatfox_c2,2026-09-28T06:22:37Z,CLEAR,0.5,c2;threatfox_c2,https://threatfox.abuse.ch/export/csv/recent/
domain,solvoconsultingservices.com,text_feeds:threatfox_c2,2026-09-24T07:38:04Z,CLEAR,0.5,c2;threatfox_c2,https://threatfox.abuse.ch/export/csv/recent/
domain,sommer-openair.at,text_feeds:threatfox_c2,2026-09-29T12:51:32Z,CLEAR,0.5,c2;threatfox_c2,https://threatfox.abuse.ch/export/csv/recent/
domain,soneypaly.club,text_feeds:threatfox_c2,2024-03-27T14:42:02Z,CLEAR,0.5,c2;threatfox_c2,https://threatfox.abuse.ch/export/csv/recent/
domain,soovt32833.workers.dev,text_feeds:threatfox_c2,2026-09-28T22:50:15Z,CLEAR,0.5,c2;threatfox_c2,https://threatfox.abuse.ch/export/csv/recent/
domain,sorekipe.com,text_feeds:threatfox_c2,2022-12-30T19:48:16Z,CLEAR,0.5,c2;threatfox_c2,https://threatfox.abuse.ch/export/csv/recent/
domain,sosburnout.org,text_feeds:threatfox_c2,2026-09-25T16:07:24Z,CLEAR,0.5,c2;threatfox_c2,https://threatfox.abuse.ch/export/csv/recent/
domain,spanishspark.com,text_feeds:threatfox_c2,2026-09-10T20:26:43Z,CLEAR,0.5,c2;threatfox_c2,https://threatfox.abuse.ch/export/csv/recent/
domain,speedpi12321.xyz,text_feeds:threatfox_c2,2026-09-16T09:55:55Z,CLEAR,0.5,c2;threatfox_c2,https://threatfox.abuse.ch/export/csv/recent/
domain,spiritmediumlaura.com,text_feeds:threatfox_c2,2026-09-24T07:38:04Z,CLEAR,0.5,c2;threatfox_c2,https://threatfox.abuse.ch/export/csv/recent/
domain,spltst.icu,text_feeds:threatfox_c2,2022-10-22T01:11:02Z,CLEAR,0.5,c2;threatfox_c2,https://threatfox.abuse.ch/export/csv/recent/
domain,spocklidem.cz,text_feeds:threatfox_c2,2026-09-29T12:51:32Z,CLEAR,0.5,c2;threatfox_c2,https://threatfox.abuse.ch/export/csv/recent/
domain,spokanehimm.com,text_feeds:threatfox_c2,2026-09-28T06:22:36Z,CLEAR,0.5,c2;threatfox_c2,https://threatfox.abuse.ch/export/csv/recent/
domain,sportchat.ir,text_feeds:threatfox_c2,2026-09-28T11:43:27Z,CLEAR,0.5,c2;threatfox_c2,https://threatfox.abuse.ch/export/csv/recent/
domain,sprakservice24.se,text_feeds:threatfox_c2,2026-09-29T12:51:32Z,CLEAR,0.5,c2;threatfox_c2,https://threatfox.abuse.ch/export/csv/recent/
domain,sprintdrives.com,text_feeds:threatfox_c2,2026-09-29T12:51:32Z,CLEAR,0.5,c2;threatfox_c2,https://threatfox.abuse.ch/export/csv/recent/
domain,sprinthunter.com,text_feeds:threatfox_c2,2022-09-05T19:10:46Z,CLEAR,0.5,c2;threatfox_c2,https://threatfox.abuse.ch/export/csv/recent/
domain,sqft.homes,text_feeds:threatfox_c2,2026-09-25T16:07:24Z,CLEAR,0.5,c2;threatfox_c2,https://threatfox.abuse.ch/export/csv/recent/
domain,sr-institute.com,text_feeds:threatfox_c2,2026-09-25T16:07:24Z,CLEAR,0.5,c2;threatfox_c2,https://threatfox.abuse.ch/export/csv/recent/
domain,sscimails.com,text_feeds:threatfox_c2,2022-12-30T19:48:23Z,CLEAR,0.5,c2;threatfox_c2,https://threatfox.abuse.ch/export/csv/recent/
domain,ssmpson.top,text_feeds:threatfox_c2,2026-09-28T12:51:22Z,CLEAR,0.5,c2;threatfox_c2,https://threatfox.abuse.ch/export/csv/recent/
domain,stakcl.com,text_feeds:threatfox_c2,2022-12-30T19:48:06Z,CLEAR,0.5,c2;threatfox_c2,https://threatfox.abuse.ch/export/csv/recent/
domain,starlightnetcore.lol,text_feeds:threatfox_c2,2026-09-29T07:14:08Z,CLEAR,0.5,c2;threatfox_c2,https://threatfox.abuse.ch/export/csv/recent/
domain,staronesportswear.com,text_feeds:threatfox_c2,2026-09-25T15:46:15Z,CLEAR,0.5,c2;threatfox_c2,https://threatfox.abuse.ch/export/csv/recent/
domain,starpex.tn,text_feeds:threatfox_c2,2026-09-25T16:07:24Z,CLEAR,0.5,c2;threatfox_c2,https://threatfox.abuse.ch/export/csv/recent/
domain,startacquiring.com,text_feeds:threatfox_c2,2026-09-29T16:05:22Z,CLEAR,0.5,c2;threatfox_c2,https://threatfox.abuse.ch/export/csv/recent/
domain,static.nvidiadrives.com,text_feeds:threatfox_c2,2024-06-02T19:42:15Z,CLEAR,0.5,c2;threatfox_c2,https://threatfox.abuse.ch/export/csv/recent/
domain,steady-aim.com,text_feeds:threatfox_c2,2026-09-29T11:21:54Z,CLEAR,0.5,c2;threatfox_c2,https://threatfox.abuse.ch/export/csv/recent/
domain,steelandbone.co.za,text_feeds:threatfox_c2,2026-09-25T16:07:25Z,CLEAR,0.5,c2;threatfox_c2,https://threatfox.abuse.ch/export/csv/recent/
domain,stellar-sync.to,text_feeds:threatfox_c2,2026-09-29T06:36:50Z,CLEAR,0.5,c2;threatfox_c2,https://threatfox.abuse.ch/export/csv/recent/
domain,stepnbayac.net,text_feeds:threatfox_c2,2022-12-30T19:48:14Z,CLEAR,0.5,c2;threatfox_c2,https://threatfox.abuse.ch/export/csv/recent/
domain,stetic-products.com,text_feeds:threatfox_c2,2026-09-29T12:51:32Z,CLEAR,0.5,c2;threatfox_c2,https://threatfox.abuse.ch/export/csv/recent/
domain,stevenparr.net,text_feeds:threatfox_c2,2026-09-24T07:38:05Z,CLEAR,0.5,c2;threatfox_c2,https://threatfox.abuse.ch/export/csv/recent/
domain,stevenshometeam.com,text_feeds:threatfox_c2,2026-09-25T15:46:15Z,CLEAR,0.5,c2;threatfox_c2,https://threatfox.abuse.ch/export/csv/recent/
domain,stfconnect.onthewifi.com,text_feeds:threatfox_c2,2022-12-30T19:48:33Z,CLEAR,0.5,c2;threatfox_c2,https://threatfox.abuse.ch/export/csv/recent/
domain,stfrancistarntaran.com,text_feeds:threatfox_c2,2026-09-24T07:38:05Z,CLEAR,0.5,c2;threatfox_c2,https://threatfox.abuse.ch/export/csv/recent/
domain,stock-cartel.com,text_feeds:threatfox_c2,2026-09-24T07:38:05Z,CLEAR,0.5,c2;threatfox_c2,https://threatfox.abuse.ch/export/csv/recent/
domain,stoppingignpi.buzz,text_feeds:threatfox_c2,2026-08-09T06:30:55Z,CLEAR,0.5,c2;threatfox_c2,https://threatfox.abuse.ch/export/csv/recent/
domain,stopworkorderpinellas.com,text_feeds:threatfox_c2,2026-09-24T07:38:05Z,CLEAR,0.5,c2;threatfox_c2,https://threatfox.abuse.ch/export/csv/recent/
domain,stpaulrawan.org,text_feeds:threatfox_c2,2026-09-24T07:38:05Z,CLEAR,0.5,c2;threatfox_c2,https://threatfox.abuse.ch/export/csv/recent/
domain,strategyvote.com,text_feeds:threatfox_c2,2026-09-28T22:11:08Z,CLEAR,0.5,c2;threatfox_c2,https://threatfox.abuse.ch/export/csv/recent/
domain,stratpringl.com,text_feeds:threatfox_c2,2023-08-05T14:38:23Z,CLEAR,0.5,c2;threatfox_c2,https://threatfox.abuse.ch/export/csv/recent/
domain,strechy-latocha.cz,text_feeds:threatfox_c2,2026-09-25T16:07:25Z,CLEAR,0.5,c2;threatfox_c2,https://threatfox.abuse.ch/export/csv/recent/
domain,strikix.site,text_feeds:threatfox_c2,2026-09-25T15:46:16Z,CLEAR,0.5,c2;threatfox_c2,https://threatfox.abuse.ch/export/csv/recent/
domain,stritabhojian.org,text_feeds:threatfox_c2,2026-09-24T07:38:05Z,CLEAR,0.5,c2;threatfox_c2,https://threatfox.abuse.ch/export/csv/recent/
domain,structuurfondsen.nl,text_feeds:threatfox_c2,2026-09-25T15:46:16Z,CLEAR,0.5,c2;threatfox_c2,https://threatfox.abuse.ch/export/csv/recent/
domain,stthomasschoolrajasansi.org,text_feeds:threatfox_c2,2026-09-24T07:38:06Z,CLEAR,0.5,c2;threatfox_c2,https://threatfox.abuse.ch/export/csv/recent/
domain,studio-maisonleperse.com,text_feeds:threatfox_c2,2026-09-25T16:07:25Z,CLEAR,0.5,c2;threatfox_c2,https://threatfox.abuse.ch/export/csv/recent/
domain,studiogiordaninalin.it,text_feeds:threatfox_c2,2026-09-24T07:38:06Z,CLEAR,0.5,c2;threatfox_c2,https://threatfox.abuse.ch/export/csv/recent/
domain,stylive.net,text_feeds:threatfox_c2,2026-09-24T07:38:06Z,CLEAR,0.5,c2;threatfox_c2,https://threatfox.abuse.ch/export/csv/recent/
domain,sudoplus.ir,text_feeds:threatfox_c2,2026-09-29T12:51:32Z,CLEAR,0.5,c2;threatfox_c2,https://threatfox.abuse.ch/export/csv/recent/
domain,sudsstopper.com,text_feeds:threatfox_c2,2026-09-25T15:46:16Z,CLEAR,0.5,c2;threatfox_c2,https://threatfox.abuse.ch/export/csv/recent/
domain,suitesanbiagio.com,text_feeds:threatfox_c2,2026-09-25T15:46:16Z,CLEAR,0.5,c2;threatfox_c2,https://threatfox.abuse.ch/export/csv/recent/
domain,sulsonintl.com,text_feeds:threatfox_c2,2026-09-25T16:07:25Z,CLEAR,0.5,c2;threatfox_c2,https://threatfox.abuse.ch/export/csv/recent/
domain,summvia.tech,text_feeds:threatfox_c2,2026-09-25T15:46:16Z,CLEAR,0.5,c2;threatfox_c2,https://threatfox.abuse.ch/export/csv/recent/
domain,suncoastfitness.biz,text_feeds:threatfox_c2,2026-09-25T16:07:25Z,CLEAR,0.5,c2;threatfox_c2,https://threatfox.abuse.ch/export/csv/recent/
domain,sunshineriverniacitys.com,text_feeds:threatfox_c2,2026-09-29T12:51:32Z,CLEAR,0.5,c2;threatfox_c2,https://threatfox.abuse.ch/export/csv/recent/
domain,sunwu.world,text_feeds:threatfox_c2,2023-11-24T08:21:03Z,CLEAR,0.5,c2;threatfox_c2,https://threatfox.abuse.ch/export/csv/recent/
domain,sunyan.me,text_feeds:threatfox_c2,2026-05-02T06:32:25Z,CLEAR,0.5,c2;threatfox_c2,https://threatfox.abuse.ch/export/csv/recent/
domain,supernannyservices.com.sg,text_feeds:threatfox_c2,2026-09-25T16:07:25Z,CLEAR,0.5,c2;threatfox_c2,https://threatfox.abuse.ch/export/csv/recent/
domain,superscoresat.com,text_feeds:threatfox_c2,2026-09-29T16:05:22Z,CLEAR,0.5,c2;threatfox_c2,https://threatfox.abuse.ch/export/csv/recent/
domain,suppcat.online,text_feeds:threatfox_c2,2022-12-30T19:48:20Z,CLEAR,0.5,c2;threatfox_c2,https://threatfox.abuse.ch/export/csv/recent/
domain,support-wellsfargovis.com,text_feeds:threatfox_c2,2023-01-25T19:42:03Z,CLEAR,0.5,c2;threatfox_c2,https://threatfox.abuse.ch/export/csv/recent/
domain,support.whatsappsignup.com,text_feeds:threatfox_c2,2024-06-10T09:26:05Z,CLEAR,0.5,c2;threatfox_c2,https://threatfox.abuse.ch/export/csv/recent/
domain,suratha.lk,text_feeds:threatfox_c2,2026-09-29T12:51:32Z,CLEAR,0.5,c2;threatfox_c2,https://threatfox.abuse.ch/export/csv/recent/
domain,sureshot.com.au,text_feeds:threatfox_c2,2026-09-25T15:46:16Z,CLEAR,0.5,c2;threatfox_c2,https://threatfox.abuse.ch/export/csv/recent/
domain,surplusofer.com,text_feeds:threatfox_c2,2023-06-08T16:27:41Z,CLEAR,0.5,c2;threatfox_c2,https://threatfox.abuse.ch/export/csv/recent/
domain,svarela.com,text_feeds:threatfox_c2,2026-09-28T21:20:16Z,CLEAR,0.5,c2;threatfox_c2,https://threatfox.abuse.ch/export/csv/recent/
domain,svchosst.com,text_feeds:threatfox_c2,2022-12-30T19:48:13Z,CLEAR,0.5,c2;threatfox_c2,https://threatfox.abuse.ch/export/csv/recent/
domain,svcrencst.com,text_feeds:threatfox_c2,2023-01-20T14:21:02Z,CLEAR,0.5,c2;threatfox_c2,https://threatfox.abuse.ch/export/csv/recent/
domain,svcshosvt.com,text_feeds:threatfox_c2,2023-02-26T09:03:08Z,CLEAR,0.5,c2;threatfox_c2,https://threatfox.abuse.ch/export/csv/recent/
domain,svdetectiveagency.com,text_feeds:threatfox_c2,2026-09-24T07:38:06Z,CLEAR,0.5,c2;threatfox_c2,https://threatfox.abuse.ch/export/csv/recent/
domain,sveexec.com,text_feeds:threatfox_c2,2023-04-22T18:00:03Z,CLEAR,0.5,c2;threatfox_c2,https://threatfox.abuse.ch/export/csv/recent/
domain,sweeterhr.com,text_feeds:threatfox_c2,2026-09-28T21:15:10Z,CLEAR,0.5,c2;threatfox_c2,https://threatfox.abuse.ch/export/csv/recent/
domain,sweetiegirl.org,text_feeds:threatfox_c2,2026-09-25T15:46:17Z,CLEAR,0.5,c2;threatfox_c2,https://threatfox.abuse.ch/export/csv/recent/
domain,sweetvalleycitrus.com,text_feeds:threatfox_c2,2026-09-25T16:07:26Z,CLEAR,0.5,c2;threatfox_c2,https://threatfox.abuse.ch/export/csv/recent/
domain,swifstack.com,text_feeds:threatfox_c2,2026-09-10T21:03:55Z,CLEAR,0.5,c2;threatfox_c2,https://threatfox.abuse.ch/export/csv/recent/
domain,syncorporation.com,text_feeds:threatfox_c2,2022-12-30T19:48:48Z,CLEAR,0.5,c2;threatfox_c2,https://threatfox.abuse.ch/export/csv/recent/
domain,synergybailbonds.com,text_feeds:threatfox_c2,2026-09-25T15:46:17Z,CLEAR,0.5,c2;threatfox_c2,https://threatfox.abuse.ch/export/csv/recent/
domain,synex-soft.com,text_feeds:threatfox_c2,2026-09-25T16:07:26Z,CLEAR,0.5,c2;threatfox_c2,https://threatfox.abuse.ch/export/csv/recent/
domain,synzuusportswears.com,text_feeds:threatfox_c2,2026-09-25T15:46:17Z,CLEAR,0.5,c2;threatfox_c2,https://threatfox.abuse.ch/export/csv/recent/
domain,systececuador.com,text_feeds:threatfox_c2,2026-09-25T15:46:17Z,CLEAR,0.5,c2;threatfox_c2,https://threatfox.abuse.ch/export/csv/recent/
domain,system-patch-node.am,text_feeds:threatfox_c2,2026-09-29T06:36:50Z,CLEAR,0.5,c2;threatfox_c2,https://threatfox.abuse.ch/export/csv/recent/
domain,t3aindustry.com,text_feeds:threatfox_c2,2026-09-25T15:46:17Z,CLEAR,0.5,c2;threatfox_c2,https://threatfox.abuse.ch/export/csv/recent/
domain,tablodecorative.com,text_feeds:threatfox_c2,2026-09-29T12:51:32Z,CLEAR,0.5,c2;threatfox_c2,https://threatfox.abuse.ch/export/csv/recent/
domain,tagujog.com,text_feeds:threatfox_c2,2022-10-13T19:35:22Z,CLEAR,0.5,c2;threatfox_c2,https://threatfox.abuse.ch/export/csv/recent/
domain,taiwahnoodles.com,text_feeds:threatfox_c2,2026-09-29T12:51:32Z,CLEAR,0.5,c2;threatfox_c2,https://threatfox.abuse.ch/export/csv/recent/
domain,tajabeverages.com,text_feeds:threatfox_c2,2026-09-28T06:32:42Z,CLEAR,0.5,c2;threatfox_c2,https://threatfox.abuse.ch/export/csv/recent/
domain,talentismo.org,text_feeds:threatfox_c2,2026-09-29T12:51:32Z,CLEAR,0.5,c2;threatfox_c2,https://threatfox.abuse.ch/export/csv/recent/
domain,talonbilling.com,text_feeds:threatfox_c2,2023-02-26T09:03:09Z,CLEAR,0.5,c2;threatfox_c2,https://threatfox.abuse.ch/export/csv/recent/
domain,tandfkonyvelo.hu,text_feeds:threatfox_c2,2026-09-25T18:13:19Z,CLEAR,0.5,c2;threatfox_c2,https://threatfox.abuse.ch/export/csv/recent/
domain,tanjunghomemassage.com,text_feeds:threatfox_c2,2026-09-25T15:46:17Z,CLEAR,0.5,c2;threatfox_c2,https://threatfox.abuse.ch/export/csv/recent/
domain,taraezell.com,text_feeds:threatfox_c2,2026-09-24T07:38:07Z,CLEAR,0.5,c2;threatfox_c2,https://threatfox.abuse.ch/export/csv/recent/
domain,tarantothinktank.it,text_feeds:threatfox_c2,2026-09-24T07:38:07Z,CLEAR,0.5,c2;threatfox_c2,https://threatfox.abuse.ch/export/csv/recent/
domain,tarjetadetacografo.com,text_feeds:threatfox_c2,2026-09-25T15:46:17Z,CLEAR,0.5,c2;threatfox_c2,https://threatfox.abuse.ch/export/csv/recent/
domain,tarkashastra.com,text_feeds:threatfox_c2,2026-09-10T21:03:56Z,CLEAR,0.5,c2;threatfox_c2,https://threatfox.abuse.ch/export/csv/recent/
domain,tasaam.com,text_feeds:threatfox_c2,2026-09-24T22:56:34Z,CLEAR,0.5,c2;threatfox_c2,https://threatfox.abuse.ch/export/csv/recent/
domain,taskham.ir,text_feeds:threatfox_c2,2026-09-24T07:38:07Z,CLEAR,0.5,c2;threatfox_c2,https://threatfox.abuse.ch/export/csv/recent/
domain,tasnimnazeer.com,text_feeds:threatfox_c2,2026-09-25T16:07:26Z,CLEAR,0.5,c2;threatfox_c2,https://threatfox.abuse.ch/export/csv/recent/
domain,taswe.or.tz,text_feeds:threatfox_c2,2026-09-25T16:07:26Z,CLEAR,0.5,c2;threatfox_c2,https://threatfox.abuse.ch/export/csv/recent/
domain,tavernadeirutuli.it,text_feeds:threatfox_c2,2026-09-25T15:46:17Z,CLEAR,0.5,c2;threatfox_c2,https://threatfox.abuse.ch/export/csv/recent/
domain,taxisdesvignobles-sancerre.fr,text_feeds:threatfox_c2,2026-09-24T22:56:34Z,CLEAR,0.5,c2;threatfox_c2,https://threatfox.abuse.ch/export/csv/recent/
domain,taylorfamilyenterprisesllc.com,text_feeds:threatfox_c2,2026-09-17T11:19:53Z,CLEAR,0.5,c2;threatfox_c2,https://threatfox.abuse.ch/export/csv/recent/
domain,tazakhobor.com,text_feeds:threatfox_c2,2026-09-25T15:46:17Z,CLEAR,0.5,c2;threatfox_c2,https://threatfox.abuse.ch/export/csv/recent/
domain,tbdbuilders.com,text_feeds:threatfox_c2,2026-09-25T16:07:27Z,CLEAR,0.5,c2;threatfox_c2,https://threatfox.abuse.ch/export/csv/recent/
domain,tcessolution.com,text_feeds:threatfox_c2,2023-07-25T10:17:22Z,CLEAR,0.5,c2;threatfox_c2,https://threatfox.abuse.ch/export/csv/recent/
domain,te-elektrotechnik.com,text_feeds:threatfox_c2,2026-09-29T12:51:32Z,CLEAR,0.5,c2;threatfox_c2,https://threatfox.abuse.ch/export/csv/recent/
domain,teachifyph.com,text_feeds:threatfox_c2,2026-09-25T15:46:17Z,CLEAR,0.5,c2;threatfox_c2,https://threatfox.abuse.ch/export/csv/recent/
domain,teachintouch.it,text_feeds:threatfox_c2,2026-09-25T16:07:27Z,CLEAR,0.5,c2;threatfox_c2,https://threatfox.abuse.ch/export/csv/recent/
domain,teagueslawncare.com,text_feeds:threatfox_c2,2026-09-25T15:46:17Z,CLEAR,0.5,c2;threatfox_c2,https://threatfox.abuse.ch/export/csv/recent/
domain,teaselnave.co,text_feeds:threatfox_c2,2026-09-29T06:46:14Z,CLEAR,0.5,c2;threatfox_c2,https://threatfox.abuse.ch/export/csv/recent/
domain,tech-guard.vguard.tech,text_feeds:threatfox_c2,2023-11-22T20:04:09Z,CLEAR,0.5,c2;threatfox_c2,https://threatfox.abuse.ch/export/csv/recent/
domain,techdevcorp.com,text_feeds:threatfox_c2,2022-12-30T19:48:48Z,CLEAR,0.5,c2;threatfox_c2,https://threatfox.abuse.ch/export/csv/recent/
domain,techeducate.com,text_feeds:threatfox_c2,2026-09-28T18:39:12Z,CLEAR,0.5,c2;threatfox_c2,https://threatfox.abuse.ch/export/csv/recent/
domain,techly-fix.space,text_feeds:threatfox_c2,2026-09-25T15:46:18Z,CLEAR,0.5,c2;threatfox_c2,https://threatfox.abuse.ch/export/csv/recent/
domain,technicollit.com,text_feeds:threatfox_c2,2022-12-30T19:48:48Z,CLEAR,0.5,c2;threatfox_c2,https://threatfox.abuse.ch/export/csv/recent/
domain,technikahq.com,text_feeds:threatfox_c2,2026-09-25T15:46:18Z,CLEAR,0.5,c2;threatfox_c2,https://threatfox.abuse.ch/export/csv/recent/
domain,technikaiprzemysl.pl,text_feeds:threatfox_c2,2026-09-25T15:46:18Z,CLEAR,0.5,c2;threatfox_c2,https://threatfox.abuse.ch/export/csv/recent/
domain,techrappy.com,text_feeds:threatfox_c2,2026-09-25T15:46:18Z,CLEAR,0.5,c2;threatfox_c2,https://threatfox.abuse.ch/export/csv/recent/
domain,techsolution.com.pk,text_feeds:threatfox_c2,2026-09-29T12:51:32Z,CLEAR,0.5,c2;threatfox_c2,https://threatfox.abuse.ch/export/csv/recent/
domain,techsyscloud.com,text_feeds:threatfox_c2,2023-11-24T08:21:04Z,CLEAR,0.5,c2;threatfox_c2,https://threatfox.abuse.ch/export/csv/recent/
domain,techwyre.com,text_feeds:threatfox_c2,2026-09-25T16:07:27Z,CLEAR,0.5,c2;threatfox_c2,https://threatfox.abuse.ch/export/csv/recent/
domain,techyuniversity.com,text_feeds:threatfox_c2,2026-09-24T07:38:08Z,CLEAR,0.5,c2;threatfox_c2,https://threatfox.abuse.ch/export/csv/recent/
domain,techzinfinity.com,text_feeds:threatfox_c2,2026-09-24T07:38:08Z,CLEAR,0.5,c2;threatfox_c2,https://threatfox.abuse.ch/export/csv/recent/
domain,teenytinyom.com,text_feeds:threatfox_c2,2026-09-25T16:07:27Z,CLEAR,0.5,c2;threatfox_c2,https://threatfox.abuse.ch/export/csv/recent/
domain,tehomics.link,text_feeds:threatfox_c2,2023-08-14T16:00:04Z,CLEAR,0.5,c2;threatfox_c2,https://threatfox.abuse.ch/export/csv/recent/
domain,tekniko.ir,text_feeds:threatfox_c2,2026-09-25T15:46:18Z,CLEAR,0.5,c2;threatfox_c2,https://threatfox.abuse.ch/export/csv/recent/
domain,telegraphspace.com,text_feeds:threatfox_c2,2026-09-29T16:06:12Z,CLEAR,0.5,c2;threatfox_c2,https://threatfox.abuse.ch/export/csv/recent/
domain,telembank.com,text_feeds:threatfox_c2,2022-06-23T10:54:17Z,CLEAR,0.5,c2;threatfox_c2,https://threatfox.abuse.ch/export/csv/recent/
domain,telemetrin.com,text_feeds:threatfox_c2,2022-12-30T19:48:46Z,CLEAR,0.5,c2;threatfox_c2,https://threatfox.abuse.ch/export/csv/recent/
domain,teluricaestudio.com,text_feeds:threatfox_c2,2026-09-24T07:38:08Z,CLEAR,0.5,c2;threatfox_c2,https://threatfox.abuse.ch/export/csv/recent/
domain,telusmobility-billed.com,text_feeds:threatfox_c2,2023-01-20T14:21:02Z,CLEAR,0.5,c2;threatfox_c2,https://threatfox.abuse.ch/export/csv/recent/
domain,tenuwoju.workers.dev,text_feeds:threatfox_c2,2026-09-28T03:25:21Z,CLEAR,0.5,c2;threatfox_c2,https://threatfox.abuse.ch/export/csv/recent/
domain,tep-limousin.fr,text_feeds:threatfox_c2,2026-09-24T07:38:08Z,CLEAR,0.5,c2;threatfox_c2,https://threatfox.abuse.ch/export/csv/recent/
domain,tercasa.de,text_feeds:threatfox_c2,2026-09-25T16:07:27Z,CLEAR,0.5,c2;threatfox_c2,https://threatfox.abuse.ch/export/csv/recent/
domain,teresariba.com,text_feeds:threatfox_c2,2026-09-29T16:05:22Z,CLEAR,0.5,c2;threatfox_c2,https://threatfox.abuse.ch/export/csv/recent/
domain,terroklo.com,text_feeds:threatfox_c2,2022-05-19T18:01:58Z,CLEAR,0.5,c2;threatfox_c2,https://threatfox.abuse.ch/export/csv/recent/
domain,test.227api.com,text_feeds:threatfox_c2,2022-12-05T19:27:32Z,CLEAR,0.5,c2;threatfox_c2,https://threatfox.abuse.ch/export/csv/recent/
domain,test.dnslogger.site,text_feeds:threatfox_c2,2026-01-16T14:56:19Z,CLEAR,0.5,c2;threatfox_c2,https://threatfox.abuse.ch/export/csv/recent/
domain,test.officeplustool.top,text_feeds:threatfox_c2,2026-06-27T15:46:01Z,CLEAR,0.5,c2;threatfox_c2,https://threatfox.abuse.ch/export/csv/recent/
domain,testnovin8.ir,text_feeds:threatfox_c2,2026-09-29T12:51:32Z,CLEAR,0.5,c2;threatfox_c2,https://threatfox.abuse.ch/export/csv/recent/
domain,tetafup.com,text_feeds:threatfox_c2,2022-12-30T19:48:09Z,CLEAR,0.5,c2;threatfox_c2,https://threatfox.abuse.ch/export/csv/recent/
domain,teystyjeem.com,text_feeds:threatfox_c2,2022-12-30T19:48:42Z,CLEAR,0.5,c2;threatfox_c2,https://threatfox.abuse.ch/export/csv/recent/
domain,tftp2.sh,text_feeds:threatfox_c2,2026-09-16T06:24:35Z,CLEAR,0.5,c2;threatfox_c2,https://threatfox.abuse.ch/export/csv/recent/
domain,thaivillaboutique.com,text_feeds:threatfox_c2,2026-09-24T07:38:08Z,CLEAR,0.5,c2;threatfox_c2,https://threatfox.abuse.ch/export/csv/recent/
domain,tharposts.com,text_feeds:threatfox_c2,2026-09-17T11:19:53Z,CLEAR,0.5,c2;threatfox_c2,https://threatfox.abuse.ch/export/csv/recent/
domain,thaynanmariano.com.br,text_feeds:threatfox_c2,2026-09-25T15:46:18Z,CLEAR,0.5,c2;threatfox_c2,https://threatfox.abuse.ch/export/csv/recent/
domain,thconnewfoot.org,text_feeds:threatfox_c2,2023-08-26T18:42:04Z,CLEAR,0.5,c2;threatfox_c2,https://threatfox.abuse.ch/export/csv/recent/
domain,theaffinitysalon.com,text_feeds:threatfox_c2,2026-09-24T07:38:08Z,CLEAR,0.5,c2;threatfox_c2,https://threatfox.abuse.ch/export/csv/recent/
domain,theagendathai.com,text_feeds:threatfox_c2,2026-09-24T07:38:08Z,CLEAR,0.5,c2;threatfox_c2,https://threatfox.abuse.ch/export/csv/recent/
domain,theamericancause.org,text_feeds:threatfox_c2,2026-09-24T07:38:09Z,CLEAR,0.5,c2;threatfox_c2,https://threatfox.abuse.ch/export/csv/recent/
domain,theatrum-mundi.org,text_feeds:threatfox_c2,2026-09-25T16:07:28Z,CLEAR,0.5,c2;threatfox_c2,https://threatfox.abuse.ch/export/csv/recent/
domain,thebeyondparadise.com,text_feeds:threatfox_c2,2026-09-29T16:05:23Z,CLEAR,0.5,c2;threatfox_c2,https://threatfox.abuse.ch/export/csv/recent/
domain,thebiznessmusic.com,text_feeds:threatfox_c2,2026-09-24T07:38:09Z,CLEAR,0.5,c2;threatfox_c2,https://threatfox.abuse.ch/export/csv/recent/
domain,theblackfashionmovement.com,text_feeds:threatfox_c2,2026-09-25T16:07:28Z,CLEAR,0.5,c2;threatfox_c2,https://threatfox.abuse.ch/export/csv/recent/
domain,thecampaignfor3301.com,text_feeds:threatfox_c2,2026-09-25T16:07:28Z,CLEAR,0.5,c2;threatfox_c2,https://threatfox.abuse.ch/export/csv/recent/
domain,thecareerpath.net,text_feeds:threatfox_c2,2026-09-17T11:19:53Z,CLEAR,0.5,c2;threatfox_c2,https://threatfox.abuse.ch/export/csv/recent/
domain,thecomfycurator.com,text_feeds:threatfox_c2,2026-09-28T06:32:44Z,CLEAR,0.5,c2;threatfox_c2,https://threatfox.abuse.ch/export/csv/recent/
domain,thedaily-news.com,text_feeds:threatfox_c2,2022-06-23T10:54:18Z,CLEAR,0.5,c2;threatfox_c2,https://threatfox.abuse.ch/export/csv/recent/
domain,thedigitalz.com,text_feeds:threatfox_c2,2026-09-25T15:46:18Z,CLEAR,0.5,c2;threatfox_c2,https://threatfox.abuse.ch/export/csv/recent/
domain,thediva.ca,text_feeds:threatfox_c2,2026-09-28T06:32:44Z,CLEAR,0.5,c2;threatfox_c2,https://threatfox.abuse.ch/export/csv/recent/
domain,theeventstudio.co.in,text_feeds:threatfox_c2,2026-09-24T07:38:09Z,CLEAR,0.5,c2;threatfox_c2,https://threatfox.abuse.ch/export/csv/recent/
domain,thefepsiantorch.com,text_feeds:threatfox_c2,2026-09-24T07:38:09Z,CLEAR,0.5,c2;threatfox_c2,https://threatfox.abuse.ch/export/csv/recent/
domain,thefiascos.com,text_feeds:threatfox_c2,2026-05-02T06:32:26Z,CLEAR,0.5,c2;threatfox_c2,https://threatfox.abuse.ch/export/csv/recent/
domain,thegoodecompanies.com,text_feeds:threatfox_c2,2026-09-25T16:07:28Z,CLEAR,0.5,c2;threatfox_c2,https://threatfox.abuse.ch/export/csv/recent/
domain,thehackertech.com,text_feeds:threatfox_c2,2026-09-25T15:46:18Z,CLEAR,0.5,c2;threatfox_c2,https://threatfox.abuse.ch/export/csv/recent/
domain,thehamptonhomestead.com,text_feeds:threatfox_c2,2026-09-28T06:32:45Z,CLEAR,0.5,c2;threatfox_c2,https://threatfox.abuse.ch/export/csv/recent/
domain,theimperialscholarsschool.com,text_feeds:threatfox_c2,2026-09-25T15:46:19Z,CLEAR,0.5,c2;threatfox_c2,https://threatfox.abuse.ch/export/csv/recent/
domain,theiner.de,text_feeds:threatfox_c2,2026-09-29T12:51:32Z,CLEAR,0.5,c2;threatfox_c2,https://threatfox.abuse.ch/export/csv/recent/
domain,theinfoinc.com,text_feeds:threatfox_c2,2022-12-30T19:48:22Z,CLEAR,0.5,c2;threatfox_c2,https://threatfox.abuse.ch/export/csv/recent/
domain,thenbkgroup.com,text_feeds:threatfox_c2,2023-01-20T14:21:02Z,CLEAR,0.5,c2;threatfox_c2,https://threatfox.abuse.ch/export/csv/recent/
domain,thenewparentplaybook.com,text_feeds:threatfox_c2,2026-09-25T16:07:29Z,CLEAR,0.5,c2;threatfox_c2,https://threatfox.abuse.ch/export/csv/recent/
domain,theomahalawyers.com,text_feeds:threatfox_c2,2026-09-24T07:38:09Z,CLEAR,0.5,c2;threatfox_c2,https://threatfox.abuse.ch/export/csv/recent/
domain,theosis.site,text_feeds:threatfox_c2,2026-09-25T16:07:29Z,CLEAR,0.5,c2;threatfox_c2,https://threatfox.abuse.ch/export/csv/recent/
domain,thepostertribe.com,text_feeds:threatfox_c2,2026-09-29T12:51:33Z,CLEAR,0.5,c2;threatfox_c2,https://threatfox.abuse.ch/export/csv/recent/
domain,therdtuniverse.com,text_feeds:threatfox_c2,2026-09-24T07:38:09Z,CLEAR,0.5,c2;threatfox_c2,https://threatfox.abuse.ch/export/csv/recent/
domain,thereccorp.com,text_feeds:threatfox_c2,2026-09-24T07:38:09Z,CLEAR,0.5,c2;threatfox_c2,https://threatfox.abuse.ch/export/csv/recent/
domain,thetuffmonkey.com,text_feeds:threatfox_c2,2026-09-24T07:38:09Z,CLEAR,0.5,c2;threatfox_c2,https://threatfox.abuse.ch/export/csv/recent/
domain,thewhsc.com,text_feeds:threatfox_c2,2026-09-25T15:46:19Z,CLEAR,0.5,c2;threatfox_c2,https://threatfox.abuse.ch/export/csv/recent/
domain,thewindaedivision.co.uk,text_feeds:threatfox_c2,2026-09-25T16:07:29Z,CLEAR,0.5,c2;threatfox_c2,https://threatfox.abuse.ch/export/csv/recent/
domain,thewmb.co.uk,text_feeds:threatfox_c2,2026-09-25T16:07:29Z,CLEAR,0.5,c2;threatfox_c2,https://threatfox.abuse.ch/export/csv/recent/
domain,theworldzooming.com,text_feeds:threatfox_c2,2026-09-24T07:38:09Z,CLEAR,0.5,c2;threatfox_c2,https://threatfox.abuse.ch/export/csv/recent/
domain,thinktankamc.com,text_feeds:threatfox_c2,2026-09-24T07:38:10Z,CLEAR,0.5,c2;threatfox_c2,https://threatfox.abuse.ch/export/csv/recent/
domain,thinness-minceur.com,text_feeds:threatfox_c2,2026-09-17T11:19:53Z,CLEAR,0.5,c2;threatfox_c2,https://threatfox.abuse.ch/export/csv/recent/
domain,thokhoabienhoa.com,text_feeds:threatfox_c2,2026-09-24T07:38:10Z,CLEAR,0.5,c2;threatfox_c2,https://threatfox.abuse.ch/export/csv/recent/
domain,threebrothersram.com,text_feeds:threatfox_c2,2026-09-24T07:38:10Z,CLEAR,0.5,c2;threatfox_c2,https://threatfox.abuse.ch/export/csv/recent/
domain,thrivesolarmexico.com,text_feeds:threatfox_c2,2026-09-25T15:46:19Z,CLEAR,0.5,c2;threatfox_c2,https://threatfox.abuse.ch/export/csv/recent/
domain,throughthelines.com,text_feeds:threatfox_c2,2026-09-24T07:38:10Z,CLEAR,0.5,c2;threatfox_c2,https://threatfox.abuse.ch/export/csv/recent/
domain,thunderstopui912.life,text_feeds:threatfox_c2,2026-09-15T20:39:15Z,CLEAR,0.5,c2;threatfox_c2,https://threatfox.abuse.ch/export/csv/recent/
domain,thuylinhlonggroup.com,text_feeds:threatfox_c2,2026-09-29T12:51:33Z,CLEAR,0.5,c2;threatfox_c2,https://threatfox.abuse.ch/export/csv/recent/
domain,tienda.biombos.cl,text_feeds:threatfox_c2,2026-09-25T16:07:30Z,CLEAR,0.5,c2;threatfox_c2,https://threatfox.abuse.ch/export/csv/recent/
domain,time4progress.biz,text_feeds:threatfox_c2,2026-09-29T12:51:33Z,CLEAR,0.5,c2;threatfox_c2,https://threatfox.abuse.ch/export/csv/recent/
domain,timejas.lt,text_feeds:threatfox_c2,2026-09-25T16:07:30Z,CLEAR,0.5,c2;threatfox_c2,https://threatfox.abuse.ch/export/csv/recent/
domain,tindevil.com,text_feeds:threatfox_c2,2026-09-24T22:56:34Z,CLEAR,0.5,c2;threatfox_c2,https://threatfox.abuse.ch/export/csv/recent/
domain,tipsforhealthy.com,text_feeds:threatfox_c2,2026-09-25T16:07:30Z,CLEAR,0.5,c2;threatfox_c2,https://threatfox.abuse.ch/export/csv/recent/
domain,titantonics.com,text_feeds:threatfox_c2,2026-09-25T16:07:30Z,CLEAR,0.5,c2;threatfox_c2,https://threatfox.abuse.ch/export/csv/recent/
domain,tkcbusinessconsulting.com,text_feeds:threatfox_c2,2026-05-02T06:32:28Z,CLEAR,0.5,c2;threatfox_c2,https://threatfox.abuse.ch/export/csv/recent/
domain,tkevi.edu.ng,text_feeds:threatfox_c2,2026-09-25T16:07:30Z,CLEAR,0.5,c2;threatfox_c2,https://threatfox.abuse.ch/export/csv/recent/
domain,tkquatresaisons.com,text_feeds:threatfox_c2,2026-09-25T15:46:19Z,CLEAR,0.5,c2;threatfox_c2,https://threatfox.abuse.ch/export/csv/recent/
domain,tlssnv.com,text_feeds:threatfox_c2,2026-09-24T22:56:34Z,CLEAR,0.5,c2;threatfox_c2,https://threatfox.abuse.ch/export/csv/recent/
domain,tobiasregell.com,text_feeds:threatfox_c2,2026-09-24T07:38:10Z,CLEAR,0.5,c2;threatfox_c2,https://threatfox.abuse.ch/export/csv/recent/
domain,tobleassocies.com,text_feeds:threatfox_c2,2026-09-29T12:51:33Z,CLEAR,0.5,c2;threatfox_c2,https://threatfox.abuse.ch/export/csv/recent/
domain,todoalrosa.com,text_feeds:threatfox_c2,2026-09-25T16:28:19Z,CLEAR,0.5,c2;threatfox_c2,https://threatfox.abuse.ch/export/csv/recent/
domain,tofartinthesummer.com,text_feeds:threatfox_c2,2026-09-28T19:49:36Z,CLEAR,0.5,c2;threatfox_c2,https://threatfox.abuse.ch/export/csv/recent/
domain,tohidsofal.com,text_feeds:threatfox_c2,2026-09-29T12:51:33Z,CLEAR,0.5,c2;threatfox_c2,https://threatfox.abuse.ch/export/csv/recent/
domain,tokai-yokosuka.co.jp,text_feeds:threatfox_c2,2026-09-24T07:48:28Z,CLEAR,0.5,c2;threatfox_c2,https://threatfox.abuse.ch/export/csv/recent/
domain,tokorara.com,text_feeds:threatfox_c2,2026-09-24T07:38:10Z,CLEAR,0.5,c2;threatfox_c2,https://threatfox.abuse.ch/export/csv/recent/
domain,tomegidy.workers.dev,text_feeds:threatfox_c2,2026-09-29T10:39:10Z,CLEAR,0.5,c2;threatfox_c2,https://threatfox.abuse.ch/export/csv/recent/
domain,tomorealestate.nl,text_feeds:threatfox_c2,2026-09-24T07:38:10Z,CLEAR,0.5,c2;threatfox_c2,https://threatfox.abuse.ch/export/csv/recent/
domain,toolversaa.com,text_feeds:threatfox_c2,2026-09-25T15:46:20Z,CLEAR,0.5,c2;threatfox_c2,https://threatfox.abuse.ch/export/csv/recent/
domain,top-business-blog.com,text_feeds:threatfox_c2,2022-12-30T19:48:30Z,CLEAR,0.5,c2;threatfox_c2,https://threatfox.abuse.ch/export/csv/recent/
domain,topbodytrainer.com,text_feeds:threatfox_c2,2026-09-25T16:07:30Z,CLEAR,0.5,c2;threatfox_c2,https://threatfox.abuse.ch/export/csv/recent/
domain,topgamenetwork.com,text_feeds:threatfox_c2,2022-12-31T18:58:09Z,CLEAR,0.5,c2;threatfox_c2,https://threatfox.abuse.ch/export/csv/recent/
domain,topindesport.be,text_feeds:threatfox_c2,2026-09-25T15:46:20Z,CLEAR,0.5,c2;threatfox_c2,https://threatfox.abuse.ch/export/csv/recent/
domain,topinfocompany.com,text_feeds:threatfox_c2,2022-12-30T19:48:26Z,CLEAR,0.5,c2;threatfox_c2,https://threatfox.abuse.ch/export/csv/recent/
domain,topnewscompany.com,text_feeds:threatfox_c2,2022-12-30T19:48:28Z,CLEAR,0.5,c2;threatfox_c2,https://threatfox.abuse.ch/export/csv/recent/
domain,topsailstandard.com,text_feeds:threatfox_c2,2026-09-25T16:07:30Z,CLEAR,0.5,c2;threatfox_c2,https://threatfox.abuse.ch/export/csv/recent/
domain,topsmartservice.com,text_feeds:threatfox_c2,2022-12-30T19:48:30Z,CLEAR,0.5,c2;threatfox_c2,https://threatfox.abuse.ch/export/csv/recent/
domain,topspacemanagement.com,text_feeds:threatfox_c2,2026-09-24T07:38:10Z,CLEAR,0.5,c2;threatfox_c2,https://threatfox.abuse.ch/export/csv/recent/
domain,tornadosmart.com,text_feeds:threatfox_c2,2026-09-25T15:46:20Z,CLEAR,0.5,c2;threatfox_c2,https://threatfox.abuse.ch/export/csv/recent/
domain,torrasgroup.com,text_feeds:threatfox_c2,2026-09-25T15:46:20Z,CLEAR,0.5,c2;threatfox_c2,https://threatfox.abuse.ch/export/csv/recent/
domain,totalcontractcleaning.co.uk,text_feeds:threatfox_c2,2026-09-24T22:56:34Z,CLEAR,0.5,c2;threatfox_c2,https://threatfox.abuse.ch/export/csv/recent/
domain,totalmedicalweightloss.com,text_feeds:threatfox_c2,2026-09-28T22:11:09Z,CLEAR,0.5,c2;threatfox_c2,https://threatfox.abuse.ch/export/csv/recent/
domain,tr.27trans.org,text_feeds:threatfox_c2,2026-09-28T14:16:28Z,CLEAR,0.5,c2;threatfox_c2,https://threatfox.abuse.ch/export/csv/recent/
domain,tr.5-rt.org,text_feeds:threatfox_c2,2026-09-28T14:16:28Z,CLEAR,0.5,c2;threatfox_c2,https://threatfox.abuse.ch/export/csv/recent/
domain,tr.v-panel.asia,text_feeds:threatfox_c2,2026-09-28T12:51:18Z,CLEAR,0.5,c2;threatfox_c2,https://threatfox.abuse.ch/export/csv/recent/
domain,trackmetrica.icu,text_feeds:threatfox_c2,2026-02-24T11:35:20Z,CLEAR,0.5,c2;threatfox_c2,https://threatfox.abuse.ch/export/csv/recent/
domain,tracymartinauthor.com,text_feeds:threatfox_c2,2026-09-25T15:46:20Z,CLEAR,0.5,c2;threatfox_c2,https://threatfox.abuse.ch/export/csv/recent/
domain,trademot.finance,text_feeds:threatfox_c2,2022-12-30T19:48:42Z,CLEAR,0.5,c2;threatfox_c2,https://threatfox.abuse.ch/export/csv/recent/
domain,tradingriser.com,text_feeds:threatfox_c2,2026-09-24T07:38:10Z,CLEAR,0.5,c2;threatfox_c2,https://threatfox.abuse.ch/export/csv/recent/
domain,traditionalturkisharts.co.uk,text_feeds:threatfox_c2,2026-09-28T22:11:11Z,CLEAR,0.5,c2;threatfox_c2,https://threatfox.abuse.ch/export/csv/recent/
domain,trangtrinoingoaithatminhkhang.com,text_feeds:threatfox_c2,2026-09-29T12:51:33Z,CLEAR,0.5,c2;threatfox_c2,https://threatfox.abuse.ch/export/csv/recent/
domain,transfercloud.net,text_feeds:threatfox_c2,2022-12-30T19:48:08Z,CLEAR,0.5,c2;threatfox_c2,https://threatfox.abuse.ch/export/csv/recent/
domain,transferslovenia.com,text_feeds:threatfox_c2,2026-09-25T16:07:31Z,CLEAR,0.5,c2;threatfox_c2,https://threatfox.abuse.ch/export/csv/recent/
domain,transpau.com.br,text_feeds:threatfox_c2,2026-09-24T07:48:28Z,CLEAR,0.5,c2;threatfox_c2,https://threatfox.abuse.ch/export/csv/recent/
domain,travelersnotebooks.com,text_feeds:threatfox_c2,2026-09-25T16:07:31Z,CLEAR,0.5,c2;threatfox_c2,https://threatfox.abuse.ch/export/csv/recent/
domain,traxemsignatures.com,text_feeds:threatfox_c2,2026-09-25T16:07:31Z,CLEAR,0.5,c2;threatfox_c2,https://threatfox.abuse.ch/export/csv/recent/
domain,treecitycandy.com,text_feeds:threatfox_c2,2026-09-25T16:07:31Z,CLEAR,0.5,c2;threatfox_c2,https://threatfox.abuse.ch/export/csv/recent/
domain,trendstechhub.com,text_feeds:threatfox_c2,2026-09-25T15:46:20Z,CLEAR,0.5,c2;threatfox_c2,https://threatfox.abuse.ch/export/csv/recent/
domain,trenorehab.org,text_feeds:threatfox_c2,2026-09-25T15:46:20Z,CLEAR,0.5,c2;threatfox_c2,https://threatfox.abuse.ch/export/csv/recent/
domain,trikonllc.com,text_feeds:threatfox_c2,2026-09-29T12:51:33Z,CLEAR,0.5,c2;threatfox_c2,https://threatfox.abuse.ch/export/csv/recent/
domain,trippias.com,text_feeds:threatfox_c2,2026-09-25T16:07:31Z,CLEAR,0.5,c2;threatfox_c2,https://threatfox.abuse.ch/export/csv/recent/
domain,triunfare.com.br,text_feeds:threatfox_c2,2026-09-25T16:07:31Z,CLEAR,0.5,c2;threatfox_c2,https://threatfox.abuse.ch/export/csv/recent/
domain,troikatechservices.in,text_feeds:threatfox_c2,2026-09-25T15:46:21Z,CLEAR,0.5,c2;threatfox_c2,https://threatfox.abuse.ch/export/csv/recent/
domain,trokuni412.icu,text_feeds:threatfox_c2,2026-09-14T16:53:24Z,CLEAR,0.5,c2;threatfox_c2,https://threatfox.abuse.ch/export/csv/recent/
domain,trumpiko.com,text_feeds:threatfox_c2,2022-06-23T17:11:58Z,CLEAR,0.5,c2;threatfox_c2,https://threatfox.abuse.ch/export/csv/recent/
domain,tsg3mentertainment.com,text_feeds:threatfox_c2,2026-09-25T16:07:32Z,CLEAR,0.5,c2;threatfox_c2,https://threatfox.abuse.ch/export/csv/recent/
domain,tsgholdingsllc.com,text_feeds:threatfox_c2,2026-09-25T15:46:21Z,CLEAR,0.5,c2;threatfox_c2,https://threatfox.abuse.ch/export/csv/recent/
domain,tubo-repair.space,text_feeds:threatfox_c2,2026-09-25T15:46:21Z,CLEAR,0.5,c2;threatfox_c2,https://threatfox.abuse.ch/export/csv/recent/
domain,tuitionfarm.co.uk,text_feeds:threatfox_c2,2026-09-28T06:32:45Z,CLEAR,0.5,c2;threatfox_c2,https://threatfox.abuse.ch/export/csv/recent/
domain,tulumediaok.com,text_feeds:threatfox_c2,2026-09-25T15:46:21Z,CLEAR,0.5,c2;threatfox_c2,https://threatfox.abuse.ch/export/csv/recent/
domain,turbotabs.vet,text_feeds:threatfox_c2,2026-09-24T22:56:34Z,CLEAR,0.5,c2;threatfox_c2,https://threatfox.abuse.ch/export/csv/recent/
domain,tuuik.com,text_feeds:threatfox_c2,2022-10-29T09:57:36Z,CLEAR,0.5,c2;threatfox_c2,https://threatfox.abuse.ch/export/csv/recent/
domain,twilldistilled.com,text_feeds:threatfox_c2,2026-09-28T06:32:45Z,CLEAR,0.5,c2;threatfox_c2,https://threatfox.abuse.ch/export/csv/recent/
domain,twvmer23jy.workers.dev,text_feeds:threatfox_c2,2026-09-29T00:54:03Z,CLEAR,0.5,c2;threatfox_c2,https://threatfox.abuse.ch/export/csv/recent/
domain,tycoonorganics.com,text_feeds:threatfox_c2,2026-09-17T11:19:53Z,CLEAR,0.5,c2;threatfox_c2,https://threatfox.abuse.ch/export/csv/recent/
domain,tykhea.com,text_feeds:threatfox_c2,2026-09-25T16:07:32Z,CLEAR,0.5,c2;threatfox_c2,https://threatfox.abuse.ch/export/csv/recent/
domain,uberrichinfatcity.com,text_feeds:threatfox_c2,2026-09-25T15:46:55Z,CLEAR,0.5,c2;threatfox_c2,https://threatfox.abuse.ch/export/csv/recent/
domain,ubgeneraltrading.com,text_feeds:threatfox_c2,2026-09-25T15:46:55Z,CLEAR,0.5,c2;threatfox_c2,https://threatfox.abuse.ch/export/csv/recent/
domain,ucc-tr.com,text_feeds:threatfox_c2,2026-09-25T15:46:55Z,CLEAR,0.5,c2;threatfox_c2,https://threatfox.abuse.ch/export/csv/recent/
domain,ucuzpvczemin.com.tr,text_feeds:threatfox_c2,2026-09-25T15:46:55Z,CLEAR,0.5,c2;threatfox_c2,https://threatfox.abuse.ch/export/csv/recent/
domain,uesce.com,text_feeds:threatfox_c2,2026-09-25T15:46:55Z,CLEAR,0.5,c2;threatfox_c2,https://threatfox.abuse.ch/export/csv/recent/
domain,ugknives.com,text_feeds:threatfox_c2,2026-09-25T15:46:55Z,CLEAR,0.5,c2;threatfox_c2,https://threatfox.abuse.ch/export/csv/recent/
domain,uksupportedliving.co.uk,text_feeds:threatfox_c2,2026-09-25T16:07:33Z,CLEAR,0.5,c2;threatfox_c2,https://threatfox.abuse.ch/export/csv/recent/
domain,uktyl.com,text_feeds:threatfox_c2,2022-03-10T15:29:51Z,CLEAR,0.5,c2;threatfox_c2,https://threatfox.abuse.ch/export/csv/recent/
domain,ultrahi.com.br,text_feeds:threatfox_c2,2026-09-25T15:46:55Z,CLEAR,0.5,c2;threatfox_c2,https://threatfox.abuse.ch/export/csv/recent/
domain,ummilawan.com,text_feeds:threatfox_c2,2026-09-10T21:03:59Z,CLEAR,0.5,c2;threatfox_c2,https://threatfox.abuse.ch/export/csv/recent/
domain,unboundcreativepodcast.com,text_feeds:threatfox_c2,2026-09-24T22:56:34Z,CLEAR,0.5,c2;threatfox_c2,https://threatfox.abuse.ch/export/csv/recent/
domain,underthepantsss.com,text_feeds:threatfox_c2,2026-09-29T12:51:33Z,CLEAR,0.5,c2;threatfox_c2,https://threatfox.abuse.ch/export/csv/recent/
domain,underwearmillionaire.com,text_feeds:threatfox_c2,2026-09-25T16:07:33Z,CLEAR,0.5,c2;threatfox_c2,https://threatfox.abuse.ch/export/csv/recent/
domain,unfitfilm.com,text_feeds:threatfox_c2,2026-09-25T15:46:55Z,CLEAR,0.5,c2;threatfox_c2,https://threatfox.abuse.ch/export/csv/recent/
domain,unicarsistem.com,text_feeds:threatfox_c2,2026-09-25T15:46:55Z,CLEAR,0.5,c2;threatfox_c2,https://threatfox.abuse.ch/export/csv/recent/
domain,unipower.co.in,text_feeds:threatfox_c2,2026-09-29T12:51:33Z,CLEAR,0.5,c2;threatfox_c2,https://threatfox.abuse.ch/export/csv/recent/
domain,uniqueindigo.workers.dev,text_feeds:threatfox_c2,2026-09-28T09:17:15Z,CLEAR,0.5,c2;threatfox_c2,https://threatfox.abuse.ch/export/csv/recent/
domain,uniqueworldelectronics.com,text_feeds:threatfox_c2,2026-09-10T23:58:04Z,CLEAR,0.5,c2;threatfox_c2,https://threatfox.abuse.ch/export/csv/recent/
domain,unitechdb.com,text_feeds:threatfox_c2,2023-06-09T20:00:05Z,CLEAR,0.5,c2;threatfox_c2,https://threatfox.abuse.ch/export/csv/recent/
domain,unitedinvstments.com,text_feeds:threatfox_c2,2026-09-24T07:38:11Z,CLEAR,0.5,c2;threatfox_c2,https://threatfox.abuse.ch/export/csv/recent/
domain,unitedmovingusa.com,text_feeds:threatfox_c2,2026-09-25T15:46:55Z,CLEAR,0.5,c2;threatfox_c2,https://threatfox.abuse.ch/export/csv/recent/
domain,unitedtopquality.com,text_feeds:threatfox_c2,2026-09-28T06:22:37Z,CLEAR,0.5,c2;threatfox_c2,https://threatfox.abuse.ch/export/csv/recent/
domain,universal7services.com,text_feeds:threatfox_c2,2026-09-25T16:07:33Z,CLEAR,0.5,c2;threatfox_c2,https://threatfox.abuse.ch/export/csv/recent/
domain,universalyflamenco.com,text_feeds:threatfox_c2,2026-09-25T15:46:56Z,CLEAR,0.5,c2;threatfox_c2,https://threatfox.abuse.ch/export/csv/recent/
domain,unnorte.digital,text_feeds:threatfox_c2,2026-09-25T16:07:33Z,CLEAR,0.5,c2;threatfox_c2,https://threatfox.abuse.ch/export/csv/recent/
domain,unscrewyourkids.com,text_feeds:threatfox_c2,2026-09-25T16:07:33Z,CLEAR,0.5,c2;threatfox_c2,https://threatfox.abuse.ch/export/csv/recent/
domain,untraceableit.com,text_feeds:threatfox_c2,2026-09-29T18:52:31Z,CLEAR,0.5,c2;threatfox_c2,https://threatfox.abuse.ch/export/csv/recent/
domain,unzip2.xyz,text_feeds:threatfox_c2,2023-12-04T08:45:50Z,CLEAR,0.5,c2;threatfox_c2,https://threatfox.abuse.ch/export/csv/recent/
domain,uohhunkmnfhbimtagizqgwpmv.to,text_feeds:threatfox_c2,2024-01-28T06:22:17Z,CLEAR,0.5,c2;threatfox_c2,https://threatfox.abuse.ch/export/csv/recent/
domain,update.microsoftapply.com,text_feeds:threatfox_c2,2023-05-24T19:35:48Z,CLEAR,0.5,c2;threatfox_c2,https://threatfox.abuse.ch/export/csv/recent/
domain,update.mloadspring.com,text_feeds:threatfox_c2,2025-01-10T09:14:38Z,CLEAR,0.5,c2;threatfox_c2,https://threatfox.abuse.ch/export/csv/recent/
domain,update04.microsoft-essentials.com,text_feeds:threatfox_c2,2022-12-30T19:48:39Z,CLEAR,0.5,c2;threatfox_c2,https://threatfox.abuse.ch/export/csv/recent/
domain,updatemicrotok.online,text_feeds:threatfox_c2,2022-12-24T19:00:50Z,CLEAR,0.5,c2;threatfox_c2,https://threatfox.abuse.ch/export/csv/recent/
domain,updateraccount.com,text_feeds:threatfox_c2,2022-12-30T19:48:11Z,CLEAR,0.5,c2;threatfox_c2,https://threatfox.abuse.ch/export/csv/recent/
domain,updates.fisgloval.com,text_feeds:threatfox_c2,2026-06-04T23:45:07Z,CLEAR,0.5,c2;threatfox_c2,https://threatfox.abuse.ch/export/csv/recent/
domain,updatesrv.net,text_feeds:threatfox_c2,2026-06-29T11:46:18Z,CLEAR,0.5,c2;threatfox_c2,https://threatfox.abuse.ch/export/csv/recent/
domain,updatevpncitrix.com,text_feeds:threatfox_c2,2022-12-30T19:48:45Z,CLEAR,0.5,c2;threatfox_c2,https://threatfox.abuse.ch/export/csv/recent/
domain,upgrade.mloadspring.com,text_feeds:threatfox_c2,2025-01-10T09:14:38Z,CLEAR,0.5,c2;threatfox_c2,https://threatfox.abuse.ch/export/csv/recent/
domain,uranustechsolution.com,text_feeds:threatfox_c2,2023-02-04T18:42:02Z,CLEAR,0.5,c2;threatfox_c2,https://threatfox.abuse.ch/export/csv/recent/
domain,urdu69.com,text_feeds:threatfox_c2,2026-09-25T15:46:56Z,CLEAR,0.5,c2;threatfox_c2,https://threatfox.abuse.ch/export/csv/recent/
domain,urgtrade.net,text_feeds:threatfox_c2,2026-09-29T12:51:33Z,CLEAR,0.5,c2;threatfox_c2,https://threatfox.abuse.ch/export/csv/recent/
domain,us-west.oceandentalcare.com,text_feeds:threatfox_c2,2026-09-28T15:32:47Z,CLEAR,0.5,c2;threatfox_c2,https://threatfox.abuse.ch/export/csv/recent/
domain,us189-hpgsgae5dva9fzch.z01.azurefd.net,text_feeds:threatfox_c2,2022-05-10T18:53:07Z,CLEAR,0.5,c2;threatfox_c2,https://threatfox.abuse.ch/export/csv/recent/
domain,usadevgroup.com,text_feeds:threatfox_c2,2023-06-22T17:12:29Z,CLEAR,0.5,c2;threatfox_c2,https://threatfox.abuse.ch/export/csv/recent/
domain,usaimmersion.org,text_feeds:threatfox_c2,2026-09-24T07:38:11Z,CLEAR,0.5,c2;threatfox_c2,https://threatfox.abuse.ch/export/csv/recent/
domain,usgrim.com,text_feeds:threatfox_c2,2022-12-30T19:48:23Z,CLEAR,0.5,c2;threatfox_c2,https://threatfox.abuse.ch/export/csv/recent/
domain,uspishnaukraina.org,text_feeds:threatfox_c2,2026-09-29T12:51:33Z,CLEAR,0.5,c2;threatfox_c2,https://threatfox.abuse.ch/export/csv/recent/
domain,usual-pixx12.digital,text_feeds:threatfox_c2,2026-09-14T16:53:24Z,CLEAR,0.5,c2;threatfox_c2,https://threatfox.abuse.ch/export/csv/recent/
domain,v-b-t.se,text_feeds:threatfox_c2,2026-09-25T15:46:56Z,CLEAR,0.5,c2;threatfox_c2,https://threatfox.abuse.ch/export/csv/recent/
domain,v2y2nkzm.manchester1.site,text_feeds:threatfox_c2,2026-09-28T04:21:08Z,CLEAR,0.5,c2;threatfox_c2,https://threatfox.abuse.ch/export/csv/recent/
domain,v3infrasol.com,text_feeds:threatfox_c2,2026-09-25T16:07:34Z,CLEAR,0.5,c2;threatfox_c2,https://threatfox.abuse.ch/export/csv/recent/
domain,vaao.lv,text_feeds:threatfox_c2,2026-09-25T15:46:56Z,CLEAR,0.5,c2;threatfox_c2,https://threatfox.abuse.ch/export/csv/recent/
domain,vaikunthastays.com,text_feeds:threatfox_c2,2026-09-25T15:46:56Z,CLEAR,0.5,c2;threatfox_c2,https://threatfox.abuse.ch/export/csv/recent/
domain,vale-quaiyn-jtbn8.life,text_feeds:threatfox_c2,2026-09-24T20:40:49Z,CLEAR,0.5,c2;threatfox_c2,https://threatfox.abuse.ch/export/csv/recent/
domain,valleyaccidentlawyers.com,text_feeds:threatfox_c2,2026-09-25T16:07:34Z,CLEAR,0.5,c2;threatfox_c2,https://threatfox.abuse.ch/export/csv/recent/
domain,vangshares.com,text_feeds:threatfox_c2,2022-12-30T19:48:22Z,CLEAR,0.5,c2;threatfox_c2,https://threatfox.abuse.ch/export/csv/recent/
domain,vansoho.com,text_feeds:threatfox_c2,2026-09-25T15:46:56Z,CLEAR,0.5,c2;threatfox_c2,https://threatfox.abuse.ch/export/csv/recent/
domain,vantilenj.com,text_feeds:threatfox_c2,2026-09-25T16:07:34Z,CLEAR,0.5,c2;threatfox_c2,https://threatfox.abuse.ch/export/csv/recent/
domain,varnart.com,text_feeds:threatfox_c2,2022-12-30T19:48:49Z,CLEAR,0.5,c2;threatfox_c2,https://threatfox.abuse.ch/export/csv/recent/
domain,varzesh303.com,text_feeds:threatfox_c2,2026-09-27T05:45:46Z,CLEAR,0.5,c2;threatfox_c2,https://threatfox.abuse.ch/export/csv/recent/
domain,vavoomdesign.com,text_feeds:threatfox_c2,2026-09-25T16:07:34Z,CLEAR,0.5,c2;threatfox_c2,https://threatfox.abuse.ch/export/csv/recent/
domain,vc.sa,text_feeds:threatfox_c2,2026-09-25T15:46:56Z,CLEAR,0.5,c2;threatfox_c2,https://threatfox.abuse.ch/export/csv/recent/
domain,vd-ntds.com,text_feeds:threatfox_c2,2023-01-23T20:33:42Z,CLEAR,0.5,c2;threatfox_c2,https://threatfox.abuse.ch/export/csv/recent/
domain,vectoriplaw.com,text_feeds:threatfox_c2,2026-09-25T16:07:34Z,CLEAR,0.5,c2;threatfox_c2,https://threatfox.abuse.ch/export/csv/recent/
domain,vectortek.com,text_feeds:threatfox_c2,2026-09-25T16:07:34Z,CLEAR,0.5,c2;threatfox_c2,https://threatfox.abuse.ch/export/csv/recent/
domain,veedav.com,text_feeds:threatfox_c2,2026-09-25T15:46:57Z,CLEAR,0.5,c2;threatfox_c2,https://threatfox.abuse.ch/export/csv/recent/
domain,veezee.net,text_feeds:threatfox_c2,2026-09-25T15:46:57Z,CLEAR,0.5,c2;threatfox_c2,https://threatfox.abuse.ch/export/csv/recent/
domain,velasadagio.com.ar,text_feeds:threatfox_c2,2026-09-25T16:07:34Z,CLEAR,0.5,c2;threatfox_c2,https://threatfox.abuse.ch/export/csv/recent/
domain,velken.com.br,text_feeds:threatfox_c2,2026-09-25T15:46:57Z,CLEAR,0.5,c2;threatfox_c2,https://threatfox.abuse.ch/export/csv/recent/
domain,velvet-otter-glagceis.life,text_feeds:threatfox_c2,2026-09-23T09:45:10Z,CLEAR,0.5,c2;threatfox_c2,https://threatfox.abuse.ch/export/csv/recent/
domain,velvme.com,text_feeds:threatfox_c2,2026-09-29T12:51:33Z,CLEAR,0.5,c2;threatfox_c2,https://threatfox.abuse.ch/export/csv/recent/
domain,venom.summertunnel.shop,text_feeds:threatfox_c2,2026-04-15T08:15:17Z,CLEAR,0.5,c2;threatfox_c2,https://threatfox.abuse.ch/export/csv/recent/
domain,ventuxe.biz,text_feeds:threatfox_c2,2026-09-28T15:32:48Z,CLEAR,0.5,c2;threatfox_c2,https://threatfox.abuse.ch/export/csv/recent/
domain,vernonsu.com,text_feeds:threatfox_c2,2026-09-17T11:19:53Z,CLEAR,0.5,c2;threatfox_c2,https://threatfox.abuse.ch/export/csv/recent/
domain,verofes.com,text_feeds:threatfox_c2,2022-12-30T19:48:44Z,CLEAR,0.5,c2;threatfox_c2,https://threatfox.abuse.ch/export/csv/recent/
domain,vertisapremiumincek.com,text_feeds:threatfox_c2,2026-09-25T16:07:35Z,CLEAR,0.5,c2;threatfox_c2,https://threatfox.abuse.ch/export/csv/recent/
domain,verzinoadventure.it,text_feeds:threatfox_c2,2026-09-24T07:38:12Z,CLEAR,0.5,c2;threatfox_c2,https://threatfox.abuse.ch/export/csv/recent/
domain,vestirygroup.com.br,text_feeds:threatfox_c2,2026-09-25T16:07:35Z,CLEAR,0.5,c2;threatfox_c2,https://threatfox.abuse.ch/export/csv/recent/
domain,vezawahoy.com,text_feeds:threatfox_c2,2022-12-30T19:48:10Z,CLEAR,0.5,c2;threatfox_c2,https://threatfox.abuse.ch/export/csv/recent/
domain,vgavoile.org,text_feeds:threatfox_c2,2026-09-28T23:01:59Z,CLEAR,0.5,c2;threatfox_c2,https://threatfox.abuse.ch/export/csv/recent/
domain,vgroz.icu,text_feeds:threatfox_c2,2022-12-30T19:48:25Z,CLEAR,0.5,c2;threatfox_c2,https://threatfox.abuse.ch/export/csv/recent/
domain,vickielasher.com,text_feeds:threatfox_c2,2026-09-25T16:07:35Z,CLEAR,0.5,c2;threatfox_c2,https://threatfox.abuse.ch/export/csv/recent/
domain,victoriamoyle.com,text_feeds:threatfox_c2,2026-09-24T07:38:12Z,CLEAR,0.5,c2;threatfox_c2,https://threatfox.abuse.ch/export/csv/recent/
domain,victormeloadvogado.com,text_feeds:threatfox_c2,2026-06-08T08:01:47Z,CLEAR,0.5,c2;threatfox_c2,https://threatfox.abuse.ch/export/csv/recent/
domain,viewable.top,text_feeds:threatfox_c2,2026-09-29T07:14:01Z,CLEAR,0.5,c2;threatfox_c2,https://threatfox.abuse.ch/export/csv/recent/
domain,vilaw.co.il,text_feeds:threatfox_c2,2026-09-29T12:51:33Z,CLEAR,0.5,c2;threatfox_c2,https://threatfox.abuse.ch/export/csv/recent/
domain,villageonsedge.co.za,text_feeds:threatfox_c2,2026-09-25T16:07:35Z,CLEAR,0.5,c2;threatfox_c2,https://threatfox.abuse.ch/export/csv/recent/
domain,vinayweb.tech,text_feeds:threatfox_c2,2026-09-25T15:46:57Z,CLEAR,0.5,c2;threatfox_c2,https://threatfox.abuse.ch/export/csv/recent/
domain,vincheckerpro.com,text_feeds:threatfox_c2,2026-09-25T16:07:35Z,CLEAR,0.5,c2;threatfox_c2,https://threatfox.abuse.ch/export/csv/recent/
domain,vinergil.com,text_feeds:threatfox_c2,2022-12-30T19:48:24Z,CLEAR,0.5,c2;threatfox_c2,https://threatfox.abuse.ch/export/csv/recent/
domain,vinetech-contact.com,text_feeds:threatfox_c2,2026-09-29T12:51:33Z,CLEAR,0.5,c2;threatfox_c2,https://threatfox.abuse.ch/export/csv/recent/
domain,vinr.fr,text_feeds:threatfox_c2,2026-09-25T15:46:57Z,CLEAR,0.5,c2;threatfox_c2,https://threatfox.abuse.ch/export/csv/recent/
domain,vip8806.mom,text_feeds:threatfox_c2,2024-05-16T07:53:43Z,CLEAR,0.5,c2;threatfox_c2,https://threatfox.abuse.ch/export/csv/recent/
domain,virtualopticamedellin.com,text_feeds:threatfox_c2,2026-09-25T15:46:57Z,CLEAR,0.5,c2;threatfox_c2,https://threatfox.abuse.ch/export/csv/recent/
domain,virtuesqlllc.wpenginepowered.com,text_feeds:threatfox_c2,2026-09-26T22:57:16Z,CLEAR,0.5,c2;threatfox_c2,https://threatfox.abuse.ch/export/csv/recent/
domain,visabalan.vn,text_feeds:threatfox_c2,2026-09-25T15:46:57Z,CLEAR,0.5,c2;threatfox_c2,https://threatfox.abuse.ch/export/csv/recent/
domain,visabi.vn,text_feeds:threatfox_c2,2026-09-25T15:46:57Z,CLEAR,0.5,c2;threatfox_c2,https://threatfox.abuse.ch/export/csv/recent/
domain,visahongkong.com.vn,text_feeds:threatfox_c2,2026-09-25T15:46:57Z,CLEAR,0.5,c2;threatfox_c2,https://threatfox.abuse.ch/export/csv/recent/
domain,visaireland.vn,text_feeds:threatfox_c2,2026-09-25T15:46:57Z,CLEAR,0.5,c2;threatfox_c2,https://threatfox.abuse.ch/export/csv/recent/
domain,visamy.org,text_feeds:threatfox_c2,2026-09-25T15:46:57Z,CLEAR,0.5,c2;threatfox_c2,https://threatfox.abuse.ch/export/csv/recent/
domain,visanga.vn,text_feeds:threatfox_c2,2026-09-25T15:46:57Z,CLEAR,0.5,c2;threatfox_c2,https://threatfox.abuse.ch/export/csv/recent/
domain,visaphanlan.com,text_feeds:threatfox_c2,2026-09-25T15:46:57Z,CLEAR,0.5,c2;threatfox_c2,https://threatfox.abuse.ch/export/csv/recent/
domain,visaschengen.vn,text_feeds:threatfox_c2,2026-09-25T15:46:57Z,CLEAR,0.5,c2;threatfox_c2,https://threatfox.abuse.ch/export/csv/recent/
domain,visataybannha.vn,text_feeds:threatfox_c2,2026-09-25T15:46:58Z,CLEAR,0.5,c2;threatfox_c2,https://threatfox.abuse.ch/export/csv/recent/
domain,visathuysi.vn,text_feeds:threatfox_c2,2026-09-25T15:46:58Z,CLEAR,0.5,c2;threatfox_c2,https://threatfox.abuse.ch/export/csv/recent/
domain,visatrungquoc.org,text_feeds:threatfox_c2,2026-09-25T15:46:58Z,CLEAR,0.5,c2;threatfox_c2,https://threatfox.abuse.ch/export/csv/recent/
domain,vishakhamouldings.com,text_feeds:threatfox_c2,2026-09-25T16:07:36Z,CLEAR,0.5,c2;threatfox_c2,https://threatfox.abuse.ch/export/csv/recent/
domain,vision-dent.pl,text_feeds:threatfox_c2,2026-09-29T12:51:33Z,CLEAR,0.5,c2;threatfox_c2,https://threatfox.abuse.ch/export/csv/recent/
domain,vision-project.fr,text_feeds:threatfox_c2,2026-09-25T16:07:36Z,CLEAR,0.5,c2;threatfox_c2,https://threatfox.abuse.ch/export/csv/recent/
domain,visitorflow.icu,text_feeds:threatfox_c2,2026-02-24T11:36:29Z,CLEAR,0.5,c2;threatfox_c2,https://threatfox.abuse.ch/export/csv/recent/
domain,visualstudioapp.com,text_feeds:threatfox_c2,2022-12-30T19:48:48Z,CLEAR,0.5,c2;threatfox_c2,https://threatfox.abuse.ch/export/csv/recent/
domain,vitalityhealthservices.com,text_feeds:threatfox_c2,2026-09-17T11:19:53Z,CLEAR,0.5,c2;threatfox_c2,https://threatfox.abuse.ch/export/csv/recent/
domain,viveok.co,text_feeds:threatfox_c2,2026-09-29T03:07:41Z,CLEAR,0.5,c2;threatfox_c2,https://threatfox.abuse.ch/export/csv/recent/
domain,vivid-orbit-fjord-gaie.life,text_feeds:threatfox_c2,2026-09-27T12:12:32Z,CLEAR,0.5,c2;threatfox_c2,https://threatfox.abuse.ch/export/csv/recent/
domain,vivid-roam-cove-gleon.life,text_feeds:threatfox_c2,2026-09-27T12:12:32Z,CLEAR,0.5,c2;threatfox_c2,https://threatfox.abuse.ch/export/csv/recent/
domain,vmf3b50i.lockedgundisplay.com,text_feeds:threatfox_c2,2026-09-28T16:53:23Z,CLEAR,0.5,c2;threatfox_c2,https://threatfox.abuse.ch/export/csv/recent/
domain,vmware.rest,text_feeds:threatfox_c2,2023-02-23T13:06:09Z,CLEAR,0.5,c2;threatfox_c2,https://threatfox.abuse.ch/export/csv/recent/
domain,vnc-proxy.polysupport.team,text_feeds:threatfox_c2,2026-09-11T17:14:10Z,CLEAR,0.5,c2;threatfox_c2,https://threatfox.abuse.ch/export/csv/recent/
domain,vocacademyltd.com,text_feeds:threatfox_c2,2026-09-25T16:07:36Z,CLEAR,0.5,c2;threatfox_c2,https://threatfox.abuse.ch/export/csv/recent/
domain,voertuigtaxateur.nl,text_feeds:threatfox_c2,2026-09-25T16:07:36Z,CLEAR,0.5,c2;threatfox_c2,https://threatfox.abuse.ch/export/csv/recent/
domain,void-athletics.com,text_feeds:threatfox_c2,2026-09-29T12:51:33Z,CLEAR,0.5,c2;threatfox_c2,https://threatfox.abuse.ch/export/csv/recent/
domain,voidravencitadel.com,text_feeds:threatfox_c2,2026-09-27T21:17:07Z,CLEAR,0.5,c2;threatfox_c2,https://threatfox.abuse.ch/export/csv/recent/
domain,volanteomaleta.cl,text_feeds:threatfox_c2,2026-09-29T16:36:41Z,CLEAR,0.5,c2;threatfox_c2,https://threatfox.abuse.ch/export/csv/recent/
domain,volkproperties.com.pk,text_feeds:threatfox_c2,2026-09-25T16:07:36Z,CLEAR,0.5,c2;threatfox_c2,https://threatfox.abuse.ch/export/csv/recent/
domain,vololift.com,text_feeds:threatfox_c2,2026-09-28T06:22:36Z,CLEAR,0.5,c2;threatfox_c2,https://threatfox.abuse.ch/export/csv/recent/
domain,volsecure.com,text_feeds:threatfox_c2,2022-12-30T19:48:31Z,CLEAR,0.5,c2;threatfox_c2,https://threatfox.abuse.ch/export/csv/recent/
domain,voltaicepc.com,text_feeds:threatfox_c2,2026-09-10T21:05:04Z,CLEAR,0.5,c2;threatfox_c2,https://threatfox.abuse.ch/export/csv/recent/
domain,voyag413.xyz,text_feeds:threatfox_c2,2026-09-14T16:53:24Z,CLEAR,0.5,c2;threatfox_c2,https://threatfox.abuse.ch/export/csv/recent/
domain,vpnlandw5.com,text_feeds:threatfox_c2,2026-09-29T12:51:33Z,CLEAR,0.5,c2;threatfox_c2,https://threatfox.abuse.ch/export/csv/recent/
domain,vpnupdaters.com,text_feeds:threatfox_c2,2022-12-30T19:48:47Z,CLEAR,0.5,c2;threatfox_c2,https://threatfox.abuse.ch/export/csv/recent/
domain,vppolytechnic.org,text_feeds:threatfox_c2,2026-09-24T07:38:12Z,CLEAR,0.5,c2;threatfox_c2,https://threatfox.abuse.ch/export/csv/recent/
domain,vrcbet.org,text_feeds:threatfox_c2,2026-09-25T16:07:36Z,CLEAR,0.5,c2;threatfox_c2,https://threatfox.abuse.ch/export/csv/recent/
domain,vrcbet.plus,text_feeds:threatfox_c2,2026-09-25T16:07:36Z,CLEAR,0.5,c2;threatfox_c2,https://threatfox.abuse.ch/export/csv/recent/
domain,vuonvuaresort.com,text_feeds:threatfox_c2,2026-09-25T16:07:36Z,CLEAR,0.5,c2;threatfox_c2,https://threatfox.abuse.ch/export/csv/recent/
domain,wagonovk.com,text_feeds:threatfox_c2,2022-12-30T19:48:51Z,CLEAR,0.5,c2;threatfox_c2,https://threatfox.abuse.ch/export/csv/recent/
domain,wajahsulsel.id,text_feeds:threatfox_c2,2026-09-24T07:38:13Z,CLEAR,0.5,c2;threatfox_c2,https://threatfox.abuse.ch/export/csv/recent/
domain,walmsleysafety.com,text_feeds:threatfox_c2,2026-09-25T16:07:36Z,CLEAR,0.5,c2;threatfox_c2,https://threatfox.abuse.ch/export/csv/recent/
domain,wandzin.pl,text_feeds:threatfox_c2,2026-09-25T15:46:58Z,CLEAR,0.5,c2;threatfox_c2,https://threatfox.abuse.ch/export/csv/recent/
domain,wantinstitute.org,text_feeds:threatfox_c2,2026-09-25T16:07:37Z,CLEAR,0.5,c2;threatfox_c2,https://threatfox.abuse.ch/export/csv/recent/
domain,warpavfun.com,text_feeds:threatfox_c2,2026-09-25T16:07:37Z,CLEAR,0.5,c2;threatfox_c2,https://threatfox.abuse.ch/export/csv/recent/
domain,wasazokiwo.com,text_feeds:threatfox_c2,2022-11-03T12:12:17Z,CLEAR,0.5,c2;threatfox_c2,https://threatfox.abuse.ch/export/csv/recent/
domain,washingtondisplay.co.uk,text_feeds:threatfox_c2,2026-09-25T15:46:58Z,CLEAR,0.5,c2;threatfox_c2,https://threatfox.abuse.ch/export/csv/recent/
domain,wasiisports.com,text_feeds:threatfox_c2,2026-09-25T15:46:58Z,CLEAR,0.5,c2;threatfox_c2,https://threatfox.abuse.ch/export/csv/recent/
domain,wattygo.com,text_feeds:threatfox_c2,2026-09-25T16:07:37Z,CLEAR,0.5,c2;threatfox_c2,https://threatfox.abuse.ch/export/csv/recent/
domain,wavetraders.org,text_feeds:threatfox_c2,2026-09-25T15:46:58Z,CLEAR,0.5,c2;threatfox_c2,https://threatfox.abuse.ch/export/csv/recent/
domain,wcuglobaledu.com,text_feeds:threatfox_c2,2026-09-25T15:46:58Z,CLEAR,0.5,c2;threatfox_c2,https://threatfox.abuse.ch/export/csv/recent/
domain,wcyshopb.com,text_feeds:threatfox_c2,2026-09-25T16:07:37Z,CLEAR,0.5,c2;threatfox_c2,https://threatfox.abuse.ch/export/csv/recent/
domain,web-analyzer-serv32.com,text_feeds:threatfox_c2,2026-06-29T11:46:18Z,CLEAR,0.5,c2;threatfox_c2,https://threatfox.abuse.ch/export/csv/recent/
domain,web-news-blog.com,text_feeds:threatfox_c2,2022-12-30T19:48:30Z,CLEAR,0.5,c2;threatfox_c2,https://threatfox.abuse.ch/export/csv/recent/
domain,web.cervanties.com,text_feeds:threatfox_c2,2026-09-25T15:46:58Z,CLEAR,0.5,c2;threatfox_c2,https://threatfox.abuse.ch/export/csv/recent/
domain,webdesignchamps.in,text_feeds:threatfox_c2,2026-09-25T16:07:37Z,CLEAR,0.5,c2;threatfox_c2,https://threatfox.abuse.ch/export/csv/recent/
domain,webgleam.info,text_feeds:threatfox_c2,2026-04-04T22:07:06Z,CLEAR,0.5,c2;threatfox_c2,https://threatfox.abuse.ch/export/csv/recent/
domain,webkinn.com,text_feeds:threatfox_c2,2026-09-25T15:46:58Z,CLEAR,0.5,c2;threatfox_c2,https://threatfox.abuse.ch/export/csv/recent/
domain,webpagehelp.online,text_feeds:threatfox_c2,2026-09-29T03:06:18Z,CLEAR,0.5,c2;threatfox_c2,https://threatfox.abuse.ch/export/csv/recent/
domain,webpulsedata.icu,text_feeds:threatfox_c2,2026-02-24T11:42:30Z,CLEAR,0.5,c2;threatfox_c2,https://threatfox.abuse.ch/export/csv/recent/
domain,websitedesigncharlotte.com,text_feeds:threatfox_c2,2026-09-25T15:46:59Z,CLEAR,0.5,c2;threatfox_c2,https://threatfox.abuse.ch/export/csv/recent/
domain,websmithcloud.com,text_feeds:threatfox_c2,2026-09-25T16:07:37Z,CLEAR,0.5,c2;threatfox_c2,https://threatfox.abuse.ch/export/csv/recent/
domain,webtechnica.net,text_feeds:threatfox_c2,2026-09-28T01:42:05Z,CLEAR,0.5,c2;threatfox_c2,https://threatfox.abuse.ch/export/csv/recent/
domain,webtracelab.icu,text_feeds:threatfox_c2,2026-02-24T11:43:28Z,CLEAR,0.5,c2;threatfox_c2,https://threatfox.abuse.ch/export/csv/recent/
domain,webuser.n1u89dhs.xyz,text_feeds:threatfox_c2,2026-09-07T19:47:28Z,CLEAR,0.5,c2;threatfox_c2,https://threatfox.abuse.ch/export/csv/recent/
domain,webyoutubeshop.com,text_feeds:threatfox_c2,2022-12-30T19:48:28Z,CLEAR,0.5,c2;threatfox_c2,https://threatfox.abuse.ch/export/csv/recent/
domain,webzeit.com,text_feeds:threatfox_c2,2026-09-25T16:07:37Z,CLEAR,0.5,c2;threatfox_c2,https://threatfox.abuse.ch/export/csv/recent/
domain,weinbausuchel.at,text_feeds:threatfox_c2,2026-09-25T15:46:59Z,CLEAR,0.5,c2;threatfox_c2,https://threatfox.abuse.ch/export/csv/recent/
domain,wellingtonneighborhood.org,text_feeds:threatfox_c2,2026-09-25T16:07:37Z,CLEAR,0.5,c2;threatfox_c2,https://threatfox.abuse.ch/export/csv/recent/
domain,weslinc.com,text_feeds:threatfox_c2,2026-09-25T15:46:59Z,CLEAR,0.5,c2;threatfox_c2,https://threatfox.abuse.ch/export/csv/recent/
domain,westtherr.com,text_feeds:threatfox_c2,2022-12-30T19:48:23Z,CLEAR,0.5,c2;threatfox_c2,https://threatfox.abuse.ch/export/csv/recent/
domain,wetsockclub.com,text_feeds:threatfox_c2,2026-09-28T19:49:36Z,CLEAR,0.5,c2;threatfox_c2,https://threatfox.abuse.ch/export/csv/recent/
domain,whitewingsholding.com,text_feeds:threatfox_c2,2026-09-28T06:22:38Z,CLEAR,0.5,c2;threatfox_c2,https://threatfox.abuse.ch/export/csv/recent/
domain,whominds.com,text_feeds:threatfox_c2,2026-09-25T15:46:59Z,CLEAR,0.5,c2;threatfox_c2,https://threatfox.abuse.ch/export/csv/recent/
domain,whxzqkbbtzvdyxdeseoiyujzs.co,text_feeds:threatfox_c2,2024-01-28T06:22:17Z,CLEAR,0.5,c2;threatfox_c2,https://threatfox.abuse.ch/export/csv/recent/
domain,whyzup.com,text_feeds:threatfox_c2,2024-01-30T06:20:35Z,CLEAR,0.5,c2;threatfox_c2,https://threatfox.abuse.ch/export/csv/recent/
domain,wienflower.at,text_feeds:threatfox_c2,2026-09-25T15:46:59Z,CLEAR,0.5,c2;threatfox_c2,https://threatfox.abuse.ch/export/csv/recent/
domain,wigreports.com,text_feeds:threatfox_c2,2026-09-25T16:07:38Z,CLEAR,0.5,c2;threatfox_c2,https://threatfox.abuse.ch/export/csv/recent/
domain,wikitnews.info,text_feeds:threatfox_c2,2026-09-25T16:07:38Z,CLEAR,0.5,c2;threatfox_c2,https://threatfox.abuse.ch/export/csv/recent/
domain,wiltonstamebudgies.com,text_feeds:threatfox_c2,2026-09-25T15:46:59Z,CLEAR,0.5,c2;threatfox_c2,https://threatfox.abuse.ch/export/csv/recent/
domain,wiltshire.energy,text_feeds:threatfox_c2,2026-09-25T16:07:38Z,CLEAR,0.5,c2;threatfox_c2,https://threatfox.abuse.ch/export/csv/recent/
domain,wimedyou.com,text_feeds:threatfox_c2,2026-09-29T12:51:33Z,CLEAR,0.5,c2;threatfox_c2,https://threatfox.abuse.ch/export/csv/recent/
domain,windowsdiagnostics.st,text_feeds:threatfox_c2,2026-09-16T11:47:21Z,CLEAR,0.5,c2;threatfox_c2,https://threatfox.abuse.ch/export/csv/recent/
domain,winsatoom.com,text_feeds:threatfox_c2,2023-03-17T13:33:15Z,CLEAR,0.5,c2;threatfox_c2,https://threatfox.abuse.ch/export/csv/recent/
domain,winssensekermiskoers.nl,text_feeds:threatfox_c2,2026-09-29T12:51:33Z,CLEAR,0.5,c2;threatfox_c2,https://threatfox.abuse.ch/export/csv/recent/
domain,winter-finch-slaibteis.life,text_feeds:threatfox_c2,2026-09-25T08:10:00Z,CLEAR,0.5,c2;threatfox_c2,https://threatfox.abuse.ch/export/csv/recent/
domain,withartemis.net,text_feeds:threatfox_c2,2026-09-25T15:46:59Z,CLEAR,0.5,c2;threatfox_c2,https://threatfox.abuse.ch/export/csv/recent/
domain,withoutedge.com,text_feeds:threatfox_c2,2023-08-26T18:42:05Z,CLEAR,0.5,c2;threatfox_c2,https://threatfox.abuse.ch/export/csv/recent/
domain,womancare.com.ec,text_feeds:threatfox_c2,2026-09-25T16:29:56Z,CLEAR,0.5,c2;threatfox_c2,https://threatfox.abuse.ch/export/csv/recent/
domain,wordpress-zakelijk.strijbosch.nl,text_feeds:threatfox_c2,2026-09-25T15:47:00Z,CLEAR,0.5,c2;threatfox_c2,https://threatfox.abuse.ch/export/csv/recent/
domain,work-skills-global.com,text_feeds:threatfox_c2,2026-09-25T15:47:00Z,CLEAR,0.5,c2;threatfox_c2,https://threatfox.abuse.ch/export/csv/recent/
domain,workworm1412.buzz,text_feeds:threatfox_c2,2026-09-13T12:09:12Z,CLEAR,0.5,c2;threatfox_c2,https://threatfox.abuse.ch/export/csv/recent/
domain,worldsgates.com,text_feeds:threatfox_c2,2022-10-22T19:40:40Z,CLEAR,0.5,c2;threatfox_c2,https://threatfox.abuse.ch/export/csv/recent/
domain,worlduptoyou.com,text_feeds:threatfox_c2,2026-09-25T16:07:38Z,CLEAR,0.5,c2;threatfox_c2,https://threatfox.abuse.ch/export/csv/recent/
domain,wowwatch.nl,text_feeds:threatfox_c2,2026-09-25T15:47:00Z,CLEAR,0.5,c2;threatfox_c2,https://threatfox.abuse.ch/export/csv/recent/
domain,wpsserver.com,text_feeds:threatfox_c2,2022-06-23T10:54:19Z,CLEAR,0.5,c2;threatfox_c2,https://threatfox.abuse.ch/export/csv/recent/
domain,wrapstertortillas.com,text_feeds:threatfox_c2,2026-09-25T16:07:38Z,CLEAR,0.5,c2;threatfox_c2,https://threatfox.abuse.ch/export/csv/recent/
domain,wrath.bottlevacuum.shop,text_feeds:threatfox_c2,2026-04-22T11:17:13Z,CLEAR,0.5,c2;threatfox_c2,https://threatfox.abuse.ch/export/csv/recent/
domain,wsyachtteakcarpentry.com,text_feeds:threatfox_c2,2026-09-25T16:07:38Z,CLEAR,0.5,c2;threatfox_c2,https://threatfox.abuse.ch/export/csv/recent/
domain,wtadelden.nl,text_feeds:threatfox_c2,2026-09-25T15:47:00Z,CLEAR,0.5,c2;threatfox_c2,https://threatfox.abuse.ch/export/csv/recent/
domain,wtxservice.net,text_feeds:threatfox_c2,2022-12-30T19:48:20Z,CLEAR,0.5,c2;threatfox_c2,https://threatfox.abuse.ch/export/csv/recent/
domain,wv2022.com,text_feeds:threatfox_c2,2022-12-31T16:21:02Z,CLEAR,0.5,c2;threatfox_c2,https://threatfox.abuse.ch/export/csv/recent/
domain,wvhindutemple.org,text_feeds:threatfox_c2,2026-09-24T07:38:14Z,CLEAR,0.5,c2;threatfox_c2,https://threatfox.abuse.ch/export/csv/recent/
domain,ww2.tdm-bg.org,text_feeds:threatfox_c2,2026-09-25T16:07:38Z,CLEAR,0.5,c2;threatfox_c2,https://threatfox.abuse.ch/export/csv/recent/
domain,www-bellyflush.com,text_feeds:threatfox_c2,2026-09-27T21:05:48Z,CLEAR,0.5,c2;threatfox_c2,https://threatfox.abuse.ch/export/csv/recent/
domain,164-90-169-184.cprapid.com,text_feeds:threatfox_c2,2024-02-06T14:44:02Z,CLEAR,0.5,c2;threatfox_c2,https://threatfox.abuse.ch/export/csv/recent/
domain,ai2.qzz.io,text_feeds:threatfox_c2,2026-07-23T15:46:18Z,CLEAR,0.5,c2;threatfox_c2,https://threatfox.abuse.ch/export/csv/recent/
domain,batsoverbooks.com,text_feeds:threatfox_c2,2026-09-29T12:05:06Z,CLEAR,0.5,c2;threatfox_c2,https://threatfox.abuse.ch/export/csv/recent/
domain,battagliadipavia1525.it,text_feeds:threatfox_c2,2026-09-28T05:22:12Z,CLEAR,0.5,c2;threatfox_c2,https://threatfox.abuse.ch/export/csv/recent/
domain,bookbill.net,text_feeds:threatfox_c2,2026-09-29T12:05:06Z,CLEAR,0.5,c2;threatfox_c2,https://threatfox.abuse.ch/export/csv/recent/
domain,bookhousestlouis.com,text_feeds:threatfox_c2,2026-09-29T12:05:06Z,CLEAR,0.5,c2;threatfox_c2,https://threatfox.abuse.ch/export/csv/recent/
domain,classicstandupcomedy.com,text_feeds:threatfox_c2,2024-01-30T06:20:36Z,CLEAR,0.5,c2;threatfox_c2,https://threatfox.abuse.ch/export/csv/recent/
domain,confettibooks.com,text_feeds:threatfox_c2,2026-09-29T12:05:06Z,CLEAR,0.5,c2;threatfox_c2,https://threatfox.abuse.ch/export/csv/recent/
domain,crgroup.net.au,text_feeds:threatfox_c2,2026-09-28T05:22:13Z,CLEAR,0.5,c2;threatfox_c2,https://threatfox.abuse.ch/export/csv/recent/
domain,diatropebooks.com,text_feeds:threatfox_c2,2026-09-29T12:05:06Z,CLEAR,0.5,c2;threatfox_c2,https://threatfox.abuse.ch/export/csv/recent/
domain,dyshop.online,text_feeds:threatfox_c2,2025-03-12T02:47:28Z,CLEAR,0.5,c2;threatfox_c2,https://threatfox.abuse.ch/export/csv/recent/
domain,edge-chrome.com,text_feeds:threatfox_c2,2022-06-23T10:54:20Z,CLEAR,0.5,c2;threatfox_c2,https://threatfox.abuse.ch/export/csv/recent/
domain,eyefinancemonitor.com,text_feeds:threatfox_c2,2023-12-24T02:59:49Z,CLEAR,0.5,c2;threatfox_c2,https://threatfox.abuse.ch/export/csv/recent/
domain,gloversbookery.com,text_feeds:threatfox_c2,2026-09-29T12:05:06Z,CLEAR,0.5,c2;threatfox_c2,https://threatfox.abuse.ch/export/csv/recent/
domain,hanumangroups.in,text_feeds:threatfox_c2,2026-09-29T19:53:24Z,CLEAR,0.5,c2;threatfox_c2,https://threatfox.abuse.ch/export/csv/recent/
domain,hellomrsone.com,text_feeds:threatfox_c2,2022-06-23T10:54:20Z,CLEAR,0.5,c2;threatfox_c2,https://threatfox.abuse.ch/export/csv/recent/
domain,hoffmansbookshop.com,text_feeds:threatfox_c2,2026-09-29T12:05:06Z,CLEAR,0.5,c2;threatfox_c2,https://threatfox.abuse.ch/export/csv/recent/
domain,idn15r69vh3fwhzclfoeuaoy.today,text_feeds:threatfox_c2,2024-01-23T13:53:21Z,CLEAR,0.5,c2;threatfox_c2,https://threatfox.abuse.ch/export/csv/recent/
domain,iscobra.se,text_feeds:threatfox_c2,2026-09-28T06:07:29Z,CLEAR,0.5,c2;threatfox_c2,https://threatfox.abuse.ch/export/csv/recent/
domain,ivyridgebooks.com,text_feeds:threatfox_c2,2026-09-29T12:05:06Z,CLEAR,0.5,c2;threatfox_c2,https://threatfox.abuse.ch/export/csv/recent/
domain,izancreations.fr,text_feeds:threatfox_c2,2026-09-29T11:21:54Z,CLEAR,0.5,c2;threatfox_c2,https://threatfox.abuse.ch/export/csv/recent/
domain,kathmandubooks.com,text_feeds:threatfox_c2,2026-09-29T12:05:06Z,CLEAR,0.5,c2;threatfox_c2,https://threatfox.abuse.ch/export/csv/recent/
domain,leurabooks.com.au,text_feeds:threatfox_c2,2026-09-29T12:05:06Z,CLEAR,0.5,c2;threatfox_c2,https://threatfox.abuse.ch/export/csv/recent/
domain,ligaciputraspesial.com,text_feeds:threatfox_c2,2026-09-29T19:53:24Z,CLEAR,0.5,c2;threatfox_c2,https://threatfox.abuse.ch/export/csv/recent/
domain,linkkedin.life,text_feeds:threatfox_c2,2023-01-02T10:24:29Z,CLEAR,0.5,c2;threatfox_c2,https://threatfox.abuse.ch/export/csv/recent/
domain,louangelwolf.com,text_feeds:threatfox_c2,2024-01-30T06:20:34Z,CLEAR,0.5,c2;threatfox_c2,https://threatfox.abuse.ch/export/csv/recent/
domain,lueurbygreg.ch,text_feeds:threatfox_c2,2026-09-27T21:19:48Z,CLEAR,0.5,c2;threatfox_c2,https://threatfox.abuse.ch/export/csv/recent/
domain,marinelabworld.com,text_feeds:threatfox_c2,2026-09-29T11:21:54Z,CLEAR,0.5,c2;threatfox_c2,https://threatfox.abuse.ch/export/csv/recent/
domain,matar-f.co.il,text_feeds:threatfox_c2,2026-09-28T06:07:28Z,CLEAR,0.5,c2;threatfox_c2,https://threatfox.abuse.ch/export/csv/recent/
domain,neos-group.ch,text_feeds:threatfox_c2,2026-09-28T00:11:02Z,CLEAR,0.5,c2;threatfox_c2,https://threatfox.abuse.ch/export/csv/recent/
domain,njrka.lt,text_feeds:threatfox_c2,2026-09-27T20:34:39Z,CLEAR,0.5,c2;threatfox_c2,https://threatfox.abuse.ch/export/csv/recent/
domain,nordensbyggteknik.se,text_feeds:threatfox_c2,2026-09-27T20:34:39Z,CLEAR,0.5,c2;threatfox_c2,https://threatfox.abuse.ch/export/csv/recent/
domain,norikokuresumi.com,text_feeds:threatfox_c2,2026-09-27T20:34:38Z,CLEAR,0.5,c2;threatfox_c2,https://threatfox.abuse.ch/export/csv/recent/
domain,nxclothingstore.com,text_feeds:threatfox_c2,2026-09-27T20:34:39Z,CLEAR,0.5,c2;threatfox_c2,https://threatfox.abuse.ch/export/csv/recent/
domain,nxptech.co.uk,text_feeds:threatfox_c2,2026-09-27T20:34:40Z,CLEAR,0.5,c2;threatfox_c2,https://threatfox.abuse.ch/export/csv/recent/
domain,oldwestbooks.com,text_feeds:threatfox_c2,2026-09-29T12:05:06Z,CLEAR,0.5,c2;threatfox_c2,https://threatfox.abuse.ch/export/csv/recent/
domain,omra.tta.tn,text_feeds:threatfox_c2,2026-09-27T21:14:47Z,CLEAR,0.5,c2;threatfox_c2,https://threatfox.abuse.ch/export/csv/recent/
domain,onlinecasinosuperclub.com,text_feeds:threatfox_c2,2026-09-27T21:14:47Z,CLEAR,0.5,c2;threatfox_c2,https://threatfox.abuse.ch/export/csv/recent/
domain,onyxplatform.org,text_feeds:threatfox_c2,2026-09-27T21:19:51Z,CLEAR,0.5,c2;threatfox_c2,https://threatfox.abuse.ch/export/csv/recent/
domain,operationgoldstar.org,text_feeds:threatfox_c2,2026-09-27T21:19:47Z,CLEAR,0.5,c2;threatfox_c2,https://threatfox.abuse.ch/export/csv/recent/
domain,patbookman.net,text_feeds:threatfox_c2,2026-09-29T12:05:06Z,CLEAR,0.5,c2;threatfox_c2,https://threatfox.abuse.ch/export/csv/recent/
domain,patriotairnd.com,text_feeds:threatfox_c2,2026-09-28T00:51:26Z,CLEAR,0.5,c2;threatfox_c2,https://threatfox.abuse.ch/export/csv/recent/
domain,pepitegoodies.com,text_feeds:threatfox_c2,2026-09-28T00:51:27Z,CLEAR,0.5,c2;threatfox_c2,https://threatfox.abuse.ch/export/csv/recent/
domain,piccoloparco.com,text_feeds:threatfox_c2,2026-09-28T03:29:15Z,CLEAR,0.5,c2;threatfox_c2,https://threatfox.abuse.ch/export/csv/recent/
domain,pistolerasonlineslots.com,text_feeds:threatfox_c2,2026-09-28T04:05:15Z,CLEAR,0.5,c2;threatfox_c2,https://threatfox.abuse.ch/export/csv/recent/
domain,planetcomunication.eu,text_feeds:threatfox_c2,2026-09-28T03:29:15Z,CLEAR,0.5,c2;threatfox_c2,https://threatfox.abuse.ch/export/csv/recent/
domain,poof.se,text_feeds:threatfox_c2,2026-09-28T03:29:15Z,CLEAR,0.5,c2;threatfox_c2,https://threatfox.abuse.ch/export/csv/recent/
domain,pourmontferrier.fr,text_feeds:threatfox_c2,2026-09-28T03:29:15Z,CLEAR,0.5,c2;threatfox_c2,https://threatfox.abuse.ch/export/csv/recent/
domain,privateladiesparty.nl,text_feeds:threatfox_c2,2026-09-28T04:05:16Z,CLEAR,0.5,c2;threatfox_c2,https://threatfox.abuse.ch/export/csv/recent/
domain,prontointerventosocialedss17.com,text_feeds:threatfox_c2,2026-09-28T05:22:11Z,CLEAR,0.5,c2;threatfox_c2,https://threatfox.abuse.ch/export/csv/recent/
domain,pureskill.ie,text_feeds:threatfox_c2,2026-09-28T06:07:29Z,CLEAR,0.5,c2;threatfox_c2,https://threatfox.abuse.ch/export/csv/recent/
domain,qbomodular.cl,text_feeds:threatfox_c2,2026-09-28T06:07:27Z,CLEAR,0.5,c2;threatfox_c2,https://threatfox.abuse.ch/export/csv/recent/
domain,qkshhdjrbd.work,text_feeds:threatfox_c2,2026-09-04T15:47:55Z,CLEAR,0.5,c2;threatfox_c2,https://threatfox.abuse.ch/export/csv/recent/
domain,radiosedetnt.it,text_feeds:threatfox_c2,2026-09-28T06:07:27Z,CLEAR,0.5,c2;threatfox_c2,https://threatfox.abuse.ch/export/csv/recent/
domain,rebellawyers.com,text_feeds:threatfox_c2,2026-09-28T06:32:43Z,CLEAR,0.5,c2;threatfox_c2,https://threatfox.abuse.ch/export/csv/recent/
domain,recon-usa.org,text_feeds:threatfox_c2,2026-09-28T06:22:37Z,CLEAR,0.5,c2;threatfox_c2,https://threatfox.abuse.ch/export/csv/recent/
domain,redstella.com,text_feeds:threatfox_c2,2026-09-28T15:17:45Z,CLEAR,0.5,c2;threatfox_c2,https://threatfox.abuse.ch/export/csv/recent/
domain,rentclub.it,text_feeds:threatfox_c2,2026-09-28T06:32:43Z,CLEAR,0.5,c2;threatfox_c2,https://threatfox.abuse.ch/export/csv/recent/
domain,repausetoisurmoi.fr,text_feeds:threatfox_c2,2026-09-10T21:07:37Z,CLEAR,0.5,c2;threatfox_c2,https://threatfox.abuse.ch/export/csv/recent/
domain,rethinkfinance.org,text_feeds:threatfox_c2,2026-09-28T06:32:43Z,CLEAR,0.5,c2;threatfox_c2,https://threatfox.abuse.ch/export/csv/recent/
domain,revzonebd.com,text_feeds:threatfox_c2,2026-09-28T06:32:43Z,CLEAR,0.5,c2;threatfox_c2,https://threatfox.abuse.ch/export/csv/recent/
domain,rideaux-metalliques-bordeaux.com,text_feeds:threatfox_c2,2026-09-28T15:17:45Z,CLEAR,0.5,c2;threatfox_c2,https://threatfox.abuse.ch/export/csv/recent/
domain,rideaux-metalliques-orleans.fr,text_feeds:threatfox_c2,2026-09-28T15:17:45Z,CLEAR,0.5,c2;threatfox_c2,https://threatfox.abuse.ch/export/csv/recent/
domain,rideaux-metalliques-toulouse.com,text_feeds:threatfox_c2,2026-09-28T15:17:48Z,CLEAR,0.5,c2;threatfox_c2,https://threatfox.abuse.ch/export/csv/recent/
domain,rivistalibera.it,text_feeds:threatfox_c2,2026-09-28T15:17:46Z,CLEAR,0.5,c2;threatfox_c2,https://threatfox.abuse.ch/export/csv/recent/
domain,robertamortgages.com,text_feeds:threatfox_c2,2026-09-28T15:26:43Z,CLEAR,0.5,c2;threatfox_c2,https://threatfox.abuse.ch/export/csv/recent/
domain,robertoscalco.it,text_feeds:threatfox_c2,2026-09-28T15:17:47Z,CLEAR,0.5,c2;threatfox_c2,https://threatfox.abuse.ch/export/csv/recent/
domain,robotique.tech,text_feeds:threatfox_c2,2026-09-28T18:19:31Z,CLEAR,0.5,c2;threatfox_c2,https://threatfox.abuse.ch/export/csv/recent/
domain,rosymugno.com,text_feeds:threatfox_c2,2026-09-28T18:19:31Z,CLEAR,0.5,c2;threatfox_c2,https://threatfox.abuse.ch/export/csv/recent/
domain,rudolfsteinerbookcentre.com.au,text_feeds:threatfox_c2,2026-09-29T12:05:06Z,CLEAR,0.5,c2;threatfox_c2,https://threatfox.abuse.ch/export/csv/recent/
domain,russellcourthotel.ie,text_feeds:threatfox_c2,2026-09-28T18:19:31Z,CLEAR,0.5,c2;threatfox_c2,https://threatfox.abuse.ch/export/csv/recent/
domain,rylikpoker.com,text_feeds:threatfox_c2,2026-09-28T18:51:57Z,CLEAR,0.5,c2;threatfox_c2,https://threatfox.abuse.ch/export/csv/recent/
domain,sainttripp.com,text_feeds:threatfox_c2,2026-09-28T18:51:57Z,CLEAR,0.5,c2;threatfox_c2,https://threatfox.abuse.ch/export/csv/recent/
domain,salesf0rce.club,text_feeds:threatfox_c2,2025-10-21T02:49:37Z,CLEAR,0.5,c2;threatfox_c2,https://threatfox.abuse.ch/export/csv/recent/
domain,sanmarinogame.com,text_feeds:threatfox_c2,2026-09-29T00:52:37Z,CLEAR,0.5,c2;threatfox_c2,https://threatfox.abuse.ch/export/csv/recent/
domain,schoonerbooks.com,text_feeds:threatfox_c2,2026-09-29T12:05:06Z,CLEAR,0.5,c2;threatfox_c2,https://threatfox.abuse.ch/export/csv/recent/
domain,scuola-inglese-opinioni.it,text_feeds:threatfox_c2,2026-09-28T18:51:58Z,CLEAR,0.5,c2;threatfox_c2,https://threatfox.abuse.ch/export/csv/recent/
domain,scuolascicampofelice.it,text_feeds:threatfox_c2,2026-09-28T18:51:59Z,CLEAR,0.5,c2;threatfox_c2,https://threatfox.abuse.ch/export/csv/recent/
domain,seralco.fr,text_feeds:threatfox_c2,2026-09-28T19:52:29Z,CLEAR,0.5,c2;threatfox_c2,https://threatfox.abuse.ch/export/csv/recent/
domain,siemenergia.it,text_feeds:threatfox_c2,2026-09-28T20:39:24Z,CLEAR,0.5,c2;threatfox_c2,https://threatfox.abuse.ch/export/csv/recent/
domain,solfreshlife.com,text_feeds:threatfox_c2,2026-09-28T20:39:26Z,CLEAR,0.5,c2;threatfox_c2,https://threatfox.abuse.ch/export/csv/recent/
domain,sservicesconsulting.com,text_feeds:threatfox_c2,2026-09-28T21:20:14Z,CLEAR,0.5,c2;threatfox_c2,https://threatfox.abuse.ch/export/csv/recent/
domain,stemagsrl.info,text_feeds:threatfox_c2,2026-09-28T15:17:46Z,CLEAR,0.5,c2;threatfox_c2,https://threatfox.abuse.ch/export/csv/recent/
domain,stickerprinting.eu,text_feeds:threatfox_c2,2026-09-28T21:15:11Z,CLEAR,0.5,c2;threatfox_c2,https://threatfox.abuse.ch/export/csv/recent/
domain,stjudes.church,text_feeds:threatfox_c2,2026-09-28T21:15:11Z,CLEAR,0.5,c2;threatfox_c2,https://threatfox.abuse.ch/export/csv/recent/
domain,streetculture.nu,text_feeds:threatfox_c2,2026-09-28T21:15:11Z,CLEAR,0.5,c2;threatfox_c2,https://threatfox.abuse.ch/export/csv/recent/
domain,studiolegaleassociatoimprota.com,text_feeds:threatfox_c2,2026-09-28T20:39:27Z,CLEAR,0.5,c2;threatfox_c2,https://threatfox.abuse.ch/export/csv/recent/
domain,studiotreddi.com,text_feeds:threatfox_c2,2026-09-28T21:15:09Z,CLEAR,0.5,c2;threatfox_c2,https://threatfox.abuse.ch/export/csv/recent/
domain,sxrust.com,text_feeds:threatfox_c2,2026-09-29T06:27:51Z,CLEAR,0.5,c2;threatfox_c2,https://threatfox.abuse.ch/export/csv/recent/
domain,tandemparagliding.eu,text_feeds:threatfox_c2,2026-09-28T21:45:29Z,CLEAR,0.5,c2;threatfox_c2,https://threatfox.abuse.ch/export/csv/recent/
domain,tanlemtechltd.com,text_feeds:threatfox_c2,2026-09-28T21:20:18Z,CLEAR,0.5,c2;threatfox_c2,https://threatfox.abuse.ch/export/csv/recent/
domain,taxexpert.co.il,text_feeds:threatfox_c2,2026-09-28T21:45:30Z,CLEAR,0.5,c2;threatfox_c2,https://threatfox.abuse.ch/export/csv/recent/
domain,taylormadesolutions.ca,text_feeds:threatfox_c2,2026-09-28T21:45:30Z,CLEAR,0.5,c2;threatfox_c2,https://threatfox.abuse.ch/export/csv/recent/
domain,tennistroubleshoot.com,text_feeds:threatfox_c2,2026-09-29T19:53:26Z,CLEAR,0.5,c2;threatfox_c2,https://threatfox.abuse.ch/export/csv/recent/
domain,tescilliafyonsucugu.com,text_feeds:threatfox_c2,2026-09-28T15:17:46Z,CLEAR,0.5,c2;threatfox_c2,https://threatfox.abuse.ch/export/csv/recent/
domain,theavocadopit.com,text_feeds:threatfox_c2,2026-09-29T12:05:06Z,CLEAR,0.5,c2;threatfox_c2,https://threatfox.abuse.ch/export/csv/recent/
domain,thedermacareclinic.com,text_feeds:threatfox_c2,2026-09-28T21:45:30Z,CLEAR,0.5,c2;threatfox_c2,https://threatfox.abuse.ch/export/csv/recent/
domain,theokanegroup.com,text_feeds:threatfox_c2,2023-11-15T09:53:18Z,CLEAR,0.5,c2;threatfox_c2,https://threatfox.abuse.ch/export/csv/recent/
domain,theridgebooks.com,text_feeds:threatfox_c2,2026-09-29T12:05:07Z,CLEAR,0.5,c2;threatfox_c2,https://threatfox.abuse.ch/export/csv/recent/
domain,top1tv.net,text_feeds:threatfox_c2,2026-09-28T22:16:12Z,CLEAR,0.5,c2;threatfox_c2,https://threatfox.abuse.ch/export/csv/recent/
domain,totilux.it,text_feeds:threatfox_c2,2026-09-28T22:16:12Z,CLEAR,0.5,c2;threatfox_c2,https://threatfox.abuse.ch/export/csv/recent/
domain,tremendoussports.com,text_feeds:threatfox_c2,2026-09-28T23:01:58Z,CLEAR,0.5,c2;threatfox_c2,https://threatfox.abuse.ch/export/csv/recent/
domain,tribunasofia.bg,text_feeds:threatfox_c2,2026-09-29T11:21:54Z,CLEAR,0.5,c2;threatfox_c2,https://threatfox.abuse.ch/export/csv/recent/
domain,tsfdn.org,text_feeds:threatfox_c2,2026-09-28T23:01:58Z,CLEAR,0.5,c2;threatfox_c2,https://threatfox.abuse.ch/export/csv/recent/
domain,tsrust.com,text_feeds:threatfox_c2,2026-09-29T06:27:51Z,CLEAR,0.5,c2;threatfox_c2,https://threatfox.abuse.ch/export/csv/recent/
domain,tss-network.de,text_feeds:threatfox_c2,2026-09-28T23:01:57Z,CLEAR,0.5,c2;threatfox_c2,https://threatfox.abuse.ch/export/csv/recent/
domain,ufa356.gripe,text_feeds:threatfox_c2,2026-09-28T23:01:58Z,CLEAR,0.5,c2;threatfox_c2,https://threatfox.abuse.ch/export/csv/recent/
domain,ufabet123.agency,text_feeds:threatfox_c2,2026-09-28T23:01:58Z,CLEAR,0.5,c2;threatfox_c2,https://threatfox.abuse.ch/export/csv/recent/
domain,ufabet888.party,text_feeds:threatfox_c2,2026-09-28T23:01:58Z,CLEAR,0.5,c2;threatfox_c2,https://threatfox.abuse.ch/export/csv/recent/
domain,veemis.sk,text_feeds:threatfox_c2,2026-09-29T00:12:11Z,CLEAR,0.5,c2;threatfox_c2,https://threatfox.abuse.ch/export/csv/recent/
domain,vellomedia.com,text_feeds:threatfox_c2,2026-09-29T00:12:11Z,CLEAR,0.5,c2;threatfox_c2,https://threatfox.abuse.ch/export/csv/recent/
domain,violaliquore.it,text_feeds:threatfox_c2,2026-09-29T00:12:12Z,CLEAR,0.5,c2;threatfox_c2,https://threatfox.abuse.ch/export/csv/recent/
domain,washingtonclubs.org,text_feeds:threatfox_c2,2026-09-29T01:59:35Z,CLEAR,0.5,c2;threatfox_c2,https://threatfox.abuse.ch/export/csv/recent/
domain,web-design-vegatrade.it,text_feeds:threatfox_c2,2026-09-29T00:52:38Z,CLEAR,0.5,c2;threatfox_c2,https://threatfox.abuse.ch/export/csv/recent/
domain,wildsoulssalonstudios.com,text_feeds:threatfox_c2,2026-09-29T03:29:30Z,CLEAR,0.5,c2;threatfox_c2,https://threatfox.abuse.ch/export/csv/recent/
domain,winning-gambler.com,text_feeds:threatfox_c2,2026-09-29T03:29:29Z,CLEAR,0.5,c2;threatfox_c2,https://threatfox.abuse.ch/export/csv/recent/
domain,wohnen-immo.de,text_feeds:threatfox_c2,2026-09-29T03:07:43Z,CLEAR,0.5,c2;threatfox_c2,https://threatfox.abuse.ch/export/csv/recent/
domain,wohtx.com,text_feeds:threatfox_c2,2026-09-29T03:07:43Z,CLEAR,0.5,c2;threatfox_c2,https://threatfox.abuse.ch/export/csv/recent/
domain,xn--shipo-esa.com,text_feeds:threatfox_c2,2026-09-29T03:07:43Z,CLEAR,0.5,c2;threatfox_c2,https://threatfox.abuse.ch/export/csv/recent/
domain,yeoldbookworm.com,text_feeds:threatfox_c2,2026-09-29T12:05:07Z,CLEAR,0.5,c2;threatfox_c2,https://threatfox.abuse.ch/export/csv/recent/
domain,yourwayoutbailbonds.com,text_feeds:threatfox_c2,2026-09-29T04:10:59Z,CLEAR,0.5,c2;threatfox_c2,https://threatfox.abuse.ch/export/csv/recent/
domain,wxtencent.com,text_feeds:threatfox_c2,2022-12-30T19:48:24Z,CLEAR,0.5,c2;threatfox_c2,https://threatfox.abuse.ch/export/csv/recent/
domain,wytete.workers.dev,text_feeds:threatfox_c2,2026-09-28T19:15:01Z,CLEAR,0.5,c2;threatfox_c2,https://threatfox.abuse.ch/export/csv/recent/
domain,xamayojir.com,text_feeds:threatfox_c2,2022-10-13T21:02:36Z,CLEAR,0.5,c2;threatfox_c2,https://threatfox.abuse.ch/export/csv/recent/
domain,xaynhatrongoitphcm.vn,text_feeds:threatfox_c2,2026-09-25T15:47:00Z,CLEAR,0.5,c2;threatfox_c2,https://threatfox.abuse.ch/export/csv/recent/
domain,xevayuhace.com,text_feeds:threatfox_c2,2022-12-30T19:48:20Z,CLEAR,0.5,c2;threatfox_c2,https://threatfox.abuse.ch/export/csv/recent/
domain,xicefoga.com,text_feeds:threatfox_c2,2022-10-13T20:58:25Z,CLEAR,0.5,c2;threatfox_c2,https://threatfox.abuse.ch/export/csv/recent/
domain,xirvr99896.workers.dev,text_feeds:threatfox_c2,2026-09-29T12:38:37Z,CLEAR,0.5,c2;threatfox_c2,https://threatfox.abuse.ch/export/csv/recent/
domain,xn--ih3bm3h02eowa8w.com,text_feeds:threatfox_c2,2026-09-25T15:47:00Z,CLEAR,0.5,c2;threatfox_c2,https://threatfox.abuse.ch/export/csv/recent/
domain,xocdiaonline.cards,text_feeds:threatfox_c2,2026-09-25T16:07:39Z,CLEAR,0.5,c2;threatfox_c2,https://threatfox.abuse.ch/export/csv/recent/
domain,xuluxetas.com,text_feeds:threatfox_c2,2022-10-13T19:23:44Z,CLEAR,0.5,c2;threatfox_c2,https://threatfox.abuse.ch/export/csv/recent/
domain,yavahiyil.com,text_feeds:threatfox_c2,2022-11-03T12:12:17Z,CLEAR,0.5,c2;threatfox_c2,https://threatfox.abuse.ch/export/csv/recent/
domain,yawangstore.shop,text_feeds:threatfox_c2,2026-09-29T12:51:33Z,CLEAR,0.5,c2;threatfox_c2,https://threatfox.abuse.ch/export/csv/recent/
domain,ye8ne339.dokturumsensin.com,text_feeds:threatfox_c2,2026-09-28T10:19:35Z,CLEAR,0.5,c2;threatfox_c2,https://threatfox.abuse.ch/export/csv/recent/
domain,yeet.company,text_feeds:threatfox_c2,2026-09-25T15:47:00Z,CLEAR,0.5,c2;threatfox_c2,https://threatfox.abuse.ch/export/csv/recent/
domain,yelloweasel.com,text_feeds:threatfox_c2,2026-09-25T15:47:00Z,CLEAR,0.5,c2;threatfox_c2,https://threatfox.abuse.ch/export/csv/recent/
domain,yify88.com,text_feeds:threatfox_c2,2023-11-24T08:21:04Z,CLEAR,0.5,c2;threatfox_c2,https://threatfox.abuse.ch/export/csv/recent/
domain,ykova48953.workers.dev,text_feeds:threatfox_c2,2026-09-29T14:36:26Z,CLEAR,0.5,c2;threatfox_c2,https://threatfox.abuse.ch/export/csv/recent/
domain,yogacoucou.com,text_feeds:threatfox_c2,2026-09-25T15:47:00Z,CLEAR,0.5,c2;threatfox_c2,https://threatfox.abuse.ch/export/csv/recent/
domain,yoruway.com,text_feeds:threatfox_c2,2026-09-25T16:07:39Z,CLEAR,0.5,c2;threatfox_c2,https://threatfox.abuse.ch/export/csv/recent/
domain,yourbestbuy.nl,text_feeds:threatfox_c2,2026-09-25T16:07:39Z,CLEAR,0.5,c2;threatfox_c2,https://threatfox.abuse.ch/export/csv/recent/
domain,yourbodyisyourbestfriend.com,text_feeds:threatfox_c2,2026-09-25T15:47:00Z,CLEAR,0.5,c2;threatfox_c2,https://threatfox.abuse.ch/export/csv/recent/
domain,yourinfosolutions.com,text_feeds:threatfox_c2,2022-09-05T19:10:48Z,CLEAR,0.5,c2;threatfox_c2,https://threatfox.abuse.ch/export/csv/recent/
domain,youronlinesports.com,text_feeds:threatfox_c2,2022-09-05T19:10:48Z,CLEAR,0.5,c2;threatfox_c2,https://threatfox.abuse.ch/export/csv/recent/
domain,yrmok.com,text_feeds:threatfox_c2,2026-09-24T07:38:15Z,CLEAR,0.5,c2;threatfox_c2,https://threatfox.abuse.ch/export/csv/recent/
domain,yuwajeni.com,text_feeds:threatfox_c2,2022-11-03T12:12:17Z,CLEAR,0.5,c2;threatfox_c2,https://threatfox.abuse.ch/export/csv/recent/
domain,yw2204.shop,text_feeds:threatfox_c2,2022-12-30T19:48:05Z,CLEAR,0.5,c2;threatfox_c2,https://threatfox.abuse.ch/export/csv/recent/
domain,yyhld3hh.pakketepaksempak.com,text_feeds:threatfox_c2,2026-09-29T17:28:48Z,CLEAR,0.5,c2;threatfox_c2,https://threatfox.abuse.ch/export/csv/recent/
domain,z7offy1h.linuxfortravelers.com,text_feeds:threatfox_c2,2026-09-29T19:50:52Z,CLEAR,0.5,c2;threatfox_c2,https://threatfox.abuse.ch/export/csv/recent/
domain,z7ql7rl5.gregoriasmod.com,text_feeds:threatfox_c2,2026-09-29T01:26:53Z,CLEAR,0.5,c2;threatfox_c2,https://threatfox.abuse.ch/export/csv/recent/
domain,zadelboetiek.nl,text_feeds:threatfox_c2,2026-09-29T12:51:33Z,CLEAR,0.5,c2;threatfox_c2,https://threatfox.abuse.ch/export/csv/recent/
domain,zadiguser.com,text_feeds:threatfox_c2,2022-11-03T12:12:17Z,CLEAR,0.5,c2;threatfox_c2,https://threatfox.abuse.ch/export/csv/recent/
domain,zambeziz.com,text_feeds:threatfox_c2,2022-08-06T07:00:06Z,CLEAR,0.5,c2;threatfox_c2,https://threatfox.abuse.ch/export/csv/recent/
domain,zarbari.com,text_feeds:threatfox_c2,2026-09-17T11:19:53Z,CLEAR,0.5,c2;threatfox_c2,https://threatfox.abuse.ch/export/csv/recent/
domain,zaura.cy,text_feeds:threatfox_c2,2026-09-24T07:38:15Z,CLEAR,0.5,c2;threatfox_c2,https://threatfox.abuse.ch/export/csv/recent/
domain,zazathc.com,text_feeds:threatfox_c2,2026-09-25T16:07:39Z,CLEAR,0.5,c2;threatfox_c2,https://threatfox.abuse.ch/export/csv/recent/
domain,zeaslazanky.cz,text_feeds:threatfox_c2,2026-09-25T15:47:01Z,CLEAR,0.5,c2;threatfox_c2,https://threatfox.abuse.ch/export/csv/recent/
domain,zendriol.com,text_feeds:threatfox_c2,2022-12-30T19:48:16Z,CLEAR,0.5,c2;threatfox_c2,https://threatfox.abuse.ch/export/csv/recent/
domain,zenzenzendrnzenzenzenzen.xyz,text_feeds:threatfox_c2,2026-09-28T15:19:16Z,CLEAR,0.5,c2;threatfox_c2,https://threatfox.abuse.ch/export/csv/recent/
domain,zeonperfumes.com,text_feeds:threatfox_c2,2026-09-25T16:07:39Z,CLEAR,0.5,c2;threatfox_c2,https://threatfox.abuse.ch/export/csv/recent/
domain,zesanenterprises.com,text_feeds:threatfox_c2,2026-09-25T15:47:02Z,CLEAR,0.5,c2;threatfox_c2,https://threatfox.abuse.ch/export/csv/recent/
domain,zezinuwe.com,text_feeds:threatfox_c2,2022-12-30T19:48:16Z,CLEAR,0.5,c2;threatfox_c2,https://threatfox.abuse.ch/export/csv/recent/
domain,zfuxwvouqvnttpsrxe.tech,text_feeds:threatfox_c2,2022-12-31T16:21:02Z,CLEAR,0.5,c2;threatfox_c2,https://threatfox.abuse.ch/export/csv/recent/
domain,zilyoner303.com,text_feeds:threatfox_c2,2026-09-28T17:01:13Z,CLEAR,0.5,c2;threatfox_c2,https://threatfox.abuse.ch/export/csv/recent/
domain,zionenterprise.com.co,text_feeds:threatfox_c2,2026-09-28T15:17:47Z,CLEAR,0.5,c2;threatfox_c2,https://threatfox.abuse.ch/export/csv/recent/
domain,ziono.xyz,text_feeds:threatfox_c2,2022-12-30T19:48:21Z,CLEAR,0.5,c2;threatfox_c2,https://threatfox.abuse.ch/export/csv/recent/
domain,zipo-cons.com,text_feeds:threatfox_c2,2022-12-30T19:48:16Z,CLEAR,0.5,c2;threatfox_c2,https://threatfox.abuse.ch/export/csv/recent/
domain,zmqh.com,text_feeds:threatfox_c2,2026-09-28T07:56:23Z,CLEAR,0.5,c2;threatfox_c2,https://threatfox.abuse.ch/export/csv/recent/
domain,zocity.nl,text_feeds:threatfox_c2,2026-09-25T15:47:03Z,CLEAR,0.5,c2;threatfox_c2,https://threatfox.abuse.ch/export/csv/recent/
domain,zofia.co.za,text_feeds:threatfox_c2,2026-09-24T07:38:15Z,CLEAR,0.5,c2;threatfox_c2,https://threatfox.abuse.ch/export/csv/recent/
domain,zomerax.top,text_feeds:threatfox_c2,2022-12-30T19:48:23Z,CLEAR,0.5,c2;threatfox_c2,https://threatfox.abuse.ch/export/csv/recent/
domain,zominoz.com,text_feeds:threatfox_c2,2022-08-31T16:32:01Z,CLEAR,0.5,c2;threatfox_c2,https://threatfox.abuse.ch/export/csv/recent/
domain,zomnotho.org.za,text_feeds:threatfox_c2,2026-09-24T07:38:15Z,CLEAR,0.5,c2;threatfox_c2,https://threatfox.abuse.ch/export/csv/recent/
domain,zomupyle.workers.dev,text_feeds:threatfox_c2,2026-09-29T08:52:55Z,CLEAR,0.5,c2;threatfox_c2,https://threatfox.abuse.ch/export/csv/recent/
domain,zone56.fr,text_feeds:threatfox_c2,2026-09-25T16:07:40Z,CLEAR,0.5,c2;threatfox_c2,https://threatfox.abuse.ch/export/csv/recent/
domain,zoo-station.com,text_feeds:threatfox_c2,2026-09-25T16:07:40Z,CLEAR,0.5,c2;threatfox_c2,https://threatfox.abuse.ch/export/csv/recent/
domain,zsoriova-uctovnictvo.sk,text_feeds:threatfox_c2,2026-09-29T04:11:00Z,CLEAR,0.5,c2;threatfox_c2,https://threatfox.abuse.ch/export/csv/recent/
domain,zsp18.poznan.pl,text_feeds:threatfox_c2,2026-09-29T12:51:34Z,CLEAR,0.5,c2;threatfox_c2,https://threatfox.abuse.ch/export/csv/recent/
domain,zucchinicru.com,text_feeds:threatfox_c2,2026-09-25T15:47:03Z,CLEAR,0.5,c2;threatfox_c2,https://threatfox.abuse.ch/export/csv/recent/
domain,zuyonijobo.com,text_feeds:threatfox_c2,2022-07-27T08:49:04Z,CLEAR,0.5,c2;threatfox_c2,https://threatfox.abuse.ch/export/csv/recent/
domain,zvh4.com,text_feeds:threatfox_c2,2026-09-28T18:56:18Z,CLEAR,0.5,c2;threatfox_c2,https://threatfox.abuse.ch/export/csv/recent/
domain,zwavhudianimalfeeds.co.za,text_feeds:threatfox_c2,2026-09-24T07:38:15Z,CLEAR,0.5,c2;threatfox_c2,https://threatfox.abuse.ch/export/csv/recent/
domain,zxerm.com,text_feeds:threatfox_c2,2022-03-10T15:29:52Z,CLEAR,0.5,c2;threatfox_c2,https://threatfox.abuse.ch/export/csv/recent/
domain,zymekcardiology.com,text_feeds:threatfox_c2,2026-09-25T16:07:40Z,CLEAR,0.5,c2;threatfox_c2,https://threatfox.abuse.ch/export/csv/recent/
ipv4,1.12.59.176,text_feeds:threatfox_c2,2026-09-22T08:35:13Z,CLEAR,0.5,c2;threatfox_c2,https://threatfox.abuse.ch/export/csv/recent/
ipv4,1.14.104.208,text_feeds:threatfox_c2,2026-08-20T05:41:15Z,CLEAR,0.5,c2;threatfox_c2,https://threatfox.abuse.ch/export/csv/recent/
ipv4,1.14.234.68,text_feeds:threatfox_c2,2026-07-11T19:43:03Z,CLEAR,0.5,c2;threatfox_c2,https://threatfox.abuse.ch/export/csv/recent/
ipv4,1.14.76.111,text_feeds:threatfox_c2,2022-03-24T10:56:07Z,CLEAR,0.5,c2;threatfox_c2,https://threatfox.abuse.ch/export/csv/recent/
ipv4,1.15.174.189,text_feeds:threatfox_c2,2025-05-24T11:13:44Z,CLEAR,0.5,c2;threatfox_c2,https://threatfox.abuse.ch/export/csv/recent/
ipv4,1.15.248.225,text_feeds:threatfox_c2,2023-06-28T22:51:22Z,CLEAR,0.5,c2;threatfox_c2,https://threatfox.abuse.ch/export/csv/recent/
ipv4,1.15.25.148,text_feeds:threatfox_c2,2026-02-08T15:42:41Z,CLEAR,0.5,c2;threatfox_c2,https://threatfox.abuse.ch/export/csv/recent/
ipv4,1.15.76.39,text_feeds:threatfox_c2,2026-04-07T07:17:26Z,CLEAR,0.5,c2;threatfox_c2,https://threatfox.abuse.ch/export/csv/recent/
ipv4,1.69.201.249,text_feeds:threatfox_c2,2026-08-29T19:43:02Z,CLEAR,0.5,c2;threatfox_c2,https://threatfox.abuse.ch/export/csv/recent/
ipv4,1.69.201.81,text_feeds:threatfox_c2,2026-09-06T19:43:02Z,CLEAR,0.5,c2;threatfox_c2,https://threatfox.abuse.ch/export/csv/recent/
ipv4,1.92.135.168,text_feeds:threatfox_c2,2026-08-08T19:43:01Z,CLEAR,0.5,c2;threatfox_c2,https://threatfox.abuse.ch/export/csv/recent/
ipv4,1.94.65.9,text_feeds:threatfox_c2,2026-08-31T23:46:43Z,CLEAR,0.5,c2;threatfox_c2,https://threatfox.abuse.ch/export/csv/recent/
ipv4,100.87.53.0,text_feeds:threatfox_c2,2026-09-11T15:48:12Z,CLEAR,0.5,c2;threatfox_c2,https://threatfox.abuse.ch/export/csv/recent/
ipv4,101.126.10.34,text_feeds:threatfox_c2,2026-05-23T14:56:56Z,CLEAR,0.5,c2;threatfox_c2,https://threatfox.abuse.ch/export/csv/recent/
ipv4,101.133.148.66,text_feeds:threatfox_c2,2026-02-08T15:42:40Z,CLEAR,0.5,c2;threatfox_c2,https://threatfox.abuse.ch/export/csv/recent/
ipv4,101.200.193.211,text_feeds:threatfox_c2,2026-02-14T15:11:17Z,CLEAR,0.5,c2;threatfox_c2,https://threatfox.abuse.ch/export/csv/recent/
ipv4,101.201.103.158,text_feeds:threatfox_c2,2026-09-14T13:47:42Z,CLEAR,0.5,c2;threatfox_c2,https://threatfox.abuse.ch/export/csv/recent/
ipv4,101.201.54.74,text_feeds:threatfox_c2,2024-04-23T18:05:43Z,CLEAR,0.5,c2;threatfox_c2,https://threatfox.abuse.ch/export/csv/recent/
ipv4,101.32.109.112,text_feeds:threatfox_c2,2025-09-10T20:01:24Z,CLEAR,0.5,c2;threatfox_c2,https://threatfox.abuse.ch/export/csv/recent/
ipv4,101.32.204.81,text_feeds:threatfox_c2,2021-12-13T10:06:28Z,CLEAR,0.5,c2;threatfox_c2,https://threatfox.abuse.ch/export/csv/recent/
ipv4,101.33.202.134,text_feeds:threatfox_c2,2026-06-13T09:43:02Z,CLEAR,0.5,c2;threatfox_c2,https://threatfox.abuse.ch/export/csv/recent/
ipv4,101.33.225.32,text_feeds:threatfox_c2,2026-05-07T20:44:32Z,CLEAR,0.5,c2;threatfox_c2,https://threatfox.abuse.ch/export/csv/recent/
ipv4,101.34.182.130,text_feeds:threatfox_c2,2022-01-29T22:33:30Z,CLEAR,0.5,c2;threatfox_c2,https://threatfox.abuse.ch/export/csv/recent/
ipv4,101.34.205.214,text_feeds:threatfox_c2,2025-12-30T16:21:16Z,CLEAR,0.5,c2;threatfox_c2,https://threatfox.abuse.ch/export/csv/recent/
ipv4,101.34.208.175,text_feeds:threatfox_c2,2026-09-19T09:19:03Z,CLEAR,0.5,c2;threatfox_c2,https://threatfox.abuse.ch/export/csv/recent/
ipv4,101.34.222.38,text_feeds:threatfox_c2,2023-11-09T17:50:07Z,CLEAR,0.5,c2;threatfox_c2,https://threatfox.abuse.ch/export/csv/recent/
ipv4,101.35.109.246,text_feeds:threatfox_c2,2025-05-17T06:26:23Z,CLEAR,0.5,c2;threatfox_c2,https://threatfox.abuse.ch/export/csv/recent/
ipv4,101.35.217.145,text_feeds:threatfox_c2,2026-09-28T09:58:10Z,CLEAR,0.5,c2;threatfox_c2,https://threatfox.abuse.ch/export/csv/recent/
ipv4,101.36.123.12,text_feeds:threatfox_c2,2026-08-01T19:43:03Z,CLEAR,0.5,c2;threatfox_c2,https://threatfox.abuse.ch/export/csv/recent/
ipv4,101.37.236.20,text_feeds:threatfox_c2,2026-01-31T04:00:10Z,CLEAR,0.5,c2;threatfox_c2,https://threatfox.abuse.ch/export/csv/recent/
ipv4,101.42.104.134,text_feeds:threatfox_c2,2026-06-01T15:11:37Z,CLEAR,0.5,c2;threatfox_c2,https://threatfox.abuse.ch/export/csv/recent/
ipv4,101.42.136.73,text_feeds:threatfox_c2,2026-08-30T23:46:41Z,CLEAR,0.5,c2;threatfox_c2,https://threatfox.abuse.ch/export/csv/recent/
ipv4,101.42.255.92,text_feeds:threatfox_c2,2026-07-10T11:46:34Z,CLEAR,0.5,c2;threatfox_c2,https://threatfox.abuse.ch/export/csv/recent/
ipv4,101.42.33.156,text_feeds:threatfox_c2,2026-09-20T09:43:03Z,CLEAR,0.5,c2;threatfox_c2,https://threatfox.abuse.ch/export/csv/recent/
ipv4,101.43.2.116,text_feeds:threatfox_c2,2026-02-08T15:42:40Z,CLEAR,0.5,c2;threatfox_c2,https://threatfox.abuse.ch/export/csv/recent/
ipv4,101.43.32.212,text_feeds:threatfox_c2,2024-05-31T12:57:33Z,CLEAR,0.5,c2;threatfox_c2,https://threatfox.abuse.ch/export/csv/recent/
ipv4,101.43.53.103,text_feeds:threatfox_c2,2026-08-26T07:05:06Z,CLEAR,0.5,c2;threatfox_c2,https://threatfox.abuse.ch/export/csv/recent/
ipv4,101.43.91.156,text_feeds:threatfox_c2,2025-05-31T07:45:39Z,CLEAR,0.5,c2;threatfox_c2,https://threatfox.abuse.ch/export/csv/recent/
ipv4,101.47.20.73,text_feeds:threatfox_c2,2026-09-28T09:59:39Z,CLEAR,0.5,c2;threatfox_c2,https://threatfox.abuse.ch/export/csv/recent/
ipv4,101.99.92.134,text_feeds:threatfox_c2,2026-08-26T09:43:04Z,CLEAR,0.5,c2;threatfox_c2,https://threatfox.abuse.ch/export/csv/recent/
ipv4,102.117.160.67,text_feeds:threatfox_c2,2026-03-01T08:29:28Z,CLEAR,0.5,c2;threatfox_c2,https://threatfox.abuse.ch/export/csv/recent/
ipv4,102.117.161.224,text_feeds:threatfox_c2,2026-09-26T19:43:06Z,CLEAR,0.5,c2;threatfox_c2,https://threatfox.abuse.ch/export/csv/recent/
ipv4,102.117.161.77,text_feeds:threatfox_c2,2026-09-09T19:43:05Z,CLEAR,0.5,c2;threatfox_c2,https://threatfox.abuse.ch/export/csv/recent/
ipv4,102.117.162.133,text_feeds:threatfox_c2,2026-08-29T15:05:05Z,CLEAR,0.5,c2;threatfox_c2,https://threatfox.abuse.ch/export/csv/recent/
ipv4,102.117.163.135,text_feeds:threatfox_c2,2026-09-22T19:43:03Z,CLEAR,0.5,c2;threatfox_c2,https://threatfox.abuse.ch/export/csv/recent/
ipv4,102.117.163.149,text_feeds:threatfox_c2,2026-09-11T19:43:04Z,CLEAR,0.5,c2;threatfox_c2,https://threatfox.abuse.ch/export/csv/recent/
ipv4,102.117.163.68,text_feeds:threatfox_c2,2026-09-17T19:43:03Z,CLEAR,0.5,c2;threatfox_c2,https://threatfox.abuse.ch/export/csv/recent/
ipv4,102.117.164.35,text_feeds:threatfox_c2,2026-09-28T19:43:04Z,CLEAR,0.5,c2;threatfox_c2,https://threatfox.abuse.ch/export/csv/recent/
ipv4,102.117.165.131,text_feeds:threatfox_c2,2026-09-16T19:43:04Z,CLEAR,0.5,c2;threatfox_c2,https://threatfox.abuse.ch/export/csv/recent/
ipv4,102.117.165.17,text_feeds:threatfox_c2,2026-09-20T19:43:04Z,CLEAR,0.5,c2;threatfox_c2,https://threatfox.abuse.ch/export/csv/recent/
ipv4,102.117.165.202,text_feeds:threatfox_c2,2026-09-14T11:19:22Z,CLEAR,0.5,c2;threatfox_c2,https://threatfox.abuse.ch/export/csv/recent/
ipv4,102.117.165.210,text_feeds:threatfox_c2,2026-09-29T07:05:04Z,CLEAR,0.5,c2;threatfox_c2,https://threatfox.abuse.ch/export/csv/recent/
ipv4,102.117.165.66,text_feeds:threatfox_c2,2026-09-05T19:43:04Z,CLEAR,0.5,c2;threatfox_c2,https://threatfox.abuse.ch/export/csv/recent/
ipv4,102.117.165.85,text_feeds:threatfox_c2,2026-09-12T19:43:04Z,CLEAR,0.5,c2;threatfox_c2,https://threatfox.abuse.ch/export/csv/recent/
ipv4,102.117.165.95,text_feeds:threatfox_c2,2026-09-25T19:43:04Z,CLEAR,0.5,c2;threatfox_c2,https://threatfox.abuse.ch/export/csv/recent/
ipv4,102.117.166.237,text_feeds:threatfox_c2,2026-09-02T19:43:14Z,CLEAR,0.5,c2;threatfox_c2,https://threatfox.abuse.ch/export/csv/recent/
ipv4,102.117.167.19,text_feeds:threatfox_c2,2026-08-30T19:05:04Z,CLEAR,0.5,c2;threatfox_c2,https://threatfox.abuse.ch/export/csv/recent/
ipv4,102.117.167.205,text_feeds:threatfox_c2,2026-09-15T19:43:03Z,CLEAR,0.5,c2;threatfox_c2,https://threatfox.abuse.ch/export/csv/recent/
ipv4,102.117.167.58,text_feeds:threatfox_c2,2026-09-23T14:05:07Z,CLEAR,0.5,c2;threatfox_c2,https://threatfox.abuse.ch/export/csv/recent/
ipv4,102.117.168.128,text_feeds:threatfox_c2,2026-09-13T19:43:05Z,CLEAR,0.5,c2;threatfox_c2,https://threatfox.abuse.ch/export/csv/recent/
ipv4,102.117.168.208,text_feeds:threatfox_c2,2025-06-23T12:02:20Z,CLEAR,0.5,c2;threatfox_c2,https://threatfox.abuse.ch/export/csv/recent/
ipv4,102.117.168.34,text_feeds:threatfox_c2,2026-09-10T19:43:05Z,CLEAR,0.5,c2;threatfox_c2,https://threatfox.abuse.ch/export/csv/recent/
ipv4,102.117.170.76,text_feeds:threatfox_c2,2026-09-08T19:43:05Z,CLEAR,0.5,c2;threatfox_c2,https://threatfox.abuse.ch/export/csv/recent/
ipv4,102.117.171.26,text_feeds:threatfox_c2,2026-08-28T19:43:03Z,CLEAR,0.5,c2;threatfox_c2,https://threatfox.abuse.ch/export/csv/recent/
ipv4,102.117.173.122,text_feeds:threatfox_c2,2026-09-24T07:05:08Z,CLEAR,0.5,c2;threatfox_c2,https://threatfox.abuse.ch/export/csv/recent/
ipv4,102.117.174.216,text_feeds:threatfox_c2,2026-08-31T19:05:06Z,CLEAR,0.5,c2;threatfox_c2,https://threatfox.abuse.ch/export/csv/recent/
ipv4,102.188.200.238,text_feeds:threatfox_c2,2026-09-17T09:43:06Z,CLEAR,0.5,c2;threatfox_c2,https://threatfox.abuse.ch/export/csv/recent/
ipv4,102.220.160.103,text_feeds:threatfox_c2,2026-07-11T07:15:55Z,CLEAR,0.5,c2;threatfox_c2,https://threatfox.abuse.ch/export/csv/recent/
ipv4,102.220.160.117,text_feeds:threatfox_c2,2026-09-05T09:43:05Z,CLEAR,0.5,c2;threatfox_c2,https://threatfox.abuse.ch/export/csv/recent/
ipv4,102.220.160.198,text_feeds:threatfox_c2,2026-09-19T09:43:06Z,CLEAR,0.5,c2;threatfox_c2,https://threatfox.abuse.ch/export/csv/recent/
ipv4,102.220.160.231,text_feeds:threatfox_c2,2026-08-28T19:43:04Z,CLEAR,0.5,c2;threatfox_c2,https://threatfox.abuse.ch/export/csv/recent/
ipv4,102.220.160.250,text_feeds:threatfox_c2,2026-06-24T09:43:04Z,CLEAR,0.5,c2;threatfox_c2,https://threatfox.abuse.ch/export/csv/recent/
ipv4,102.220.160.58,text_feeds:threatfox_c2,2026-09-01T05:41:23Z,CLEAR,0.5,c2;threatfox_c2,https://threatfox.abuse.ch/export/csv/recent/
ipv4,102.220.161.52,text_feeds:threatfox_c2,2026-09-09T18:20:41Z,CLEAR,0.5,c2;threatfox_c2,https://threatfox.abuse.ch/export/csv/recent/
ipv4,102.220.161.59,text_feeds:threatfox_c2,2026-09-07T07:21:03Z,CLEAR,0.5,c2;threatfox_c2,https://threatfox.abuse.ch/export/csv/recent/
ipv4,102.220.161.73,text_feeds:threatfox_c2,2026-09-09T18:20:40Z,CLEAR,0.5,c2;threatfox_c2,https://threatfox.abuse.ch/export/csv/recent/
ipv4,102.220.161.94,text_feeds:threatfox_c2,2026-09-10T02:40:03Z,CLEAR,0.5,c2;threatfox_c2,https://threatfox.abuse.ch/export/csv/recent/
ipv4,102.220.163.36,text_feeds:threatfox_c2,2026-09-26T12:43:08Z,CLEAR,0.5,c2;threatfox_c2,https://threatfox.abuse.ch/export/csv/recent/
ipv4,102.220.163.40,text_feeds:threatfox_c2,2026-09-21T07:10:38Z,CLEAR,0.5,c2;threatfox_c2,https://threatfox.abuse.ch/export/csv/recent/
ipv4,103.108.66.160,text_feeds:threatfox_c2,2026-09-10T09:43:08Z,CLEAR,0.5,c2;threatfox_c2,https://threatfox.abuse.ch/export/csv/recent/
ipv4,103.115.49.68,text_feeds:threatfox_c2,2026-09-28T11:05:05Z,CLEAR,0.5,c2;threatfox_c2,https://threatfox.abuse.ch/export/csv/recent/
ipv4,103.116.52.203,text_feeds:threatfox_c2,2026-08-29T09:43:05Z,CLEAR,0.5,c2;threatfox_c2,https://threatfox.abuse.ch/export/csv/recent/
ipv4,103.119.47.222,text_feeds:threatfox_c2,2026-09-02T23:47:15Z,CLEAR,0.5,c2;threatfox_c2,https://threatfox.abuse.ch/export/csv/recent/
ipv4,103.125.248.109,text_feeds:threatfox_c2,2025-07-19T12:49:30Z,CLEAR,0.5,c2;threatfox_c2,https://threatfox.abuse.ch/export/csv/recent/
ipv4,103.131.131.96,text_feeds:threatfox_c2,2026-09-28T17:05:29Z,CLEAR,0.5,c2;threatfox_c2,https://threatfox.abuse.ch/export/csv/recent/
ipv4,103.140.154.7,text_feeds:threatfox_c2,2026-08-12T09:43:05Z,CLEAR,0.5,c2;threatfox_c2,https://threatfox.abuse.ch/export/csv/recent/
ipv4,103.142.147.17,text_feeds:threatfox_c2,2025-03-24T06:29:33Z,CLEAR,0.5,c2;threatfox_c2,https://threatfox.abuse.ch/export/csv/recent/
ipv4,103.142.147.18,text_feeds:threatfox_c2,2025-03-22T20:43:16Z,CLEAR,0.5,c2;threatfox_c2,https://threatfox.abuse.ch/export/csv/recent/
ipv4,103.142.147.19,text_feeds:threatfox_c2,2025-03-22T20:43:16Z,CLEAR,0.5,c2;threatfox_c2,https://threatfox.abuse.ch/export/csv/recent/
ipv4,103.149.93.146,text_feeds:threatfox_c2,2025-10-30T04:00:42Z,CLEAR,0.5,c2;threatfox_c2,https://threatfox.abuse.ch/export/csv/recent/
ipv4,103.153.254.32,text_feeds:threatfox_c2,2026-06-19T09:43:05Z,CLEAR,0.5,c2;threatfox_c2,https://threatfox.abuse.ch/export/csv/recent/
ipv4,103.16.117.92,text_feeds:threatfox_c2,2025-08-27T04:01:19Z,CLEAR,0.5,c2;threatfox_c2,https://threatfox.abuse.ch/export/csv/recent/
ipv4,103.17.38.43,text_feeds:threatfox_c2,2026-05-26T08:35:01Z,CLEAR,0.5,c2;threatfox_c2,https://threatfox.abuse.ch/export/csv/recent/
ipv4,103.171.35.26,text_feeds:threatfox_c2,2025-05-15T21:14:57Z,CLEAR,0.5,c2;threatfox_c2,https://threatfox.abuse.ch/export/csv/recent/
ipv4,103.171.35.66,text_feeds:threatfox_c2,2025-12-30T16:21:15Z,CLEAR,0.5,c2;threatfox_c2,https://threatfox.abuse.ch/export/csv/recent/
ipv4,103.185.249.13,text_feeds:threatfox_c2,2026-07-20T09:43:11Z,CLEAR,0.5,c2;threatfox_c2,https://threatfox.abuse.ch/export/csv/recent/
ipv4,103.20.235.16,text_feeds:threatfox_c2,2026-09-28T09:59:42Z,CLEAR,0.5,c2;threatfox_c2,https://threatfox.abuse.ch/export/csv/recent/
ipv4,103.204.174.212,text_feeds:threatfox_c2,2026-09-07T13:48:04Z,CLEAR,0.5,c2;threatfox_c2,https://threatfox.abuse.ch/export/csv/recent/
ipv4,103.212.186.85,text_feeds:threatfox_c2,2026-09-05T13:47:41Z,CLEAR,0.5,c2;threatfox_c2,https://threatfox.abuse.ch/export/csv/recent/
ipv4,103.213.248.61,text_feeds:threatfox_c2,2026-08-10T19:43:06Z,CLEAR,0.5,c2;threatfox_c2,https://threatfox.abuse.ch/export/csv/recent/
ipv4,103.214.146.46,text_feeds:threatfox_c2,2026-08-02T06:54:54Z,CLEAR,0.5,c2;threatfox_c2,https://threatfox.abuse.ch/export/csv/recent/
ipv4,103.215.81.156,text_feeds:threatfox_c2,2025-02-10T20:43:10Z,CLEAR,0.5,c2;threatfox_c2,https://threatfox.abuse.ch/export/csv/recent/
ipv4,103.217.186.180,text_feeds:threatfox_c2,2026-08-17T05:37:58Z,CLEAR,0.5,c2;threatfox_c2,https://threatfox.abuse.ch/export/csv/recent/
ipv4,103.233.8.46,text_feeds:threatfox_c2,2026-01-15T06:18:31Z,CLEAR,0.5,c2;threatfox_c2,https://threatfox.abuse.ch/export/csv/recent/
ipv4,103.236.70.158,text_feeds:threatfox_c2,2025-09-06T12:01:48Z,CLEAR,0.5,c2;threatfox_c2,https://threatfox.abuse.ch/export/csv/recent/
ipv4,103.237.92.116,text_feeds:threatfox_c2,2026-09-02T19:43:25Z,CLEAR,0.5,c2;threatfox_c2,https://threatfox.abuse.ch/export/csv/recent/
ipv4,103.247.10.148,text_feeds:threatfox_c2,2026-09-28T09:59:44Z,CLEAR,0.5,c2;threatfox_c2,https://threatfox.abuse.ch/export/csv/recent/
ipv4,103.249.116.184,text_feeds:threatfox_c2,2026-08-07T09:43:06Z,CLEAR,0.5,c2;threatfox_c2,https://threatfox.abuse.ch/export/csv/recent/
ipv4,103.30.77.158,text_feeds:threatfox_c2,2026-09-28T09:59:45Z,CLEAR,0.5,c2;threatfox_c2,https://threatfox.abuse.ch/export/csv/recent/
ipv4,103.38.236.70,text_feeds:threatfox_c2,2026-09-24T19:43:12Z,CLEAR,0.5,c2;threatfox_c2,https://threatfox.abuse.ch/export/csv/recent/
ipv4,103.41.177.238,text_feeds:threatfox_c2,2026-08-28T13:05:09Z,CLEAR,0.5,c2;threatfox_c2,https://threatfox.abuse.ch/export/csv/recent/
ipv4,103.43.11.40,text_feeds:threatfox_c2,2026-08-19T19:43:08Z,CLEAR,0.5,c2;threatfox_c2,https://threatfox.abuse.ch/export/csv/recent/
ipv4,103.45.66.107,text_feeds:threatfox_c2,2026-09-06T19:43:08Z,CLEAR,0.5,c2;threatfox_c2,https://threatfox.abuse.ch/export/csv/recent/
ipv4,103.48.84.225,text_feeds:threatfox_c2,2026-09-26T12:43:29Z,CLEAR,0.5,c2;threatfox_c2,https://threatfox.abuse.ch/export/csv/recent/
ipv4,103.51.145.75,text_feeds:threatfox_c2,2026-08-14T09:43:07Z,CLEAR,0.5,c2;threatfox_c2,https://threatfox.abuse.ch/export/csv/recent/
ipv4,103.53.80.201,text_feeds:threatfox_c2,2026-07-30T19:43:09Z,CLEAR,0.5,c2;threatfox_c2,https://threatfox.abuse.ch/export/csv/recent/
ipv4,103.54.153.49,text_feeds:threatfox_c2,2026-08-27T19:43:09Z,CLEAR,0.5,c2;threatfox_c2,https://threatfox.abuse.ch/export/csv/recent/
ipv4,103.67.163.108,text_feeds:threatfox_c2,2026-07-13T03:40:49Z,CLEAR,0.5,c2;threatfox_c2,https://threatfox.abuse.ch/export/csv/recent/
ipv4,103.67.163.201,text_feeds:threatfox_c2,2026-09-17T05:41:55Z,CLEAR,0.5,c2;threatfox_c2,https://threatfox.abuse.ch/export/csv/recent/
ipv4,103.73.66.43,text_feeds:threatfox_c2,2025-08-31T20:50:07Z,CLEAR,0.5,c2;threatfox_c2,https://threatfox.abuse.ch/export/csv/recent/
ipv4,103.79.76.207,text_feeds:threatfox_c2,2026-09-06T09:43:10Z,CLEAR,0.5,c2;threatfox_c2,https://threatfox.abuse.ch/export/csv/recent/
ipv4,103.79.79.105,text_feeds:threatfox_c2,2026-05-01T18:43:03Z,CLEAR,0.5,c2;threatfox_c2,https://threatfox.abuse.ch/export/csv/recent/
ipv4,103.83.86.147,text_feeds:threatfox_c2,2026-09-16T11:47:10Z,CLEAR,0.5,c2;threatfox_c2,https://threatfox.abuse.ch/export/csv/recent/
ipv4,103.97.131.179,text_feeds:threatfox_c2,2026-09-16T19:43:14Z,CLEAR,0.5,c2;threatfox_c2,https://threatfox.abuse.ch/export/csv/recent/
ipv4,103.98.18.238,text_feeds:threatfox_c2,2026-08-29T19:43:10Z,CLEAR,0.5,c2;threatfox_c2,https://threatfox.abuse.ch/export/csv/recent/
ipv4,104.105.15.96,text_feeds:threatfox_c2,2026-08-26T09:43:10Z,CLEAR,0.5,c2;threatfox_c2,https://threatfox.abuse.ch/export/csv/recent/
ipv4,104.105.9.5,text_feeds:threatfox_c2,2026-09-28T14:16:55Z,CLEAR,0.5,c2;threatfox_c2,https://threatfox.abuse.ch/export/csv/recent/
ipv4,104.128.92.144,text_feeds:threatfox_c2,2021-10-31T17:43:37Z,CLEAR,0.5,c2;threatfox_c2,https://threatfox.abuse.ch/export/csv/recent/
ipv4,104.129.171.63,text_feeds:threatfox_c2,2026-09-10T17:55:42Z,CLEAR,0.5,c2;threatfox_c2,https://threatfox.abuse.ch/export/csv/recent/
ipv4,104.131.163.233,text_feeds:threatfox_c2,2026-09-22T19:43:13Z,CLEAR,0.5,c2;threatfox_c2,https://threatfox.abuse.ch/export/csv/recent/
ipv4,104.143.204.78,text_feeds:threatfox_c2,2026-09-29T13:05:05Z,CLEAR,0.5,c2;threatfox_c2,https://threatfox.abuse.ch/export/csv/recent/
ipv4,104.143.46.142,text_feeds:threatfox_c2,2026-09-02T19:43:32Z,CLEAR,0.5,c2;threatfox_c2,https://threatfox.abuse.ch/export/csv/recent/
ipv4,104.164.46.36,text_feeds:threatfox_c2,2026-09-14T09:43:13Z,CLEAR,0.5,c2;threatfox_c2,https://threatfox.abuse.ch/export/csv/recent/
ipv4,104.165.244.81,text_feeds:threatfox_c2,2026-09-26T06:20:39Z,CLEAR,0.5,c2;threatfox_c2,https://threatfox.abuse.ch/export/csv/recent/
ipv4,104.168.102.116,text_feeds:threatfox_c2,2026-08-30T21:05:05Z,CLEAR,0.5,c2;threatfox_c2,https://threatfox.abuse.ch/export/csv/recent/
ipv4,104.168.148.29,text_feeds:threatfox_c2,2026-09-22T09:43:14Z,CLEAR,0.5,c2;threatfox_c2,https://threatfox.abuse.ch/export/csv/recent/
ipv4,104.200.72.154,text_feeds:threatfox_c2,2026-09-03T19:43:12Z,CLEAR,0.5,c2;threatfox_c2,https://threatfox.abuse.ch/export/csv/recent/
ipv4,104.207.132.238,text_feeds:threatfox_c2,2026-09-19T19:43:16Z,CLEAR,0.5,c2;threatfox_c2,https://threatfox.abuse.ch/export/csv/recent/
ipv4,104.207.88.70,text_feeds:threatfox_c2,2026-09-29T09:43:11Z,CLEAR,0.5,c2;threatfox_c2,https://threatfox.abuse.ch/export/csv/recent/
ipv4,104.207.93.167,text_feeds:threatfox_c2,2026-09-01T09:43:13Z,CLEAR,0.5,c2;threatfox_c2,https://threatfox.abuse.ch/export/csv/recent/
ipv4,104.219.238.196,text_feeds:threatfox_c2,2026-09-29T19:05:04Z,CLEAR,0.5,c2;threatfox_c2,https://threatfox.abuse.ch/export/csv/recent/
ipv4,104.223.98.68,text_feeds:threatfox_c2,2026-08-04T09:43:11Z,CLEAR,0.5,c2;threatfox_c2,https://threatfox.abuse.ch/export/csv/recent/
ipv4,104.238.57.221,text_feeds:threatfox_c2,2026-09-28T18:39:14Z,CLEAR,0.5,c2;threatfox_c2,https://threatfox.abuse.ch/export/csv/recent/
ipv4,104.238.61.67,text_feeds:threatfox_c2,2026-09-28T09:58:51Z,CLEAR,0.5,c2;threatfox_c2,https://threatfox.abuse.ch/export/csv/recent/
ipv4,104.239.66.26,text_feeds:threatfox_c2,2026-09-08T19:43:15Z,CLEAR,0.5,c2;threatfox_c2,https://threatfox.abuse.ch/export/csv/recent/
ipv4,104.243.248.63,text_feeds:threatfox_c2,2026-09-25T09:43:17Z,CLEAR,0.5,c2;threatfox_c2,https://threatfox.abuse.ch/export/csv/recent/
ipv4,104.248.156.16,text_feeds:threatfox_c2,2026-09-13T20:05:08Z,CLEAR,0.5,c2;threatfox_c2,https://threatfox.abuse.ch/export/csv/recent/
ipv4,104.249.10.118,text_feeds:threatfox_c2,2026-09-10T21:43:17Z,CLEAR,0.5,c2;threatfox_c2,https://threatfox.abuse.ch/export/csv/recent/
ipv4,104.250.167.93,text_feeds:threatfox_c2,2026-09-23T09:43:17Z,CLEAR,0.5,c2;threatfox_c2,https://threatfox.abuse.ch/export/csv/recent/
ipv4,104.250.180.85,text_feeds:threatfox_c2,2026-08-30T09:43:17Z,CLEAR,0.5,c2;threatfox_c2,https://threatfox.abuse.ch/export/csv/recent/
ipv4,104.254.90.162,text_feeds:threatfox_c2,2026-09-01T07:22:54Z,CLEAR,0.5,c2;threatfox_c2,https://threatfox.abuse.ch/export/csv/recent/
ipv4,104.37.172.247,text_feeds:threatfox_c2,2026-09-29T06:28:18Z,CLEAR,0.5,c2;threatfox_c2,https://threatfox.abuse.ch/export/csv/recent/
ipv4,104.37.174.61,text_feeds:threatfox_c2,2026-09-22T19:43:17Z,CLEAR,0.5,c2;threatfox_c2,https://threatfox.abuse.ch/export/csv/recent/
ipv4,104.64.208.123,text_feeds:threatfox_c2,2026-09-21T19:43:16Z,CLEAR,0.5,c2;threatfox_c2,https://threatfox.abuse.ch/export/csv/recent/
ipv4,105.101.131.181,text_feeds:threatfox_c2,2026-09-11T19:43:19Z,CLEAR,0.5,c2;threatfox_c2,https://threatfox.abuse.ch/export/csv/recent/
ipv4,105.158.184.163,text_feeds:threatfox_c2,2026-09-01T09:43:19Z,CLEAR,0.5,c2;threatfox_c2,https://threatfox.abuse.ch/export/csv/recent/
ipv4,106.12.111.209,text_feeds:threatfox_c2,2025-09-11T06:43:14Z,CLEAR,0.5,c2;threatfox_c2,https://threatfox.abuse.ch/export/csv/recent/
ipv4,106.12.219.245,text_feeds:threatfox_c2,2026-02-08T15:42:02Z,CLEAR,0.5,c2;threatfox_c2,https://threatfox.abuse.ch/export/csv/recent/
ipv4,106.13.137.229,text_feeds:threatfox_c2,2026-02-08T15:42:40Z,CLEAR,0.5,c2;threatfox_c2,https://threatfox.abuse.ch/export/csv/recent/
ipv4,106.13.189.138,text_feeds:threatfox_c2,2026-06-17T23:45:31Z,CLEAR,0.5,c2;threatfox_c2,https://threatfox.abuse.ch/export/csv/recent/
ipv4,106.13.29.104,text_feeds:threatfox_c2,2026-02-08T15:42:02Z,CLEAR,0.5,c2;threatfox_c2,https://threatfox.abuse.ch/export/csv/recent/
ipv4,106.15.10.2,text_feeds:threatfox_c2,2026-08-27T11:48:21Z,CLEAR,0.5,c2;threatfox_c2,https://threatfox.abuse.ch/export/csv/recent/
ipv4,106.38.201.95,text_feeds:threatfox_c2,2026-02-08T15:42:03Z,CLEAR,0.5,c2;threatfox_c2,https://threatfox.abuse.ch/export/csv/recent/
ipv4,106.52.127.131,text_feeds:threatfox_c2,2026-09-08T03:47:11Z,CLEAR,0.5,c2;threatfox_c2,https://threatfox.abuse.ch/export/csv/recent/
ipv4,106.52.128.236,text_feeds:threatfox_c2,2023-11-22T19:58:12Z,CLEAR,0.5,c2;threatfox_c2,https://threatfox.abuse.ch/export/csv/recent/
ipv4,106.52.207.50,text_feeds:threatfox_c2,2025-05-07T13:00:19Z,CLEAR,0.5,c2;threatfox_c2,https://threatfox.abuse.ch/export/csv/recent/
ipv4,106.52.208.143,text_feeds:threatfox_c2,2026-02-08T15:42:40Z,CLEAR,0.5,c2;threatfox_c2,https://threatfox.abuse.ch/export/csv/recent/
ipv4,106.53.107.131,text_feeds:threatfox_c2,2026-08-01T19:43:16Z,CLEAR,0.5,c2;threatfox_c2,https://threatfox.abuse.ch/export/csv/recent/
ipv4,106.53.168.218,text_feeds:threatfox_c2,2026-09-19T13:48:07Z,CLEAR,0.5,c2;threatfox_c2,https://threatfox.abuse.ch/export/csv/recent/
ipv4,106.54.201.103,text_feeds:threatfox_c2,2026-09-27T18:03:33Z,CLEAR,0.5,c2;threatfox_c2,https://threatfox.abuse.ch/export/csv/recent/
ipv4,106.54.209.36,text_feeds:threatfox_c2,2024-01-02T14:31:12Z,CLEAR,0.5,c2;threatfox_c2,https://threatfox.abuse.ch/export/csv/recent/
ipv4,106.54.61.188,text_feeds:threatfox_c2,2025-05-20T06:37:42Z,CLEAR,0.5,c2;threatfox_c2,https://threatfox.abuse.ch/export/csv/recent/
ipv4,106.55.25.253,text_feeds:threatfox_c2,2026-08-31T11:05:05Z,CLEAR,0.5,c2;threatfox_c2,https://threatfox.abuse.ch/export/csv/recent/
ipv4,106.75.162.108,text_feeds:threatfox_c2,2026-02-08T15:42:03Z,CLEAR,0.5,c2;threatfox_c2,https://threatfox.abuse.ch/export/csv/recent/
ipv4,106.75.215.96,text_feeds:threatfox_c2,2026-02-08T15:42:03Z,CLEAR,0.5,c2;threatfox_c2,https://threatfox.abuse.ch/export/csv/recent/
ipv4,106.75.224.31,text_feeds:threatfox_c2,2026-02-08T15:42:03Z,CLEAR,0.5,c2;threatfox_c2,https://threatfox.abuse.ch/export/csv/recent/
ipv4,106.75.232.169,text_feeds:threatfox_c2,2026-09-28T09:59:47Z,CLEAR,0.5,c2;threatfox_c2,https://threatfox.abuse.ch/export/csv/recent/
ipv4,106.75.249.202,text_feeds:threatfox_c2,2026-08-02T11:46:58Z,CLEAR,0.5,c2;threatfox_c2,https://threatfox.abuse.ch/export/csv/recent/
ipv4,107.143.144.154,text_feeds:threatfox_c2,2025-04-29T08:43:42Z,CLEAR,0.5,c2;threatfox_c2,https://threatfox.abuse.ch/export/csv/recent/
ipv4,107.149.192.54,text_feeds:threatfox_c2,2025-12-30T16:21:14Z,CLEAR,0.5,c2;threatfox_c2,https://threatfox.abuse.ch/export/csv/recent/
ipv4,107.149.8.58,text_feeds:threatfox_c2,2026-09-07T19:43:18Z,CLEAR,0.5,c2;threatfox_c2,https://threatfox.abuse.ch/export/csv/recent/
ipv4,107.150.105.91,text_feeds:threatfox_c2,2026-01-30T16:04:48Z,CLEAR,0.5,c2;threatfox_c2,https://threatfox.abuse.ch/export/csv/recent/
ipv4,107.150.72.199,text_feeds:threatfox_c2,2026-09-08T19:43:19Z,CLEAR,0.5,c2;threatfox_c2,https://threatfox.abuse.ch/export/csv/recent/
ipv4,107.152.42.223,text_feeds:threatfox_c2,2026-08-01T19:43:16Z,CLEAR,0.5,c2;threatfox_c2,https://threatfox.abuse.ch/export/csv/recent/
ipv4,107.172.134.37,text_feeds:threatfox_c2,2026-09-10T09:43:21Z,CLEAR,0.5,c2;threatfox_c2,https://threatfox.abuse.ch/export/csv/recent/
ipv4,107.172.140.187,text_feeds:threatfox_c2,2026-06-24T09:43:12Z,CLEAR,0.5,c2;threatfox_c2,https://threatfox.abuse.ch/export/csv/recent/
ipv4,107.172.217.220,text_feeds:threatfox_c2,2026-02-20T11:00:06Z,CLEAR,0.5,c2;threatfox_c2,https://threatfox.abuse.ch/export/csv/recent/
ipv4,107.172.219.129,text_feeds:threatfox_c2,2022-01-22T22:25:42Z,CLEAR,0.5,c2;threatfox_c2,https://threatfox.abuse.ch/export/csv/recent/
ipv4,107.172.22.3,text_feeds:threatfox_c2,2026-06-30T19:43:15Z,CLEAR,0.5,c2;threatfox_c2,https://threatfox.abuse.ch/export/csv/recent/
ipv4,107.172.232.71,text_feeds:threatfox_c2,2026-09-12T09:43:22Z,CLEAR,0.5,c2;threatfox_c2,https://threatfox.abuse.ch/export/csv/recent/
ipv4,107.172.3.15,text_feeds:threatfox_c2,2026-03-10T00:01:13Z,CLEAR,0.5,c2;threatfox_c2,https://threatfox.abuse.ch/export/csv/recent/
ipv4,107.172.72.178,text_feeds:threatfox_c2,2026-08-12T09:43:19Z,CLEAR,0.5,c2;threatfox_c2,https://threatfox.abuse.ch/export/csv/recent/
ipv4,107.172.90.117,text_feeds:threatfox_c2,2026-07-12T09:43:18Z,CLEAR,0.5,c2;threatfox_c2,https://threatfox.abuse.ch/export/csv/recent/
ipv4,107.173.160.185,text_feeds:threatfox_c2,2026-08-17T09:43:20Z,CLEAR,0.5,c2;threatfox_c2,https://threatfox.abuse.ch/export/csv/recent/
ipv4,107.173.4.16,text_feeds:threatfox_c2,2025-05-05T12:00:30Z,CLEAR,0.5,c2;threatfox_c2,https://threatfox.abuse.ch/export/csv/recent/
ipv4,107.173.47.158,text_feeds:threatfox_c2,2026-08-26T09:43:18Z,CLEAR,0.5,c2;threatfox_c2,https://threatfox.abuse.ch/export/csv/recent/
ipv4,107.173.59.118,text_feeds:threatfox_c2,2026-09-25T09:43:22Z,CLEAR,0.5,c2;threatfox_c2,https://threatfox.abuse.ch/export/csv/recent/
ipv4,107.173.89.148,text_feeds:threatfox_c2,2021-11-04T17:48:48Z,CLEAR,0.5,c2;threatfox_c2,https://threatfox.abuse.ch/export/csv/recent/
ipv4,107.174.115.43,text_feeds:threatfox_c2,2025-08-12T10:50:19Z,CLEAR,0.5,c2;threatfox_c2,https://threatfox.abuse.ch/export/csv/recent/
ipv4,107.174.14.102,text_feeds:threatfox_c2,2026-09-01T11:47:47Z,CLEAR,0.5,c2;threatfox_c2,https://threatfox.abuse.ch/export/csv/recent/
ipv4,107.174.30.61,text_feeds:threatfox_c2,2026-09-03T19:43:20Z,CLEAR,0.5,c2;threatfox_c2,https://threatfox.abuse.ch/export/csv/recent/
ipv4,107.175.87.234,text_feeds:threatfox_c2,2026-06-10T09:43:10Z,CLEAR,0.5,c2;threatfox_c2,https://threatfox.abuse.ch/export/csv/recent/
ipv4,107.175.88.79,text_feeds:threatfox_c2,2026-08-26T12:03:30Z,CLEAR,0.5,c2;threatfox_c2,https://threatfox.abuse.ch/export/csv/recent/
ipv4,108.165.185.197,text_feeds:threatfox_c2,2026-09-09T18:25:36Z,CLEAR,0.5,c2;threatfox_c2,https://threatfox.abuse.ch/export/csv/recent/
ipv4,108.181.115.254,text_feeds:threatfox_c2,2026-06-13T09:43:12Z,CLEAR,0.5,c2;threatfox_c2,https://threatfox.abuse.ch/export/csv/recent/
ipv4,108.181.182.143,text_feeds:threatfox_c2,2025-01-17T09:12:27Z,CLEAR,0.5,c2;threatfox_c2,https://threatfox.abuse.ch/export/csv/recent/
ipv4,108.187.4.116,text_feeds:threatfox_c2,2026-07-28T16:59:26Z,CLEAR,0.5,c2;threatfox_c2,https://threatfox.abuse.ch/export/csv/recent/
ipv4,108.187.4.123,text_feeds:threatfox_c2,2026-09-16T19:43:25Z,CLEAR,0.5,c2;threatfox_c2,https://threatfox.abuse.ch/export/csv/recent/
ipv4,108.187.4.145,text_feeds:threatfox_c2,2026-07-28T16:59:26Z,CLEAR,0.5,c2;threatfox_c2,https://threatfox.abuse.ch/export/csv/recent/
ipv4,108.187.43.137,text_feeds:threatfox_c2,2026-09-06T09:43:21Z,CLEAR,0.5,c2;threatfox_c2,https://threatfox.abuse.ch/export/csv/recent/
ipv4,108.187.43.144,text_feeds:threatfox_c2,2026-09-06T09:43:21Z,CLEAR,0.5,c2;threatfox_c2,https://threatfox.abuse.ch/export/csv/recent/
ipv4,108.187.43.208,text_feeds:threatfox_c2,2026-09-28T20:20:30Z,CLEAR,0.5,c2;threatfox_c2,https://threatfox.abuse.ch/export/csv/recent/
ipv4,108.59.244.106,text_feeds:threatfox_c2,2026-09-01T19:43:19Z,CLEAR,0.5,c2;threatfox_c2,https://threatfox.abuse.ch/export/csv/recent/
ipv4,109.123.245.205,text_feeds:threatfox_c2,2026-09-06T09:43:21Z,CLEAR,0.5,c2;threatfox_c2,https://threatfox.abuse.ch/export/csv/recent/
ipv4,109.172.89.209,text_feeds:threatfox_c2,2026-09-01T09:43:25Z,CLEAR,0.5,c2;threatfox_c2,https://threatfox.abuse.ch/export/csv/recent/
ipv4,109.205.181.248,text_feeds:threatfox_c2,2025-09-01T00:01:11Z,CLEAR,0.5,c2;threatfox_c2,https://threatfox.abuse.ch/export/csv/recent/
ipv4,109.205.212.241,text_feeds:threatfox_c2,2026-09-18T09:43:22Z,CLEAR,0.5,c2;threatfox_c2,https://threatfox.abuse.ch/export/csv/recent/
ipv4,109.227.42.108,text_feeds:threatfox_c2,2026-09-08T19:43:25Z,CLEAR,0.5,c2;threatfox_c2,https://threatfox.abuse.ch/export/csv/recent/
ipv4,109.227.48.165,text_feeds:threatfox_c2,2026-09-15T09:43:24Z,CLEAR,0.5,c2;threatfox_c2,https://threatfox.abuse.ch/export/csv/recent/
ipv4,109.236.50.145,text_feeds:threatfox_c2,2026-08-30T20:05:06Z,CLEAR,0.5,c2;threatfox_c2,https://threatfox.abuse.ch/export/csv/recent/
ipv4,109.237.64.48,text_feeds:threatfox_c2,2026-07-01T09:43:17Z,CLEAR,0.5,c2;threatfox_c2,https://threatfox.abuse.ch/export/csv/recent/
ipv4,109.238.86.106,text_feeds:threatfox_c2,2026-09-25T09:43:25Z,CLEAR,0.5,c2;threatfox_c2,https://threatfox.abuse.ch/export/csv/recent/
ipv4,109.244.130.113,text_feeds:threatfox_c2,2026-04-04T20:44:01Z,CLEAR,0.5,c2;threatfox_c2,https://threatfox.abuse.ch/export/csv/recent/
ipv4,109.248.151.101,text_feeds:threatfox_c2,2026-08-27T14:54:26Z,CLEAR,0.5,c2;threatfox_c2,https://threatfox.abuse.ch/export/csv/recent/
ipv4,109.73.193.242,text_feeds:threatfox_c2,2026-05-11T19:43:08Z,CLEAR,0.5,c2;threatfox_c2,https://threatfox.abuse.ch/export/csv/recent/
ipv4,109.74.144.151,text_feeds:threatfox_c2,2026-09-22T19:43:23Z,CLEAR,0.5,c2;threatfox_c2,https://threatfox.abuse.ch/export/csv/recent/
ipv4,110.40.176.194,text_feeds:threatfox_c2,2026-02-08T15:42:39Z,CLEAR,0.5,c2;threatfox_c2,https://threatfox.abuse.ch/export/csv/recent/
ipv4,111.170.148.134,text_feeds:threatfox_c2,2024-12-21T07:32:55Z,CLEAR,0.5,c2;threatfox_c2,https://threatfox.abuse.ch/export/csv/recent/
ipv4,111.228.13.59,text_feeds:threatfox_c2,2026-08-15T09:43:20Z,CLEAR,0.5,c2;threatfox_c2,https://threatfox.abuse.ch/export/csv/recent/
ipv4,111.228.4.54,text_feeds:threatfox_c2,2026-02-16T09:05:30Z,CLEAR,0.5,c2;threatfox_c2,https://threatfox.abuse.ch/export/csv/recent/
ipv4,111.228.49.20,text_feeds:threatfox_c2,2026-09-10T05:13:50Z,CLEAR,0.5,c2;threatfox_c2,https://threatfox.abuse.ch/export/csv/recent/
ipv4,111.228.5.127,text_feeds:threatfox_c2,2026-09-11T03:47:53Z,CLEAR,0.5,c2;threatfox_c2,https://threatfox.abuse.ch/export/csv/recent/
ipv4,111.228.55.96,text_feeds:threatfox_c2,2025-11-07T23:00:12Z,CLEAR,0.5,c2;threatfox_c2,https://threatfox.abuse.ch/export/csv/recent/
ipv4,111.229.187.212,text_feeds:threatfox_c2,2023-09-30T16:12:13Z,CLEAR,0.5,c2;threatfox_c2,https://threatfox.abuse.ch/export/csv/recent/
ipv4,111.229.248.198,text_feeds:threatfox_c2,2026-07-05T13:33:27Z,CLEAR,0.5,c2;threatfox_c2,https://threatfox.abuse.ch/export/csv/recent/
ipv4,111.229.4.108,text_feeds:threatfox_c2,2025-05-30T02:55:17Z,CLEAR,0.5,c2;threatfox_c2,https://threatfox.abuse.ch/export/csv/recent/
ipv4,111.230.12.238,text_feeds:threatfox_c2,2024-05-07T07:48:08Z,CLEAR,0.5,c2;threatfox_c2,https://threatfox.abuse.ch/export/csv/recent/
ipv4,111.230.185.183,text_feeds:threatfox_c2,2026-09-05T13:47:44Z,CLEAR,0.5,c2;threatfox_c2,https://threatfox.abuse.ch/export/csv/recent/
ipv4,111.230.196.200,text_feeds:threatfox_c2,2021-10-22T12:07:15Z,CLEAR,0.5,c2;threatfox_c2,https://threatfox.abuse.ch/export/csv/recent/
ipv4,111.230.217.36,text_feeds:threatfox_c2,2026-04-04T20:44:05Z,CLEAR,0.5,c2;threatfox_c2,https://threatfox.abuse.ch/export/csv/recent/
ipv4,111.230.253.13,text_feeds:threatfox_c2,2026-09-28T09:58:18Z,CLEAR,0.5,c2;threatfox_c2,https://threatfox.abuse.ch/export/csv/recent/
ipv4,111.230.37.219,text_feeds:threatfox_c2,2026-09-22T08:05:05Z,CLEAR,0.5,c2;threatfox_c2,https://threatfox.abuse.ch/export/csv/recent/
ipv4,111.231.116.164,text_feeds:threatfox_c2,2026-01-16T11:03:49Z,CLEAR,0.5,c2;threatfox_c2,https://threatfox.abuse.ch/export/csv/recent/
ipv4,111.92.243.236,text_feeds:threatfox_c2,2024-01-09T08:45:29Z,CLEAR,0.5,c2;threatfox_c2,https://threatfox.abuse.ch/export/csv/recent/
ipv4,111.92.243.40,text_feeds:threatfox_c2,2026-01-30T08:04:49Z,CLEAR,0.5,c2;threatfox_c2,https://threatfox.abuse.ch/export/csv/recent/
ipv4,112.5.58.181,text_feeds:threatfox_c2,2025-01-10T13:43:51Z,CLEAR,0.5,c2;threatfox_c2,https://threatfox.abuse.ch/export/csv/recent/
ipv4,112.95.159.90,text_feeds:threatfox_c2,2026-09-28T09:58:19Z,CLEAR,0.5,c2;threatfox_c2,https://threatfox.abuse.ch/export/csv/recent/
ipv4,113.250.188.15,text_feeds:threatfox_c2,2026-09-09T03:47:24Z,CLEAR,0.5,c2;threatfox_c2,https://threatfox.abuse.ch/export/csv/recent/
ipv4,113.31.105.33,text_feeds:threatfox_c2,2024-05-11T22:47:31Z,CLEAR,0.5,c2;threatfox_c2,https://threatfox.abuse.ch/export/csv/recent/
ipv4,113.31.106.106,text_feeds:threatfox_c2,2024-05-07T10:14:57Z,CLEAR,0.5,c2;threatfox_c2,https://threatfox.abuse.ch/export/csv/recent/
ipv4,113.31.106.85,text_feeds:threatfox_c2,2026-05-28T09:43:13Z,CLEAR,0.5,c2;threatfox_c2,https://threatfox.abuse.ch/export/csv/recent/
ipv4,113.31.118.180,text_feeds:threatfox_c2,2026-05-08T08:43:05Z,CLEAR,0.5,c2;threatfox_c2,https://threatfox.abuse.ch/export/csv/recent/
ipv4,113.44.67.52,text_feeds:threatfox_c2,2026-02-08T15:42:04Z,CLEAR,0.5,c2;threatfox_c2,https://threatfox.abuse.ch/export/csv/recent/
ipv4,113.44.89.172,text_feeds:threatfox_c2,2025-09-24T08:00:08Z,CLEAR,0.5,c2;threatfox_c2,https://threatfox.abuse.ch/export/csv/recent/
ipv4,113.44.89.87,text_feeds:threatfox_c2,2024-11-30T20:05:53Z,CLEAR,0.5,c2;threatfox_c2,https://threatfox.abuse.ch/export/csv/recent/
ipv4,113.44.90.0,text_feeds:threatfox_c2,2024-12-12T06:21:40Z,CLEAR,0.5,c2;threatfox_c2,https://threatfox.abuse.ch/export/csv/recent/
ipv4,113.45.253.80,text_feeds:threatfox_c2,2025-04-16T16:01:35Z,CLEAR,0.5,c2;threatfox_c2,https://threatfox.abuse.ch/export/csv/recent/
ipv4,113.52.135.27,text_feeds:threatfox_c2,2026-08-13T23:46:48Z,CLEAR,0.5,c2;threatfox_c2,https://threatfox.abuse.ch/export/csv/recent/
ipv4,114.132.150.96,text_feeds:threatfox_c2,2026-02-08T15:42:39Z,CLEAR,0.5,c2;threatfox_c2,https://threatfox.abuse.ch/export/csv/recent/
ipv4,114.132.180.69,text_feeds:threatfox_c2,2026-09-11T03:47:54Z,CLEAR,0.5,c2;threatfox_c2,https://threatfox.abuse.ch/export/csv/recent/
ipv4,114.215.184.158,text_feeds:threatfox_c2,2026-09-28T20:05:06Z,CLEAR,0.5,c2;threatfox_c2,https://threatfox.abuse.ch/export/csv/recent/
ipv4,114.55.133.151,text_feeds:threatfox_c2,2024-01-27T14:31:40Z,CLEAR,0.5,c2;threatfox_c2,https://threatfox.abuse.ch/export/csv/recent/
ipv4,114.55.250.233,text_feeds:threatfox_c2,2026-08-27T23:47:07Z,CLEAR,0.5,c2;threatfox_c2,https://threatfox.abuse.ch/export/csv/recent/
ipv4,114.66.27.110,text_feeds:threatfox_c2,2026-09-28T09:58:10Z,CLEAR,0.5,c2;threatfox_c2,https://threatfox.abuse.ch/export/csv/recent/
ipv4,115.120.245.134,text_feeds:threatfox_c2,2025-09-25T20:00:39Z,CLEAR,0.5,c2;threatfox_c2,https://threatfox.abuse.ch/export/csv/recent/
ipv4,115.190.160.206,text_feeds:threatfox_c2,2025-12-23T20:01:06Z,CLEAR,0.5,c2;threatfox_c2,https://threatfox.abuse.ch/export/csv/recent/
ipv4,115.190.161.178,text_feeds:threatfox_c2,2026-02-08T15:42:04Z,CLEAR,0.5,c2;threatfox_c2,https://threatfox.abuse.ch/export/csv/recent/
ipv4,115.190.178.249,text_feeds:threatfox_c2,2026-02-08T15:42:39Z,CLEAR,0.5,c2;threatfox_c2,https://threatfox.abuse.ch/export/csv/recent/
ipv4,115.190.233.79,text_feeds:threatfox_c2,2026-01-06T08:02:23Z,CLEAR,0.5,c2;threatfox_c2,https://threatfox.abuse.ch/export/csv/recent/
ipv4,115.190.247.97,text_feeds:threatfox_c2,2026-05-01T02:43:03Z,CLEAR,0.5,c2;threatfox_c2,https://threatfox.abuse.ch/export/csv/recent/
ipv4,115.190.250.28,text_feeds:threatfox_c2,2026-02-25T19:01:08Z,CLEAR,0.5,c2;threatfox_c2,https://threatfox.abuse.ch/export/csv/recent/
ipv4,115.191.18.57,text_feeds:threatfox_c2,2026-03-03T00:01:18Z,CLEAR,0.5,c2;threatfox_c2,https://threatfox.abuse.ch/export/csv/recent/
ipv4,115.29.171.175,text_feeds:threatfox_c2,2022-04-19T13:44:33Z,CLEAR,0.5,c2;threatfox_c2,https://threatfox.abuse.ch/export/csv/recent/
ipv4,115.42.60.122,text_feeds:threatfox_c2,2026-07-09T19:43:21Z,CLEAR,0.5,c2;threatfox_c2,https://threatfox.abuse.ch/export/csv/recent/
ipv4,116.198.233.179,text_feeds:threatfox_c2,2025-08-15T21:57:45Z,CLEAR,0.5,c2;threatfox_c2,https://threatfox.abuse.ch/export/csv/recent/
ipv4,116.203.31.207,text_feeds:threatfox_c2,2025-08-18T20:01:59Z,CLEAR,0.5,c2;threatfox_c2,https://threatfox.abuse.ch/export/csv/recent/
ipv4,116.205.143.204,text_feeds:threatfox_c2,2025-06-28T10:54:22Z,CLEAR,0.5,c2;threatfox_c2,https://threatfox.abuse.ch/export/csv/recent/
ipv4,116.213.43.239,text_feeds:threatfox_c2,2026-09-25T09:43:27Z,CLEAR,0.5,c2;threatfox_c2,https://threatfox.abuse.ch/export/csv/recent/
ipv4,116.62.174.16,text_feeds:threatfox_c2,2026-09-20T08:29:10Z,CLEAR,0.5,c2;threatfox_c2,https://threatfox.abuse.ch/export/csv/recent/
ipv4,116.62.185.223,text_feeds:threatfox_c2,2022-04-30T19:45:18Z,CLEAR,0.5,c2;threatfox_c2,https://threatfox.abuse.ch/export/csv/recent/
ipv4,116.62.226.163,text_feeds:threatfox_c2,2025-10-22T15:43:44Z,CLEAR,0.5,c2;threatfox_c2,https://threatfox.abuse.ch/export/csv/recent/
ipv4,116.62.34.159,text_feeds:threatfox_c2,2025-10-31T10:49:36Z,CLEAR,0.5,c2;threatfox_c2,https://threatfox.abuse.ch/export/csv/recent/
ipv4,117.50.118.106,text_feeds:threatfox_c2,2026-09-28T09:58:20Z,CLEAR,0.5,c2;threatfox_c2,https://threatfox.abuse.ch/export/csv/recent/
ipv4,117.50.180.204,text_feeds:threatfox_c2,2026-09-08T08:26:36Z,CLEAR,0.5,c2;threatfox_c2,https://threatfox.abuse.ch/export/csv/recent/
ipv4,117.50.184.221,text_feeds:threatfox_c2,2026-05-11T22:45:16Z,CLEAR,0.5,c2;threatfox_c2,https://threatfox.abuse.ch/export/csv/recent/
ipv4,117.72.101.55,text_feeds:threatfox_c2,2026-05-01T02:43:04Z,CLEAR,0.5,c2;threatfox_c2,https://threatfox.abuse.ch/export/csv/recent/
ipv4,117.72.102.110,text_feeds:threatfox_c2,2026-02-08T15:42:05Z,CLEAR,0.5,c2;threatfox_c2,https://threatfox.abuse.ch/export/csv/recent/
ipv4,117.72.159.96,text_feeds:threatfox_c2,2026-08-14T11:47:34Z,CLEAR,0.5,c2;threatfox_c2,https://threatfox.abuse.ch/export/csv/recent/
ipv4,117.72.175.125,text_feeds:threatfox_c2,2025-11-03T12:08:57Z,CLEAR,0.5,c2;threatfox_c2,https://threatfox.abuse.ch/export/csv/recent/
ipv4,117.72.178.246,text_feeds:threatfox_c2,2026-01-08T23:00:12Z,CLEAR,0.5,c2;threatfox_c2,https://threatfox.abuse.ch/export/csv/recent/
ipv4,117.72.181.104,text_feeds:threatfox_c2,2025-07-27T16:00:55Z,CLEAR,0.5,c2;threatfox_c2,https://threatfox.abuse.ch/export/csv/recent/
ipv4,117.72.182.5,text_feeds:threatfox_c2,2026-08-28T08:05:06Z,CLEAR,0.5,c2;threatfox_c2,https://threatfox.abuse.ch/export/csv/recent/
ipv4,117.72.184.172,text_feeds:threatfox_c2,2025-08-15T06:21:34Z,CLEAR,0.5,c2;threatfox_c2,https://threatfox.abuse.ch/export/csv/recent/
ipv4,117.72.202.154,text_feeds:threatfox_c2,2026-09-27T20:14:15Z,CLEAR,0.5,c2;threatfox_c2,https://threatfox.abuse.ch/export/csv/recent/
ipv4,117.72.206.39,text_feeds:threatfox_c2,2025-05-21T08:00:35Z,CLEAR,0.5,c2;threatfox_c2,https://threatfox.abuse.ch/export/csv/recent/
ipv4,117.72.214.50,text_feeds:threatfox_c2,2026-02-08T15:42:37Z,CLEAR,0.5,c2;threatfox_c2,https://threatfox.abuse.ch/export/csv/recent/
ipv4,117.72.242.9,text_feeds:threatfox_c2,2026-02-08T15:42:05Z,CLEAR,0.5,c2;threatfox_c2,https://threatfox.abuse.ch/export/csv/recent/
ipv4,117.72.72.254,text_feeds:threatfox_c2,2025-10-20T06:11:02Z,CLEAR,0.5,c2;threatfox_c2,https://threatfox.abuse.ch/export/csv/recent/
ipv4,117.72.8.192,text_feeds:threatfox_c2,2023-10-11T12:59:56Z,CLEAR,0.5,c2;threatfox_c2,https://threatfox.abuse.ch/export/csv/recent/
ipv4,118.107.1.203,text_feeds:threatfox_c2,2026-09-15T19:43:25Z,CLEAR,0.5,c2;threatfox_c2,https://threatfox.abuse.ch/export/csv/recent/
ipv4,118.107.16.32,text_feeds:threatfox_c2,2026-09-11T19:43:29Z,CLEAR,0.5,c2;threatfox_c2,https://threatfox.abuse.ch/export/csv/recent/
ipv4,118.107.46.177,text_feeds:threatfox_c2,2026-07-30T19:43:21Z,CLEAR,0.5,c2;threatfox_c2,https://threatfox.abuse.ch/export/csv/recent/
ipv4,118.107.46.204,text_feeds:threatfox_c2,2026-07-31T19:43:19Z,CLEAR,0.5,c2;threatfox_c2,https://threatfox.abuse.ch/export/csv/recent/
ipv4,118.107.46.207,text_feeds:threatfox_c2,2026-07-31T19:43:20Z,CLEAR,0.5,c2;threatfox_c2,https://threatfox.abuse.ch/export/csv/recent/
ipv4,118.107.5.200,text_feeds:threatfox_c2,2026-08-19T19:43:24Z,CLEAR,0.5,c2;threatfox_c2,https://threatfox.abuse.ch/export/csv/recent/
ipv4,118.25.10.65,text_feeds:threatfox_c2,2026-03-11T04:00:36Z,CLEAR,0.5,c2;threatfox_c2,https://threatfox.abuse.ch/export/csv/recent/
ipv4,118.25.148.25,text_feeds:threatfox_c2,2024-09-25T08:00:47Z,CLEAR,0.5,c2;threatfox_c2,https://threatfox.abuse.ch/export/csv/recent/
ipv4,118.25.85.198,text_feeds:threatfox_c2,2024-05-15T15:33:07Z,CLEAR,0.5,c2;threatfox_c2,https://threatfox.abuse.ch/export/csv/recent/
ipv4,118.25.91.151,text_feeds:threatfox_c2,2025-01-10T08:15:44Z,CLEAR,0.5,c2;threatfox_c2,https://threatfox.abuse.ch/export/csv/recent/
ipv4,118.31.116.9,text_feeds:threatfox_c2,2024-04-26T12:59:31Z,CLEAR,0.5,c2;threatfox_c2,https://threatfox.abuse.ch/export/csv/recent/
ipv4,118.89.79.131,text_feeds:threatfox_c2,2026-05-29T11:46:33Z,CLEAR,0.5,c2;threatfox_c2,https://threatfox.abuse.ch/export/csv/recent/
ipv4,118.89.88.183,text_feeds:threatfox_c2,2025-12-28T20:01:34Z,CLEAR,0.5,c2;threatfox_c2,https://threatfox.abuse.ch/export/csv/recent/
ipv4,119.28.212.86,text_feeds:threatfox_c2,2026-07-25T09:43:20Z,CLEAR,0.5,c2;threatfox_c2,https://threatfox.abuse.ch/export/csv/recent/
ipv4,119.28.83.149,text_feeds:threatfox_c2,2024-05-22T11:06:58Z,CLEAR,0.5,c2;threatfox_c2,https://threatfox.abuse.ch/export/csv/recent/
ipv4,119.29.122.42,text_feeds:threatfox_c2,2026-08-13T11:05:07Z,CLEAR,0.5,c2;threatfox_c2,https://threatfox.abuse.ch/export/csv/recent/
ipv4,119.29.198.193,text_feeds:threatfox_c2,2026-05-04T20:44:36Z,CLEAR,0.5,c2;threatfox_c2,https://threatfox.abuse.ch/export/csv/recent/
ipv4,119.29.231.118,text_feeds:threatfox_c2,2025-08-16T08:01:47Z,CLEAR,0.5,c2;threatfox_c2,https://threatfox.abuse.ch/export/csv/recent/
ipv4,119.29.98.15,text_feeds:threatfox_c2,2026-09-17T13:50:09Z,CLEAR,0.5,c2;threatfox_c2,https://threatfox.abuse.ch/export/csv/recent/
ipv4,119.42.148.186,text_feeds:threatfox_c2,2025-11-03T07:01:12Z,CLEAR,0.5,c2;threatfox_c2,https://threatfox.abuse.ch/export/csv/recent/
ipv4,119.45.105.71,text_feeds:threatfox_c2,2026-09-28T09:59:14Z,CLEAR,0.5,c2;threatfox_c2,https://threatfox.abuse.ch/export/csv/recent/
ipv4,119.45.160.160,text_feeds:threatfox_c2,2026-07-10T06:05:05Z,CLEAR,0.5,c2;threatfox_c2,https://threatfox.abuse.ch/export/csv/recent/
ipv4,119.45.190.210,text_feeds:threatfox_c2,2023-10-08T06:49:49Z,CLEAR,0.5,c2;threatfox_c2,https://threatfox.abuse.ch/export/csv/recent/
ipv4,119.45.225.53,text_feeds:threatfox_c2,2026-08-25T21:47:10Z,CLEAR,0.5,c2;threatfox_c2,https://threatfox.abuse.ch/export/csv/recent/
ipv4,119.45.29.172,text_feeds:threatfox_c2,2025-06-08T20:01:01Z,CLEAR,0.5,c2;threatfox_c2,https://threatfox.abuse.ch/export/csv/recent/
ipv4,119.45.93.117,text_feeds:threatfox_c2,2026-09-28T09:59:15Z,CLEAR,0.5,c2;threatfox_c2,https://threatfox.abuse.ch/export/csv/recent/
ipv4,119.59.118.75,text_feeds:threatfox_c2,2026-06-16T19:43:12Z,CLEAR,0.5,c2;threatfox_c2,https://threatfox.abuse.ch/export/csv/recent/
ipv4,119.91.208.190,text_feeds:threatfox_c2,2024-06-02T08:38:33Z,CLEAR,0.5,c2;threatfox_c2,https://threatfox.abuse.ch/export/csv/recent/
ipv4,119.91.243.238,text_feeds:threatfox_c2,2026-07-01T08:05:06Z,CLEAR,0.5,c2;threatfox_c2,https://threatfox.abuse.ch/export/csv/recent/
ipv4,119.91.36.172,text_feeds:threatfox_c2,2026-09-28T09:58:21Z,CLEAR,0.5,c2;threatfox_c2,https://threatfox.abuse.ch/export/csv/recent/
ipv4,12.187.175.73,text_feeds:threatfox_c2,2026-07-22T19:43:21Z,CLEAR,0.5,c2;threatfox_c2,https://threatfox.abuse.ch/export/csv/recent/
ipv4,12.202.180.13,text_feeds:threatfox_c2,2026-07-20T19:43:22Z,CLEAR,0.5,c2;threatfox_c2,https://threatfox.abuse.ch/export/csv/recent/
ipv4,120.26.240.21,text_feeds:threatfox_c2,2022-04-25T12:31:07Z,CLEAR,0.5,c2;threatfox_c2,https://threatfox.abuse.ch/export/csv/recent/
ipv4,120.27.155.171,text_feeds:threatfox_c2,2026-09-23T09:43:27Z,CLEAR,0.5,c2;threatfox_c2,https://threatfox.abuse.ch/export/csv/recent/
ipv4,120.27.20.98,text_feeds:threatfox_c2,2026-09-24T03:47:34Z,CLEAR,0.5,c2;threatfox_c2,https://threatfox.abuse.ch/export/csv/recent/
ipv4,120.48.168.57,text_feeds:threatfox_c2,2026-02-08T15:42:06Z,CLEAR,0.5,c2;threatfox_c2,https://threatfox.abuse.ch/export/csv/recent/
ipv4,120.48.50.33,text_feeds:threatfox_c2,2026-02-08T15:42:37Z,CLEAR,0.5,c2;threatfox_c2,https://threatfox.abuse.ch/export/csv/recent/
ipv4,120.53.19.157,text_feeds:threatfox_c2,2026-09-14T13:47:51Z,CLEAR,0.5,c2;threatfox_c2,https://threatfox.abuse.ch/export/csv/recent/
ipv4,120.55.3.157,text_feeds:threatfox_c2,2026-06-11T06:43:04Z,CLEAR,0.5,c2;threatfox_c2,https://threatfox.abuse.ch/export/csv/recent/
ipv4,120.55.93.58,text_feeds:threatfox_c2,2026-08-12T23:46:54Z,CLEAR,0.5,c2;threatfox_c2,https://threatfox.abuse.ch/export/csv/recent/
ipv4,121.127.233.190,text_feeds:threatfox_c2,2026-09-23T09:43:27Z,CLEAR,0.5,c2;threatfox_c2,https://threatfox.abuse.ch/export/csv/recent/
ipv4,121.127.253.146,text_feeds:threatfox_c2,2026-08-21T09:43:27Z,CLEAR,0.5,c2;threatfox_c2,https://threatfox.abuse.ch/export/csv/recent/
ipv4,121.127.33.186,text_feeds:threatfox_c2,2026-09-28T09:05:08Z,CLEAR,0.5,c2;threatfox_c2,https://threatfox.abuse.ch/export/csv/recent/
ipv4,121.154.157.80,text_feeds:threatfox_c2,2026-09-28T09:58:37Z,CLEAR,0.5,c2;threatfox_c2,https://threatfox.abuse.ch/export/csv/recent/
ipv4,121.200.216.74,text_feeds:threatfox_c2,2026-09-16T09:43:33Z,CLEAR,0.5,c2;threatfox_c2,https://threatfox.abuse.ch/export/csv/recent/
ipv4,121.37.255.60,text_feeds:threatfox_c2,2021-10-09T23:36:53Z,CLEAR,0.5,c2;threatfox_c2,https://threatfox.abuse.ch/export/csv/recent/
ipv4,121.4.38.18,text_feeds:threatfox_c2,2026-08-25T08:52:09Z,CLEAR,0.5,c2;threatfox_c2,https://threatfox.abuse.ch/export/csv/recent/
ipv4,121.40.18.128,text_feeds:threatfox_c2,2026-02-08T15:42:06Z,CLEAR,0.5,c2;threatfox_c2,https://threatfox.abuse.ch/export/csv/recent/
ipv4,121.41.167.80,text_feeds:threatfox_c2,2026-02-08T15:42:36Z,CLEAR,0.5,c2;threatfox_c2,https://threatfox.abuse.ch/export/csv/recent/
ipv4,121.41.70.79,text_feeds:threatfox_c2,2026-09-22T09:43:27Z,CLEAR,0.5,c2;threatfox_c2,https://threatfox.abuse.ch/export/csv/recent/
ipv4,121.43.152.104,text_feeds:threatfox_c2,2026-09-13T13:46:58Z,CLEAR,0.5,c2;threatfox_c2,https://threatfox.abuse.ch/export/csv/recent/
ipv4,121.43.55.149,text_feeds:threatfox_c2,2024-02-21T22:13:19Z,CLEAR,0.5,c2;threatfox_c2,https://threatfox.abuse.ch/export/csv/recent/
ipv4,121.43.58.113,text_feeds:threatfox_c2,2026-09-28T20:05:07Z,CLEAR,0.5,c2;threatfox_c2,https://threatfox.abuse.ch/export/csv/recent/
ipv4,122.114.252.72,text_feeds:threatfox_c2,2026-09-28T09:58:21Z,CLEAR,0.5,c2;threatfox_c2,https://threatfox.abuse.ch/export/csv/recent/
ipv4,122.114.8.224,text_feeds:threatfox_c2,2026-09-28T09:58:22Z,CLEAR,0.5,c2;threatfox_c2,https://threatfox.abuse.ch/export/csv/recent/
ipv4,122.51.212.92,text_feeds:threatfox_c2,2026-09-17T09:43:36Z,CLEAR,0.5,c2;threatfox_c2,https://threatfox.abuse.ch/export/csv/recent/
ipv4,122.51.93.94,text_feeds:threatfox_c2,2026-02-08T15:42:06Z,CLEAR,0.5,c2;threatfox_c2,https://threatfox.abuse.ch/export/csv/recent/
ipv4,123.207.214.140,text_feeds:threatfox_c2,2026-09-22T13:47:59Z,CLEAR,0.5,c2;threatfox_c2,https://threatfox.abuse.ch/export/csv/recent/
ipv4,123.249.100.226,text_feeds:threatfox_c2,2026-01-08T08:51:57Z,CLEAR,0.5,c2;threatfox_c2,https://threatfox.abuse.ch/export/csv/recent/
ipv4,123.56.78.220,text_feeds:threatfox_c2,2025-12-30T16:21:13Z,CLEAR,0.5,c2;threatfox_c2,https://threatfox.abuse.ch/export/csv/recent/
ipv4,123.57.146.34,text_feeds:threatfox_c2,2026-09-27T18:03:35Z,CLEAR,0.5,c2;threatfox_c2,https://threatfox.abuse.ch/export/csv/recent/
ipv4,123.58.198.236,text_feeds:threatfox_c2,2024-05-19T07:56:13Z,CLEAR,0.5,c2;threatfox_c2,https://threatfox.abuse.ch/export/csv/recent/
ipv4,124.156.108.12,text_feeds:threatfox_c2,2026-09-10T09:43:32Z,CLEAR,0.5,c2;threatfox_c2,https://threatfox.abuse.ch/export/csv/recent/
ipv4,124.198.131.60,text_feeds:threatfox_c2,2026-09-17T09:43:36Z,CLEAR,0.5,c2;threatfox_c2,https://threatfox.abuse.ch/export/csv/recent/
ipv4,124.220.164.98,text_feeds:threatfox_c2,2026-02-08T15:42:36Z,CLEAR,0.5,c2;threatfox_c2,https://threatfox.abuse.ch/export/csv/recent/
ipv4,124.220.34.180,text_feeds:threatfox_c2,2026-07-31T05:45:41Z,CLEAR,0.5,c2;threatfox_c2,https://threatfox.abuse.ch/export/csv/recent/
ipv4,124.220.48.168,text_feeds:threatfox_c2,2026-02-08T15:42:36Z,CLEAR,0.5,c2;threatfox_c2,https://threatfox.abuse.ch/export/csv/recent/
ipv4,124.221.237.102,text_feeds:threatfox_c2,2025-11-10T16:51:33Z,CLEAR,0.5,c2;threatfox_c2,https://threatfox.abuse.ch/export/csv/recent/
ipv4,124.221.255.78,text_feeds:threatfox_c2,2025-12-30T16:21:13Z,CLEAR,0.5,c2;threatfox_c2,https://threatfox.abuse.ch/export/csv/recent/
ipv4,124.221.32.87,text_feeds:threatfox_c2,2026-02-08T15:42:36Z,CLEAR,0.5,c2;threatfox_c2,https://threatfox.abuse.ch/export/csv/recent/
ipv4,124.222.145.172,text_feeds:threatfox_c2,2026-08-01T02:05:06Z,CLEAR,0.5,c2;threatfox_c2,https://threatfox.abuse.ch/export/csv/recent/
ipv4,124.222.21.29,text_feeds:threatfox_c2,2026-09-28T07:05:05Z,CLEAR,0.5,c2;threatfox_c2,https://threatfox.abuse.ch/export/csv/recent/
ipv4,124.222.218.20,text_feeds:threatfox_c2,2025-12-30T16:21:13Z,CLEAR,0.5,c2;threatfox_c2,https://threatfox.abuse.ch/export/csv/recent/
ipv4,124.222.57.34,text_feeds:threatfox_c2,2026-09-03T23:47:28Z,CLEAR,0.5,c2;threatfox_c2,https://threatfox.abuse.ch/export/csv/recent/
ipv4,124.223.114.203,text_feeds:threatfox_c2,2025-05-18T15:34:22Z,CLEAR,0.5,c2;threatfox_c2,https://threatfox.abuse.ch/export/csv/recent/
ipv4,124.223.199.39,text_feeds:threatfox_c2,2026-02-08T15:42:36Z,CLEAR,0.5,c2;threatfox_c2,https://threatfox.abuse.ch/export/csv/recent/
ipv4,124.223.41.181,text_feeds:threatfox_c2,2024-05-29T12:52:55Z,CLEAR,0.5,c2;threatfox_c2,https://threatfox.abuse.ch/export/csv/recent/
ipv4,124.223.47.219,text_feeds:threatfox_c2,2026-02-08T15:42:35Z,CLEAR,0.5,c2;threatfox_c2,https://threatfox.abuse.ch/export/csv/recent/
ipv4,124.71.106.234,text_feeds:threatfox_c2,2024-04-28T17:59:06Z,CLEAR,0.5,c2;threatfox_c2,https://threatfox.abuse.ch/export/csv/recent/
ipv4,124.95.172.200,text_feeds:threatfox_c2,2026-05-02T08:43:06Z,CLEAR,0.5,c2;threatfox_c2,https://threatfox.abuse.ch/export/csv/recent/
ipv4,125.75.36.126,text_feeds:threatfox_c2,2026-09-28T19:43:27Z,CLEAR,0.5,c2;threatfox_c2,https://threatfox.abuse.ch/export/csv/recent/
ipv4,128.241.244.3,text_feeds:threatfox_c2,2026-09-19T09:43:28Z,CLEAR,0.5,c2;threatfox_c2,https://threatfox.abuse.ch/export/csv/recent/
ipv4,128.241.244.7,text_feeds:threatfox_c2,2026-09-20T09:43:31Z,CLEAR,0.5,c2;threatfox_c2,https://threatfox.abuse.ch/export/csv/recent/
ipv4,128.90.103.163,text_feeds:threatfox_c2,2026-09-29T16:36:43Z,CLEAR,0.5,c2;threatfox_c2,https://threatfox.abuse.ch/export/csv/recent/
ipv4,128.90.105.118,text_feeds:threatfox_c2,2026-08-29T19:43:29Z,CLEAR,0.5,c2;threatfox_c2,https://threatfox.abuse.ch/export/csv/recent/
ipv4,128.90.105.123,text_feeds:threatfox_c2,2026-09-17T09:43:37Z,CLEAR,0.5,c2;threatfox_c2,https://threatfox.abuse.ch/export/csv/recent/
ipv4,128.90.105.161,text_feeds:threatfox_c2,2026-09-12T09:43:34Z,CLEAR,0.5,c2;threatfox_c2,https://threatfox.abuse.ch/export/csv/recent/
ipv4,128.90.105.231,text_feeds:threatfox_c2,2026-09-10T19:43:32Z,CLEAR,0.5,c2;threatfox_c2,https://threatfox.abuse.ch/export/csv/recent/
ipv4,128.90.105.59,text_feeds:threatfox_c2,2026-09-15T09:43:30Z,CLEAR,0.5,c2;threatfox_c2,https://threatfox.abuse.ch/export/csv/recent/
ipv4,128.90.105.61,text_feeds:threatfox_c2,2026-09-08T19:43:33Z,CLEAR,0.5,c2;threatfox_c2,https://threatfox.abuse.ch/export/csv/recent/
ipv4,128.90.106.56,text_feeds:threatfox_c2,2026-09-29T09:43:22Z,CLEAR,0.5,c2;threatfox_c2,https://threatfox.abuse.ch/export/csv/recent/
ipv4,128.90.112.200,text_feeds:threatfox_c2,2026-09-19T19:43:36Z,CLEAR,0.5,c2;threatfox_c2,https://threatfox.abuse.ch/export/csv/recent/
ipv4,128.90.112.54,text_feeds:threatfox_c2,2026-09-13T09:43:32Z,CLEAR,0.5,c2;threatfox_c2,https://threatfox.abuse.ch/export/csv/recent/
ipv4,128.90.112.84,text_feeds:threatfox_c2,2026-09-23T19:43:32Z,CLEAR,0.5,c2;threatfox_c2,https://threatfox.abuse.ch/export/csv/recent/
ipv4,128.90.135.172,text_feeds:threatfox_c2,2026-09-21T19:43:28Z,CLEAR,0.5,c2;threatfox_c2,https://threatfox.abuse.ch/export/csv/recent/
ipv4,128.90.135.219,text_feeds:threatfox_c2,2026-09-27T19:43:22Z,CLEAR,0.5,c2;threatfox_c2,https://threatfox.abuse.ch/export/csv/recent/
ipv4,128.90.135.53,text_feeds:threatfox_c2,2026-09-10T09:43:34Z,CLEAR,0.5,c2;threatfox_c2,https://threatfox.abuse.ch/export/csv/recent/
ipv4,128.90.135.59,text_feeds:threatfox_c2,2026-09-01T09:43:35Z,CLEAR,0.5,c2;threatfox_c2,https://threatfox.abuse.ch/export/csv/recent/
ipv4,128.90.136.115,text_feeds:threatfox_c2,2026-09-07T09:43:33Z,CLEAR,0.5,c2;threatfox_c2,https://threatfox.abuse.ch/export/csv/recent/
ipv4,128.90.136.246,text_feeds:threatfox_c2,2026-09-17T19:43:31Z,CLEAR,0.5,c2;threatfox_c2,https://threatfox.abuse.ch/export/csv/recent/
ipv4,128.90.141.49,text_feeds:threatfox_c2,2026-09-16T19:43:35Z,CLEAR,0.5,c2;threatfox_c2,https://threatfox.abuse.ch/export/csv/recent/
ipv4,128.90.167.181,text_feeds:threatfox_c2,2026-09-10T19:43:33Z,CLEAR,0.5,c2;threatfox_c2,https://threatfox.abuse.ch/export/csv/recent/
ipv4,128.90.169.101,text_feeds:threatfox_c2,2026-09-03T09:43:31Z,CLEAR,0.5,c2;threatfox_c2,https://threatfox.abuse.ch/export/csv/recent/
ipv4,128.90.171.209,text_feeds:threatfox_c2,2026-08-29T19:43:30Z,CLEAR,0.5,c2;threatfox_c2,https://threatfox.abuse.ch/export/csv/recent/
ipv4,128.90.59.115,text_feeds:threatfox_c2,2026-09-20T09:43:33Z,CLEAR,0.5,c2;threatfox_c2,https://threatfox.abuse.ch/export/csv/recent/
ipv4,128.90.59.124,text_feeds:threatfox_c2,2026-09-23T19:43:34Z,CLEAR,0.5,c2;threatfox_c2,https://threatfox.abuse.ch/export/csv/recent/
ipv4,128.90.59.225,text_feeds:threatfox_c2,2026-09-26T12:43:42Z,CLEAR,0.5,c2;threatfox_c2,https://threatfox.abuse.ch/export/csv/recent/
ipv4,128.90.59.90,text_feeds:threatfox_c2,2026-09-03T19:43:32Z,CLEAR,0.5,c2;threatfox_c2,https://threatfox.abuse.ch/export/csv/recent/
ipv4,129.146.241.3,text_feeds:threatfox_c2,2026-09-25T09:43:33Z,CLEAR,0.5,c2;threatfox_c2,https://threatfox.abuse.ch/export/csv/recent/
ipv4,129.153.57.179,text_feeds:threatfox_c2,2026-09-10T19:43:34Z,CLEAR,0.5,c2;threatfox_c2,https://threatfox.abuse.ch/export/csv/recent/
ipv4,129.204.103.151,text_feeds:threatfox_c2,2026-02-08T15:42:35Z,CLEAR,0.5,c2;threatfox_c2,https://threatfox.abuse.ch/export/csv/recent/
ipv4,129.204.11.247,text_feeds:threatfox_c2,2025-12-17T10:41:38Z,CLEAR,0.5,c2;threatfox_c2,https://threatfox.abuse.ch/export/csv/recent/
ipv4,129.212.163.157,text_feeds:threatfox_c2,2026-09-03T09:43:32Z,CLEAR,0.5,c2;threatfox_c2,https://threatfox.abuse.ch/export/csv/recent/
ipv4,129.226.82.94,text_feeds:threatfox_c2,2026-09-17T12:42:06Z,CLEAR,0.5,c2;threatfox_c2,https://threatfox.abuse.ch/export/csv/recent/
ipv4,129.28.85.210,text_feeds:threatfox_c2,2025-05-30T08:00:11Z,CLEAR,0.5,c2;threatfox_c2,https://threatfox.abuse.ch/export/csv/recent/
ipv4,129.80.106.68,text_feeds:threatfox_c2,2026-08-31T09:43:42Z,CLEAR,0.5,c2;threatfox_c2,https://threatfox.abuse.ch/export/csv/recent/
ipv4,13.127.122.166,text_feeds:threatfox_c2,2026-09-22T19:43:30Z,CLEAR,0.5,c2;threatfox_c2,https://threatfox.abuse.ch/export/csv/recent/
ipv4,13.140.145.33,text_feeds:threatfox_c2,2026-09-21T19:43:30Z,CLEAR,0.5,c2;threatfox_c2,https://threatfox.abuse.ch/export/csv/recent/
ipv4,13.143.247.124,text_feeds:threatfox_c2,2026-09-22T19:43:30Z,CLEAR,0.5,c2;threatfox_c2,https://threatfox.abuse.ch/export/csv/recent/
ipv4,13.143.247.125,text_feeds:threatfox_c2,2026-09-23T09:43:31Z,CLEAR,0.5,c2;threatfox_c2,https://threatfox.abuse.ch/export/csv/recent/
ipv4,13.143.247.204,text_feeds:threatfox_c2,2026-09-22T09:43:31Z,CLEAR,0.5,c2;threatfox_c2,https://threatfox.abuse.ch/export/csv/recent/
ipv4,13.192.33.5,text_feeds:threatfox_c2,2026-09-15T06:04:33Z,CLEAR,0.5,c2;threatfox_c2,https://threatfox.abuse.ch/export/csv/recent/
ipv4,13.193.175.186,text_feeds:threatfox_c2,2026-09-18T19:43:27Z,CLEAR,0.5,c2;threatfox_c2,https://threatfox.abuse.ch/export/csv/recent/
ipv4,13.205.246.212,text_feeds:threatfox_c2,2026-07-31T09:43:27Z,CLEAR,0.5,c2;threatfox_c2,https://threatfox.abuse.ch/export/csv/recent/
ipv4,13.231.27.0,text_feeds:threatfox_c2,2026-08-26T05:46:26Z,CLEAR,0.5,c2;threatfox_c2,https://threatfox.abuse.ch/export/csv/recent/
ipv4,13.232.187.232,text_feeds:threatfox_c2,2026-09-21T09:43:31Z,CLEAR,0.5,c2;threatfox_c2,https://threatfox.abuse.ch/export/csv/recent/
ipv4,13.236.153.60,text_feeds:threatfox_c2,2026-08-12T09:43:32Z,CLEAR,0.5,c2;threatfox_c2,https://threatfox.abuse.ch/export/csv/recent/
ipv4,13.251.42.119,text_feeds:threatfox_c2,2026-09-12T09:43:38Z,CLEAR,0.5,c2;threatfox_c2,https://threatfox.abuse.ch/export/csv/recent/
ipv4,13.55.118.253,text_feeds:threatfox_c2,2022-04-06T22:59:35Z,CLEAR,0.5,c2;threatfox_c2,https://threatfox.abuse.ch/export/csv/recent/
ipv4,130.12.181.199,text_feeds:threatfox_c2,2026-09-13T11:45:55Z,CLEAR,0.5,c2;threatfox_c2,https://threatfox.abuse.ch/export/csv/recent/
ipv4,130.12.181.96,text_feeds:threatfox_c2,2026-08-05T19:43:28Z,CLEAR,0.5,c2;threatfox_c2,https://threatfox.abuse.ch/export/csv/recent/
ipv4,130.12.182.175,text_feeds:threatfox_c2,2026-04-13T11:38:41Z,CLEAR,0.5,c2;threatfox_c2,https://threatfox.abuse.ch/export/csv/recent/
ipv4,130.12.182.209,text_feeds:threatfox_c2,2026-07-29T19:43:26Z,CLEAR,0.5,c2;threatfox_c2,https://threatfox.abuse.ch/export/csv/recent/
ipv4,130.12.182.211,text_feeds:threatfox_c2,2026-09-06T23:20:38Z,CLEAR,0.5,c2;threatfox_c2,https://threatfox.abuse.ch/export/csv/recent/
ipv4,130.12.182.217,text_feeds:threatfox_c2,2026-09-14T07:25:19Z,CLEAR,0.5,c2;threatfox_c2,https://threatfox.abuse.ch/export/csv/recent/
ipv4,130.12.182.39,text_feeds:threatfox_c2,2026-08-03T19:43:23Z,CLEAR,0.5,c2;threatfox_c2,https://threatfox.abuse.ch/export/csv/recent/
ipv4,130.12.182.79,text_feeds:threatfox_c2,2026-08-18T15:53:43Z,CLEAR,0.5,c2;threatfox_c2,https://threatfox.abuse.ch/export/csv/recent/
ipv4,130.185.82.117,text_feeds:threatfox_c2,2026-06-13T09:43:18Z,CLEAR,0.5,c2;threatfox_c2,https://threatfox.abuse.ch/export/csv/recent/
ipv4,130.49.190.185,text_feeds:threatfox_c2,2026-09-28T06:09:03Z,CLEAR,0.5,c2;threatfox_c2,https://threatfox.abuse.ch/export/csv/recent/
ipv4,130.51.20.64,text_feeds:threatfox_c2,2024-01-10T06:48:44Z,CLEAR,0.5,c2;threatfox_c2,https://threatfox.abuse.ch/export/csv/recent/
ipv4,130.61.146.214,text_feeds:threatfox_c2,2026-09-22T19:43:32Z,CLEAR,0.5,c2;threatfox_c2,https://threatfox.abuse.ch/export/csv/recent/
ipv4,130.61.85.204,text_feeds:threatfox_c2,2026-09-23T19:43:37Z,CLEAR,0.5,c2;threatfox_c2,https://threatfox.abuse.ch/export/csv/recent/
ipv4,130.78.189.71,text_feeds:threatfox_c2,2026-09-22T05:00:32Z,CLEAR,0.5,c2;threatfox_c2,https://threatfox.abuse.ch/export/csv/recent/
ipv4,130.94.29.101,text_feeds:threatfox_c2,2026-09-15T13:48:28Z,CLEAR,0.5,c2;threatfox_c2,https://threatfox.abuse.ch/export/csv/recent/
ipv4,130.94.30.83,text_feeds:threatfox_c2,2026-09-29T07:05:07Z,CLEAR,0.5,c2;threatfox_c2,https://threatfox.abuse.ch/export/csv/recent/
ipv4,130.94.42.202,text_feeds:threatfox_c2,2026-09-14T09:43:34Z,CLEAR,0.5,c2;threatfox_c2,https://threatfox.abuse.ch/export/csv/recent/
ipv4,130.94.66.253,text_feeds:threatfox_c2,2026-09-20T19:43:34Z,CLEAR,0.5,c2;threatfox_c2,https://threatfox.abuse.ch/export/csv/recent/
ipv4,131.123.38.25,text_feeds:threatfox_c2,2026-09-28T20:15:09Z,CLEAR,0.5,c2;threatfox_c2,https://threatfox.abuse.ch/export/csv/recent/
ipv4,131.143.251.246,text_feeds:threatfox_c2,2026-06-15T09:43:17Z,CLEAR,0.5,c2;threatfox_c2,https://threatfox.abuse.ch/export/csv/recent/
ipv4,132.145.210.148,text_feeds:threatfox_c2,2026-07-22T09:43:25Z,CLEAR,0.5,c2;threatfox_c2,https://threatfox.abuse.ch/export/csv/recent/
ipv4,132.196.242.157,text_feeds:threatfox_c2,2026-09-28T09:59:52Z,CLEAR,0.5,c2;threatfox_c2,https://threatfox.abuse.ch/export/csv/recent/
ipv4,132.226.198.241,text_feeds:threatfox_c2,2026-09-20T09:43:37Z,CLEAR,0.5,c2;threatfox_c2,https://threatfox.abuse.ch/export/csv/recent/
ipv4,132.226.72.148,text_feeds:threatfox_c2,2026-07-30T19:43:26Z,CLEAR,0.5,c2;threatfox_c2,https://threatfox.abuse.ch/export/csv/recent/
ipv4,132.226.72.227,text_feeds:threatfox_c2,2026-08-29T19:43:33Z,CLEAR,0.5,c2;threatfox_c2,https://threatfox.abuse.ch/export/csv/recent/
ipv4,132.243.221.34,text_feeds:threatfox_c2,2026-09-17T19:43:35Z,CLEAR,0.5,c2;threatfox_c2,https://threatfox.abuse.ch/export/csv/recent/
ipv4,134.122.126.123,text_feeds:threatfox_c2,2026-09-29T06:28:06Z,CLEAR,0.5,c2;threatfox_c2,https://threatfox.abuse.ch/export/csv/recent/
ipv4,134.122.130.181,text_feeds:threatfox_c2,2024-04-29T12:51:26Z,CLEAR,0.5,c2;threatfox_c2,https://threatfox.abuse.ch/export/csv/recent/
ipv4,134.122.130.186,text_feeds:threatfox_c2,2024-05-06T12:49:25Z,CLEAR,0.5,c2;threatfox_c2,https://threatfox.abuse.ch/export/csv/recent/
ipv4,134.122.132.28,text_feeds:threatfox_c2,2026-08-06T09:43:25Z,CLEAR,0.5,c2;threatfox_c2,https://threatfox.abuse.ch/export/csv/recent/
ipv4,134.122.132.3,text_feeds:threatfox_c2,2026-08-09T09:43:29Z,CLEAR,0.5,c2;threatfox_c2,https://threatfox.abuse.ch/export/csv/recent/
ipv4,134.122.132.35,text_feeds:threatfox_c2,2026-08-08T09:43:26Z,CLEAR,0.5,c2;threatfox_c2,https://threatfox.abuse.ch/export/csv/recent/
ipv4,134.122.140.185,text_feeds:threatfox_c2,2026-02-08T15:42:06Z,CLEAR,0.5,c2;threatfox_c2,https://threatfox.abuse.ch/export/csv/recent/
ipv4,134.122.155.135,text_feeds:threatfox_c2,2026-09-29T06:39:08Z,CLEAR,0.5,c2;threatfox_c2,https://threatfox.abuse.ch/export/csv/recent/
ipv4,134.122.204.169,text_feeds:threatfox_c2,2026-09-29T12:48:18Z,CLEAR,0.5,c2;threatfox_c2,https://threatfox.abuse.ch/export/csv/recent/
ipv4,134.175.40.200,text_feeds:threatfox_c2,2026-09-29T14:05:07Z,CLEAR,0.5,c2;threatfox_c2,https://threatfox.abuse.ch/export/csv/recent/
ipv4,134.19.177.62,text_feeds:threatfox_c2,2026-09-21T19:43:34Z,CLEAR,0.5,c2;threatfox_c2,https://threatfox.abuse.ch/export/csv/recent/
ipv4,134.209.112.52,text_feeds:threatfox_c2,2026-08-19T15:05:06Z,CLEAR,0.5,c2;threatfox_c2,https://threatfox.abuse.ch/export/csv/recent/
ipv4,134.209.146.147,text_feeds:threatfox_c2,2026-08-05T19:05:05Z,CLEAR,0.5,c2;threatfox_c2,https://threatfox.abuse.ch/export/csv/recent/
ipv4,134.209.41.160,text_feeds:threatfox_c2,2026-07-06T04:05:04Z,CLEAR,0.5,c2;threatfox_c2,https://threatfox.abuse.ch/export/csv/recent/
ipv4,135.129.122.52,text_feeds:threatfox_c2,2026-09-28T09:58:38Z,CLEAR,0.5,c2;threatfox_c2,https://threatfox.abuse.ch/export/csv/recent/
ipv4,135.136.147.238,text_feeds:threatfox_c2,2026-09-14T19:43:47Z,CLEAR,0.5,c2;threatfox_c2,https://threatfox.abuse.ch/export/csv/recent/
ipv4,135.136.147.86,text_feeds:threatfox_c2,2026-08-16T09:43:30Z,CLEAR,0.5,c2;threatfox_c2,https://threatfox.abuse.ch/export/csv/recent/
ipv4,135.84.210.197,text_feeds:threatfox_c2,2026-09-02T19:44:04Z,CLEAR,0.5,c2;threatfox_c2,https://threatfox.abuse.ch/export/csv/recent/
ipv4,136.0.213.135,text_feeds:threatfox_c2,2026-08-31T19:43:37Z,CLEAR,0.5,c2;threatfox_c2,https://threatfox.abuse.ch/export/csv/recent/
ipv4,136.118.7.65,text_feeds:threatfox_c2,2026-09-05T19:43:35Z,CLEAR,0.5,c2;threatfox_c2,https://threatfox.abuse.ch/export/csv/recent/
ipv4,136.24.173.249,text_feeds:threatfox_c2,2026-01-20T16:04:24Z,CLEAR,0.5,c2;threatfox_c2,https://threatfox.abuse.ch/export/csv/recent/
ipv4,136.248.112.114,text_feeds:threatfox_c2,2026-09-06T19:43:35Z,CLEAR,0.5,c2;threatfox_c2,https://threatfox.abuse.ch/export/csv/recent/
ipv4,137.175.107.110,text_feeds:threatfox_c2,2026-09-05T09:43:39Z,CLEAR,0.5,c2;threatfox_c2,https://threatfox.abuse.ch/export/csv/recent/
ipv4,137.184.136.139,text_feeds:threatfox_c2,2026-09-29T06:28:46Z,CLEAR,0.5,c2;threatfox_c2,https://threatfox.abuse.ch/export/csv/recent/
ipv4,137.184.139.185,text_feeds:threatfox_c2,2026-09-19T09:43:35Z,CLEAR,0.5,c2;threatfox_c2,https://threatfox.abuse.ch/export/csv/recent/
ipv4,137.184.163.27,text_feeds:threatfox_c2,2026-07-22T19:43:25Z,CLEAR,0.5,c2;threatfox_c2,https://threatfox.abuse.ch/export/csv/recent/
ipv4,137.184.203.169,text_feeds:threatfox_c2,2026-09-25T11:47:16Z,CLEAR,0.5,c2;threatfox_c2,https://threatfox.abuse.ch/export/csv/recent/
ipv4,137.184.42.85,text_feeds:threatfox_c2,2022-04-15T22:57:51Z,CLEAR,0.5,c2;threatfox_c2,https://threatfox.abuse.ch/export/csv/recent/
ipv4,137.220.151.95,text_feeds:threatfox_c2,2026-08-27T07:27:24Z,CLEAR,0.5,c2;threatfox_c2,https://threatfox.abuse.ch/export/csv/recent/
ipv4,137.220.194.12,text_feeds:threatfox_c2,2026-09-14T19:43:50Z,CLEAR,0.5,c2;threatfox_c2,https://threatfox.abuse.ch/export/csv/recent/
ipv4,137.220.194.15,text_feeds:threatfox_c2,2026-07-11T09:46:53Z,CLEAR,0.5,c2;threatfox_c2,https://threatfox.abuse.ch/export/csv/recent/
ipv4,137.220.205.181,text_feeds:threatfox_c2,2026-09-13T13:46:59Z,CLEAR,0.5,c2;threatfox_c2,https://threatfox.abuse.ch/export/csv/recent/
ipv4,137.220.205.193,text_feeds:threatfox_c2,2026-09-14T03:47:32Z,CLEAR,0.5,c2;threatfox_c2,https://threatfox.abuse.ch/export/csv/recent/
ipv4,137.220.205.196,text_feeds:threatfox_c2,2026-09-13T13:46:59Z,CLEAR,0.5,c2;threatfox_c2,https://threatfox.abuse.ch/export/csv/recent/
ipv4,138.0.191.215,text_feeds:threatfox_c2,2026-09-19T09:43:36Z,CLEAR,0.5,c2;threatfox_c2,https://threatfox.abuse.ch/export/csv/recent/
ipv4,138.124.113.131,text_feeds:threatfox_c2,2026-05-01T02:43:05Z,CLEAR,0.5,c2;threatfox_c2,https://threatfox.abuse.ch/export/csv/recent/
ipv4,138.124.14.35,text_feeds:threatfox_c2,2026-09-24T09:43:38Z,CLEAR,0.5,c2;threatfox_c2,https://threatfox.abuse.ch/export/csv/recent/
ipv4,138.124.240.76,text_feeds:threatfox_c2,2026-06-30T19:43:26Z,CLEAR,0.5,c2;threatfox_c2,https://threatfox.abuse.ch/export/csv/recent/
ipv4,138.124.240.77,text_feeds:threatfox_c2,2026-06-30T19:43:26Z,CLEAR,0.5,c2;threatfox_c2,https://threatfox.abuse.ch/export/csv/recent/
ipv4,138.124.251.63,text_feeds:threatfox_c2,2026-09-26T06:20:39Z,CLEAR,0.5,c2;threatfox_c2,https://threatfox.abuse.ch/export/csv/recent/
ipv4,138.16.178.77,text_feeds:threatfox_c2,2026-09-10T09:43:43Z,CLEAR,0.5,c2;threatfox_c2,https://threatfox.abuse.ch/export/csv/recent/
ipv4,138.197.31.70,text_feeds:threatfox_c2,2026-09-24T09:43:38Z,CLEAR,0.5,c2;threatfox_c2,https://threatfox.abuse.ch/export/csv/recent/
ipv4,138.201.193.32,text_feeds:threatfox_c2,2026-09-28T09:59:55Z,CLEAR,0.5,c2;threatfox_c2,https://threatfox.abuse.ch/export/csv/recent/
ipv4,138.226.236.52,text_feeds:threatfox_c2,2026-03-22T12:01:29Z,CLEAR,0.5,c2;threatfox_c2,https://threatfox.abuse.ch/export/csv/recent/
ipv4,138.68.110.227,text_feeds:threatfox_c2,2022-04-10T17:05:31Z,CLEAR,0.5,c2;threatfox_c2,https://threatfox.abuse.ch/export/csv/recent/
ipv4,138.68.227.71,text_feeds:threatfox_c2,2022-02-21T16:57:13Z,CLEAR,0.5,c2;threatfox_c2,https://threatfox.abuse.ch/export/csv/recent/
ipv4,139.155.148.131,text_feeds:threatfox_c2,2023-10-24T10:39:59Z,CLEAR,0.5,c2;threatfox_c2,https://threatfox.abuse.ch/export/csv/recent/
ipv4,139.159.203.44,text_feeds:threatfox_c2,2024-05-21T12:53:29Z,CLEAR,0.5,c2;threatfox_c2,https://threatfox.abuse.ch/export/csv/recent/
ipv4,139.162.113.221,text_feeds:threatfox_c2,2026-08-09T09:43:33Z,CLEAR,0.5,c2;threatfox_c2,https://threatfox.abuse.ch/export/csv/recent/
ipv4,139.162.134.94,text_feeds:threatfox_c2,2026-09-28T14:16:54Z,CLEAR,0.5,c2;threatfox_c2,https://threatfox.abuse.ch/export/csv/recent/
ipv4,139.180.153.29,text_feeds:threatfox_c2,2026-09-16T09:43:45Z,CLEAR,0.5,c2;threatfox_c2,https://threatfox.abuse.ch/export/csv/recent/
ipv4,139.180.189.95,text_feeds:threatfox_c2,2025-01-10T08:16:21Z,CLEAR,0.5,c2;threatfox_c2,https://threatfox.abuse.ch/export/csv/recent/
ipv4,139.196.111.118,text_feeds:threatfox_c2,2025-11-06T07:26:25Z,CLEAR,0.5,c2;threatfox_c2,https://threatfox.abuse.ch/export/csv/recent/
ipv4,139.196.126.161,text_feeds:threatfox_c2,2024-12-06T07:36:52Z,CLEAR,0.5,c2;threatfox_c2,https://threatfox.abuse.ch/export/csv/recent/
ipv4,139.196.174.152,text_feeds:threatfox_c2,2026-09-14T12:05:08Z,CLEAR,0.5,c2;threatfox_c2,https://threatfox.abuse.ch/export/csv/recent/
ipv4,139.196.223.82,text_feeds:threatfox_c2,2025-12-25T07:52:31Z,CLEAR,0.5,c2;threatfox_c2,https://threatfox.abuse.ch/export/csv/recent/
ipv4,139.196.41.201,text_feeds:threatfox_c2,2026-02-08T15:42:07Z,CLEAR,0.5,c2;threatfox_c2,https://threatfox.abuse.ch/export/csv/recent/
ipv4,139.196.50.117,text_feeds:threatfox_c2,2026-09-25T03:47:07Z,CLEAR,0.5,c2;threatfox_c2,https://threatfox.abuse.ch/export/csv/recent/
ipv4,139.198.183.44,text_feeds:threatfox_c2,2021-10-11T23:27:10Z,CLEAR,0.5,c2;threatfox_c2,https://threatfox.abuse.ch/export/csv/recent/
ipv4,139.199.160.80,text_feeds:threatfox_c2,2026-09-12T03:47:24Z,CLEAR,0.5,c2;threatfox_c2,https://threatfox.abuse.ch/export/csv/recent/
ipv4,139.224.16.185,text_feeds:threatfox_c2,2026-02-08T15:42:07Z,CLEAR,0.5,c2;threatfox_c2,https://threatfox.abuse.ch/export/csv/recent/
ipv4,139.60.160.8,text_feeds:threatfox_c2,2022-03-23T20:44:05Z,CLEAR,0.5,c2;threatfox_c2,https://threatfox.abuse.ch/export/csv/recent/
ipv4,139.64.164.252,text_feeds:threatfox_c2,2026-09-24T19:43:43Z,CLEAR,0.5,c2;threatfox_c2,https://threatfox.abuse.ch/export/csv/recent/
ipv4,139.84.159.182,text_feeds:threatfox_c2,2026-02-05T08:00:33Z,CLEAR,0.5,c2;threatfox_c2,https://threatfox.abuse.ch/export/csv/recent/
ipv4,139.9.62.19,text_feeds:threatfox_c2,2024-01-05T21:31:13Z,CLEAR,0.5,c2;threatfox_c2,https://threatfox.abuse.ch/export/csv/recent/
ipv4,14.103.175.50,text_feeds:threatfox_c2,2026-02-08T15:42:07Z,CLEAR,0.5,c2;threatfox_c2,https://threatfox.abuse.ch/export/csv/recent/
ipv4,14.22.75.6,text_feeds:threatfox_c2,2026-07-20T19:43:29Z,CLEAR,0.5,c2;threatfox_c2,https://threatfox.abuse.ch/export/csv/recent/
ipv4,14.225.212.124,text_feeds:threatfox_c2,2026-09-27T13:46:24Z,CLEAR,0.5,c2;threatfox_c2,https://threatfox.abuse.ch/export/csv/recent/
ipv4,14.29.160.181,text_feeds:threatfox_c2,2026-07-16T04:05:05Z,CLEAR,0.5,c2;threatfox_c2,https://threatfox.abuse.ch/export/csv/recent/
ipv4,140.143.130.157,text_feeds:threatfox_c2,2026-07-29T01:05:07Z,CLEAR,0.5,c2;threatfox_c2,https://threatfox.abuse.ch/export/csv/recent/
ipv4,140.143.194.253,text_feeds:threatfox_c2,2025-10-24T16:00:08Z,CLEAR,0.5,c2;threatfox_c2,https://threatfox.abuse.ch/export/csv/recent/
ipv4,140.233.190.108,text_feeds:threatfox_c2,2026-09-29T06:28:45Z,CLEAR,0.5,c2;threatfox_c2,https://threatfox.abuse.ch/export/csv/recent/
ipv4,140.233.190.110,text_feeds:threatfox_c2,2026-09-29T06:28:44Z,CLEAR,0.5,c2;threatfox_c2,https://threatfox.abuse.ch/export/csv/recent/
ipv4,140.233.190.114,text_feeds:threatfox_c2,2026-09-29T12:10:36Z,CLEAR,0.5,c2;threatfox_c2,https://threatfox.abuse.ch/export/csv/recent/
ipv4,140.233.190.115,text_feeds:threatfox_c2,2026-09-29T06:28:44Z,CLEAR,0.5,c2;threatfox_c2,https://threatfox.abuse.ch/export/csv/recent/
ipv4,141.148.194.147,text_feeds:threatfox_c2,2026-09-15T09:43:39Z,CLEAR,0.5,c2;threatfox_c2,https://threatfox.abuse.ch/export/csv/recent/
ipv4,141.255.162.234,text_feeds:threatfox_c2,2026-07-26T23:45:57Z,CLEAR,0.5,c2;threatfox_c2,https://threatfox.abuse.ch/export/csv/recent/
ipv4,141.255.162.236,text_feeds:threatfox_c2,2026-09-22T13:48:02Z,CLEAR,0.5,c2;threatfox_c2,https://threatfox.abuse.ch/export/csv/recent/
ipv4,141.255.164.33,text_feeds:threatfox_c2,2026-07-25T19:43:29Z,CLEAR,0.5,c2;threatfox_c2,https://threatfox.abuse.ch/export/csv/recent/
ipv4,141.94.121.162,text_feeds:threatfox_c2,2026-07-02T09:43:24Z,CLEAR,0.5,c2;threatfox_c2,https://threatfox.abuse.ch/export/csv/recent/
ipv4,141.98.10.154,text_feeds:threatfox_c2,2026-09-06T13:17:30Z,CLEAR,0.5,c2;threatfox_c2,https://threatfox.abuse.ch/export/csv/recent/
ipv4,141.98.11.227,text_feeds:threatfox_c2,2026-09-12T19:43:39Z,CLEAR,0.5,c2;threatfox_c2,https://threatfox.abuse.ch/export/csv/recent/
ipv4,142.115.58.27,text_feeds:threatfox_c2,2026-09-28T09:58:46Z,CLEAR,0.5,c2;threatfox_c2,https://threatfox.abuse.ch/export/csv/recent/
ipv4,142.202.205.224,text_feeds:threatfox_c2,2026-09-24T06:42:25Z,CLEAR,0.5,c2;threatfox_c2,https://threatfox.abuse.ch/export/csv/recent/
ipv4,142.93.126.132,text_feeds:threatfox_c2,2026-09-22T22:05:07Z,CLEAR,0.5,c2;threatfox_c2,https://threatfox.abuse.ch/export/csv/recent/
ipv4,142.93.49.30,text_feeds:threatfox_c2,2026-09-03T09:43:41Z,CLEAR,0.5,c2;threatfox_c2,https://threatfox.abuse.ch/export/csv/recent/
ipv4,142.93.52.11,text_feeds:threatfox_c2,2026-07-29T19:43:33Z,CLEAR,0.5,c2;threatfox_c2,https://threatfox.abuse.ch/export/csv/recent/
ipv4,142.93.88.220,text_feeds:threatfox_c2,2026-05-01T02:43:06Z,CLEAR,0.5,c2;threatfox_c2,https://threatfox.abuse.ch/export/csv/recent/
ipv4,143.110.163.176,text_feeds:threatfox_c2,2026-03-16T16:29:31Z,CLEAR,0.5,c2;threatfox_c2,https://threatfox.abuse.ch/export/csv/recent/
ipv4,143.14.9.56,text_feeds:threatfox_c2,2026-05-22T08:11:29Z,CLEAR,0.5,c2;threatfox_c2,https://threatfox.abuse.ch/export/csv/recent/
ipv4,143.198.110.248,text_feeds:threatfox_c2,2022-02-21T16:54:53Z,CLEAR,0.5,c2;threatfox_c2,https://threatfox.abuse.ch/export/csv/recent/
ipv4,143.198.120.167,text_feeds:threatfox_c2,2026-07-06T09:43:32Z,CLEAR,0.5,c2;threatfox_c2,https://threatfox.abuse.ch/export/csv/recent/
ipv4,143.198.214.100,text_feeds:threatfox_c2,2026-09-29T12:10:40Z,CLEAR,0.5,c2;threatfox_c2,https://threatfox.abuse.ch/export/csv/recent/
ipv4,143.20.185.213,text_feeds:threatfox_c2,2026-09-16T19:43:45Z,CLEAR,0.5,c2;threatfox_c2,https://threatfox.abuse.ch/export/csv/recent/
ipv4,143.202.93.183,text_feeds:threatfox_c2,2026-09-04T19:43:42Z,CLEAR,0.5,c2;threatfox_c2,https://threatfox.abuse.ch/export/csv/recent/
ipv4,143.244.135.17,text_feeds:threatfox_c2,2026-09-22T22:05:07Z,CLEAR,0.5,c2;threatfox_c2,https://threatfox.abuse.ch/export/csv/recent/
ipv4,143.246.216.114,text_feeds:threatfox_c2,2026-08-20T14:10:36Z,CLEAR,0.5,c2;threatfox_c2,https://threatfox.abuse.ch/export/csv/recent/
ipv4,143.246.217.103,text_feeds:threatfox_c2,2026-09-10T09:43:46Z,CLEAR,0.5,c2;threatfox_c2,https://threatfox.abuse.ch/export/csv/recent/
ipv4,143.246.223.246,text_feeds:threatfox_c2,2026-09-26T12:43:50Z,CLEAR,0.5,c2;threatfox_c2,https://threatfox.abuse.ch/export/csv/recent/
ipv4,143.246.43.117,text_feeds:threatfox_c2,2026-09-23T09:43:41Z,CLEAR,0.5,c2;threatfox_c2,https://threatfox.abuse.ch/export/csv/recent/
ipv4,143.92.43.160,text_feeds:threatfox_c2,2026-07-05T09:43:34Z,CLEAR,0.5,c2;threatfox_c2,https://threatfox.abuse.ch/export/csv/recent/
ipv4,143.92.43.241,text_feeds:threatfox_c2,2026-07-05T09:43:35Z,CLEAR,0.5,c2;threatfox_c2,https://threatfox.abuse.ch/export/csv/recent/
ipv4,143.92.43.246,text_feeds:threatfox_c2,2026-07-05T09:43:35Z,CLEAR,0.5,c2;threatfox_c2,https://threatfox.abuse.ch/export/csv/recent/
ipv4,143.92.61.144,text_feeds:threatfox_c2,2026-09-03T19:43:41Z,CLEAR,0.5,c2;threatfox_c2,https://threatfox.abuse.ch/export/csv/recent/
ipv4,143.92.61.231,text_feeds:threatfox_c2,2026-09-03T19:43:41Z,CLEAR,0.5,c2;threatfox_c2,https://threatfox.abuse.ch/export/csv/recent/
ipv4,143.92.61.232,text_feeds:threatfox_c2,2026-09-03T19:43:42Z,CLEAR,0.5,c2;threatfox_c2,https://threatfox.abuse.ch/export/csv/recent/
ipv4,144.121.108.141,text_feeds:threatfox_c2,2026-09-28T09:59:59Z,CLEAR,0.5,c2;threatfox_c2,https://threatfox.abuse.ch/export/csv/recent/
ipv4,144.124.234.128,text_feeds:threatfox_c2,2026-08-15T09:43:37Z,CLEAR,0.5,c2;threatfox_c2,https://threatfox.abuse.ch/export/csv/recent/
ipv4,144.126.155.182,text_feeds:threatfox_c2,2026-09-29T19:43:31Z,CLEAR,0.5,c2;threatfox_c2,https://threatfox.abuse.ch/export/csv/recent/
ipv4,144.126.198.39,text_feeds:threatfox_c2,2026-09-23T09:05:11Z,CLEAR,0.5,c2;threatfox_c2,https://threatfox.abuse.ch/export/csv/recent/
ipv4,144.126.218.78,text_feeds:threatfox_c2,2026-09-11T09:43:44Z,CLEAR,0.5,c2;threatfox_c2,https://threatfox.abuse.ch/export/csv/recent/
ipv4,144.172.106.62,text_feeds:threatfox_c2,2026-09-14T09:43:43Z,CLEAR,0.5,c2;threatfox_c2,https://threatfox.abuse.ch/export/csv/recent/
ipv4,144.172.112.126,text_feeds:threatfox_c2,2026-09-09T19:43:47Z,CLEAR,0.5,c2;threatfox_c2,https://threatfox.abuse.ch/export/csv/recent/
ipv4,144.172.117.108,text_feeds:threatfox_c2,2026-08-29T09:43:41Z,CLEAR,0.5,c2;threatfox_c2,https://threatfox.abuse.ch/export/csv/recent/
ipv4,144.172.118.114,text_feeds:threatfox_c2,2026-09-09T09:43:48Z,CLEAR,0.5,c2;threatfox_c2,https://threatfox.abuse.ch/export/csv/recent/
ipv4,144.172.65.54,text_feeds:threatfox_c2,2026-09-10T09:43:48Z,CLEAR,0.5,c2;threatfox_c2,https://threatfox.abuse.ch/export/csv/recent/
ipv4,144.172.69.79,text_feeds:threatfox_c2,2026-09-28T12:05:07Z,CLEAR,0.5,c2;threatfox_c2,https://threatfox.abuse.ch/export/csv/recent/
ipv4,144.217.207.19,text_feeds:threatfox_c2,2022-12-30T19:48:51Z,CLEAR,0.5,c2;threatfox_c2,https://threatfox.abuse.ch/export/csv/recent/
ipv4,144.217.94.115,text_feeds:threatfox_c2,2026-08-27T09:43:42Z,CLEAR,0.5,c2;threatfox_c2,https://threatfox.abuse.ch/export/csv/recent/
ipv4,144.31.106.168,text_feeds:threatfox_c2,2026-08-30T19:43:36Z,CLEAR,0.5,c2;threatfox_c2,https://threatfox.abuse.ch/export/csv/recent/
ipv4,144.31.148.132,text_feeds:threatfox_c2,2026-09-18T09:43:38Z,CLEAR,0.5,c2;threatfox_c2,https://threatfox.abuse.ch/export/csv/recent/
ipv4,144.31.25.62,text_feeds:threatfox_c2,2026-09-16T19:43:48Z,CLEAR,0.5,c2;threatfox_c2,https://threatfox.abuse.ch/export/csv/recent/
ipv4,144.31.51.6,text_feeds:threatfox_c2,2026-09-03T09:43:43Z,CLEAR,0.5,c2;threatfox_c2,https://threatfox.abuse.ch/export/csv/recent/
ipv4,144.31.6.0,text_feeds:threatfox_c2,2026-09-01T19:43:36Z,CLEAR,0.5,c2;threatfox_c2,https://threatfox.abuse.ch/export/csv/recent/
ipv4,144.31.6.21,text_feeds:threatfox_c2,2026-08-27T09:43:43Z,CLEAR,0.5,c2;threatfox_c2,https://threatfox.abuse.ch/export/csv/recent/
ipv4,144.31.6.23,text_feeds:threatfox_c2,2026-09-29T19:43:32Z,CLEAR,0.5,c2;threatfox_c2,https://threatfox.abuse.ch/export/csv/recent/
ipv4,144.31.6.37,text_feeds:threatfox_c2,2026-09-11T19:43:48Z,CLEAR,0.5,c2;threatfox_c2,https://threatfox.abuse.ch/export/csv/recent/
ipv4,144.31.6.6,text_feeds:threatfox_c2,2026-09-01T19:43:37Z,CLEAR,0.5,c2;threatfox_c2,https://threatfox.abuse.ch/export/csv/recent/
ipv4,144.79.12.69,text_feeds:threatfox_c2,2026-02-13T07:06:57Z,CLEAR,0.5,c2;threatfox_c2,https://threatfox.abuse.ch/export/csv/recent/
ipv4,144.91.78.57,text_feeds:threatfox_c2,2026-09-16T09:43:53Z,CLEAR,0.5,c2;threatfox_c2,https://threatfox.abuse.ch/export/csv/recent/
ipv4,145.241.235.97,text_feeds:threatfox_c2,2026-09-28T10:00:03Z,CLEAR,0.5,c2;threatfox_c2,https://threatfox.abuse.ch/export/csv/recent/
ipv4,145.63.135.23,text_feeds:threatfox_c2,2026-09-25T09:43:49Z,CLEAR,0.5,c2;threatfox_c2,https://threatfox.abuse.ch/export/csv/recent/
ipv4,146.190.111.53,text_feeds:threatfox_c2,2026-09-22T19:05:06Z,CLEAR,0.5,c2;threatfox_c2,https://threatfox.abuse.ch/export/csv/recent/
ipv4,146.190.120.19,text_feeds:threatfox_c2,2026-09-24T19:43:50Z,CLEAR,0.5,c2;threatfox_c2,https://threatfox.abuse.ch/export/csv/recent/
ipv4,146.190.80.105,text_feeds:threatfox_c2,2026-06-24T19:43:22Z,CLEAR,0.5,c2;threatfox_c2,https://threatfox.abuse.ch/export/csv/recent/
ipv4,146.70.158.198,text_feeds:threatfox_c2,2024-10-30T17:53:55Z,CLEAR,0.5,c2;threatfox_c2,https://threatfox.abuse.ch/export/csv/recent/
ipv4,146.70.29.233,text_feeds:threatfox_c2,2022-01-25T22:29:00Z,CLEAR,0.5,c2;threatfox_c2,https://threatfox.abuse.ch/export/csv/recent/
ipv4,146.70.49.42,text_feeds:threatfox_c2,2026-02-02T18:00:52Z,CLEAR,0.5,c2;threatfox_c2,https://threatfox.abuse.ch/export/csv/recent/
ipv4,146.70.51.10,text_feeds:threatfox_c2,2026-09-07T13:31:39Z,CLEAR,0.5,c2;threatfox_c2,https://threatfox.abuse.ch/export/csv/recent/
ipv4,146.70.51.74,text_feeds:threatfox_c2,2026-09-19T09:43:43Z,CLEAR,0.5,c2;threatfox_c2,https://threatfox.abuse.ch/export/csv/recent/
ipv4,146.70.79.45,text_feeds:threatfox_c2,2026-09-09T19:43:50Z,CLEAR,0.5,c2;threatfox_c2,https://threatfox.abuse.ch/export/csv/recent/
ipv4,146.70.87.218,text_feeds:threatfox_c2,2026-09-10T19:43:48Z,CLEAR,0.5,c2;threatfox_c2,https://threatfox.abuse.ch/export/csv/recent/
ipv4,146.70.87.23,text_feeds:threatfox_c2,2026-07-25T19:43:34Z,CLEAR,0.5,c2;threatfox_c2,https://threatfox.abuse.ch/export/csv/recent/
ipv4,146.70.87.237,text_feeds:threatfox_c2,2025-07-01T00:02:11Z,CLEAR,0.5,c2;threatfox_c2,https://threatfox.abuse.ch/export/csv/recent/
ipv4,146.70.87.64,text_feeds:threatfox_c2,2025-06-08T21:18:39Z,CLEAR,0.5,c2;threatfox_c2,https://threatfox.abuse.ch/export/csv/recent/
ipv4,146.70.87.96,text_feeds:threatfox_c2,2025-07-02T04:02:12Z,CLEAR,0.5,c2;threatfox_c2,https://threatfox.abuse.ch/export/csv/recent/
ipv4,147.124.199.248,text_feeds:threatfox_c2,2026-09-17T19:43:47Z,CLEAR,0.5,c2;threatfox_c2,https://threatfox.abuse.ch/export/csv/recent/
ipv4,147.124.202.216,text_feeds:threatfox_c2,2026-09-17T09:43:56Z,CLEAR,0.5,c2;threatfox_c2,https://threatfox.abuse.ch/export/csv/recent/
ipv4,147.124.214.219,text_feeds:threatfox_c2,2026-09-18T19:43:41Z,CLEAR,0.5,c2;threatfox_c2,https://threatfox.abuse.ch/export/csv/recent/
ipv4,147.182.203.222,text_feeds:threatfox_c2,2026-09-11T07:33:02Z,CLEAR,0.5,c2;threatfox_c2,https://threatfox.abuse.ch/export/csv/recent/
ipv4,147.182.220.95,text_feeds:threatfox_c2,2026-09-03T19:43:44Z,CLEAR,0.5,c2;threatfox_c2,https://threatfox.abuse.ch/export/csv/recent/
ipv4,147.224.179.31,text_feeds:threatfox_c2,2026-09-17T19:43:47Z,CLEAR,0.5,c2;threatfox_c2,https://threatfox.abuse.ch/export/csv/recent/
ipv4,147.90.182.42,text_feeds:threatfox_c2,2026-09-28T10:27:52Z,CLEAR,0.5,c2;threatfox_c2,https://threatfox.abuse.ch/export/csv/recent/
ipv4,147.93.191.75,text_feeds:threatfox_c2,2026-09-21T19:43:46Z,CLEAR,0.5,c2;threatfox_c2,https://threatfox.abuse.ch/export/csv/recent/
ipv4,148.163.101.169,text_feeds:threatfox_c2,2026-08-16T19:43:41Z,CLEAR,0.5,c2;threatfox_c2,https://threatfox.abuse.ch/export/csv/recent/
ipv4,148.66.17.122,text_feeds:threatfox_c2,2026-09-29T08:05:04Z,CLEAR,0.5,c2;threatfox_c2,https://threatfox.abuse.ch/export/csv/recent/
ipv4,148.66.5.59,text_feeds:threatfox_c2,2026-09-28T09:59:23Z,CLEAR,0.5,c2;threatfox_c2,https://threatfox.abuse.ch/export/csv/recent/
ipv4,149.104.28.204,text_feeds:threatfox_c2,2026-05-01T02:43:07Z,CLEAR,0.5,c2;threatfox_c2,https://threatfox.abuse.ch/export/csv/recent/
ipv4,149.104.78.139,text_feeds:threatfox_c2,2026-09-21T19:43:46Z,CLEAR,0.5,c2;threatfox_c2,https://threatfox.abuse.ch/export/csv/recent/
ipv4,149.202.227.107,text_feeds:threatfox_c2,2026-08-18T12:03:39Z,CLEAR,0.5,c2;threatfox_c2,https://threatfox.abuse.ch/export/csv/recent/
ipv4,149.255.35.131,text_feeds:threatfox_c2,2022-01-14T22:28:25Z,CLEAR,0.5,c2;threatfox_c2,https://threatfox.abuse.ch/export/csv/recent/
ipv4,149.28.61.158,text_feeds:threatfox_c2,2024-12-20T16:01:53Z,CLEAR,0.5,c2;threatfox_c2,https://threatfox.abuse.ch/export/csv/recent/
ipv4,149.30.222.243,text_feeds:threatfox_c2,2026-09-14T09:43:48Z,CLEAR,0.5,c2;threatfox_c2,https://threatfox.abuse.ch/export/csv/recent/
ipv4,149.50.135.215,text_feeds:threatfox_c2,2025-09-30T00:02:15Z,CLEAR,0.5,c2;threatfox_c2,https://threatfox.abuse.ch/export/csv/recent/
ipv4,149.56.12.202,text_feeds:threatfox_c2,2026-09-05T09:43:49Z,CLEAR,0.5,c2;threatfox_c2,https://threatfox.abuse.ch/export/csv/recent/
ipv4,149.56.206.68,text_feeds:threatfox_c2,2026-09-21T19:43:47Z,CLEAR,0.5,c2;threatfox_c2,https://threatfox.abuse.ch/export/csv/recent/
ipv4,149.88.73.83,text_feeds:threatfox_c2,2026-09-22T06:05:07Z,CLEAR,0.5,c2;threatfox_c2,https://threatfox.abuse.ch/export/csv/recent/
ipv4,149.88.76.74,text_feeds:threatfox_c2,2026-09-18T19:43:43Z,CLEAR,0.5,c2;threatfox_c2,https://threatfox.abuse.ch/export/csv/recent/
ipv4,15.152.249.154,text_feeds:threatfox_c2,2026-09-28T10:43:37Z,CLEAR,0.5,c2;threatfox_c2,https://threatfox.abuse.ch/export/csv/recent/
ipv4,15.168.12.234,text_feeds:threatfox_c2,2026-09-05T19:43:43Z,CLEAR,0.5,c2;threatfox_c2,https://threatfox.abuse.ch/export/csv/recent/
ipv4,15.204.14.143,text_feeds:threatfox_c2,2026-02-09T11:00:33Z,CLEAR,0.5,c2;threatfox_c2,https://threatfox.abuse.ch/export/csv/recent/
ipv4,15.204.253.8,text_feeds:threatfox_c2,2026-09-25T14:10:10Z,CLEAR,0.5,c2;threatfox_c2,https://threatfox.abuse.ch/export/csv/recent/
ipv4,15.204.95.228,text_feeds:threatfox_c2,2026-02-08T04:00:55Z,CLEAR,0.5,c2;threatfox_c2,https://threatfox.abuse.ch/export/csv/recent/
ipv4,15.235.149.212,text_feeds:threatfox_c2,2026-09-24T19:43:55Z,CLEAR,0.5,c2;threatfox_c2,https://threatfox.abuse.ch/export/csv/recent/
ipv4,15.235.204.60,text_feeds:threatfox_c2,2026-09-09T18:05:05Z,CLEAR,0.5,c2;threatfox_c2,https://threatfox.abuse.ch/export/csv/recent/
ipv4,15.235.97.50,text_feeds:threatfox_c2,2026-09-02T19:44:14Z,CLEAR,0.5,c2;threatfox_c2,https://threatfox.abuse.ch/export/csv/recent/
ipv4,150.158.102.111,text_feeds:threatfox_c2,2026-09-26T13:46:54Z,CLEAR,0.5,c2;threatfox_c2,https://threatfox.abuse.ch/export/csv/recent/
ipv4,150.158.119.242,text_feeds:threatfox_c2,2025-12-30T16:21:12Z,CLEAR,0.5,c2;threatfox_c2,https://threatfox.abuse.ch/export/csv/recent/
ipv4,150.158.170.241,text_feeds:threatfox_c2,2025-09-11T20:01:30Z,CLEAR,0.5,c2;threatfox_c2,https://threatfox.abuse.ch/export/csv/recent/
ipv4,150.187.25.242,text_feeds:threatfox_c2,2026-02-08T15:42:07Z,CLEAR,0.5,c2;threatfox_c2,https://threatfox.abuse.ch/export/csv/recent/
ipv4,150.241.203.12,text_feeds:threatfox_c2,2026-09-16T19:43:54Z,CLEAR,0.5,c2;threatfox_c2,https://threatfox.abuse.ch/export/csv/recent/
ipv4,150.241.66.55,text_feeds:threatfox_c2,2026-09-04T19:43:49Z,CLEAR,0.5,c2;threatfox_c2,https://threatfox.abuse.ch/export/csv/recent/
ipv4,150.40.98.51,text_feeds:threatfox_c2,2026-09-09T19:43:54Z,CLEAR,0.5,c2;threatfox_c2,https://threatfox.abuse.ch/export/csv/recent/
ipv4,151.236.20.3,text_feeds:threatfox_c2,2026-05-23T19:43:35Z,CLEAR,0.5,c2;threatfox_c2,https://threatfox.abuse.ch/export/csv/recent/
ipv4,151.236.21.109,text_feeds:threatfox_c2,2026-07-24T19:43:33Z,CLEAR,0.5,c2;threatfox_c2,https://threatfox.abuse.ch/export/csv/recent/
ipv4,151.242.63.126,text_feeds:threatfox_c2,2026-09-12T19:43:48Z,CLEAR,0.5,c2;threatfox_c2,https://threatfox.abuse.ch/export/csv/recent/
ipv4,151.243.101.44,text_feeds:threatfox_c2,2026-07-20T19:43:37Z,CLEAR,0.5,c2;threatfox_c2,https://threatfox.abuse.ch/export/csv/recent/
ipv4,152.136.139.105,text_feeds:threatfox_c2,2026-02-08T15:42:35Z,CLEAR,0.5,c2;threatfox_c2,https://threatfox.abuse.ch/export/csv/recent/
ipv4,152.136.178.142,text_feeds:threatfox_c2,2022-03-17T22:47:07Z,CLEAR,0.5,c2;threatfox_c2,https://threatfox.abuse.ch/export/csv/recent/
ipv4,152.136.253.101,text_feeds:threatfox_c2,2026-09-27T20:14:24Z,CLEAR,0.5,c2;threatfox_c2,https://threatfox.abuse.ch/export/csv/recent/
ipv4,152.32.132.177,text_feeds:threatfox_c2,2026-06-30T09:54:11Z,CLEAR,0.5,c2;threatfox_c2,https://threatfox.abuse.ch/export/csv/recent/
ipv4,152.32.202.240,text_feeds:threatfox_c2,2025-12-30T16:21:12Z,CLEAR,0.5,c2;threatfox_c2,https://threatfox.abuse.ch/export/csv/recent/
ipv4,152.32.251.78,text_feeds:threatfox_c2,2026-02-08T15:42:08Z,CLEAR,0.5,c2;threatfox_c2,https://threatfox.abuse.ch/export/csv/recent/
ipv4,152.42.196.145,text_feeds:threatfox_c2,2026-09-23T09:05:11Z,CLEAR,0.5,c2;threatfox_c2,https://threatfox.abuse.ch/export/csv/recent/
ipv4,153.142.13.183,text_feeds:threatfox_c2,2026-09-09T09:43:56Z,CLEAR,0.5,c2;threatfox_c2,https://threatfox.abuse.ch/export/csv/recent/
ipv4,153.52.177.141,text_feeds:threatfox_c2,2026-09-02T19:44:17Z,CLEAR,0.5,c2;threatfox_c2,https://threatfox.abuse.ch/export/csv/recent/
ipv4,153.56.180.134,text_feeds:threatfox_c2,2026-09-13T19:43:45Z,CLEAR,0.5,c2;threatfox_c2,https://threatfox.abuse.ch/export/csv/recent/
ipv4,153.75.235.15,text_feeds:threatfox_c2,2026-09-02T09:43:47Z,CLEAR,0.5,c2;threatfox_c2,https://threatfox.abuse.ch/export/csv/recent/
ipv4,153.75.251.188,text_feeds:threatfox_c2,2026-09-26T19:43:54Z,CLEAR,0.5,c2;threatfox_c2,https://threatfox.abuse.ch/export/csv/recent/
ipv4,153.75.95.181,text_feeds:threatfox_c2,2026-09-04T19:43:52Z,CLEAR,0.5,c2;threatfox_c2,https://threatfox.abuse.ch/export/csv/recent/
ipv4,153.80.242.105,text_feeds:threatfox_c2,2026-09-29T11:05:06Z,CLEAR,0.5,c2;threatfox_c2,https://threatfox.abuse.ch/export/csv/recent/
ipv4,154.12.117.217,text_feeds:threatfox_c2,2026-09-22T11:18:31Z,CLEAR,0.5,c2;threatfox_c2,https://threatfox.abuse.ch/export/csv/recent/
ipv4,154.12.94.16,text_feeds:threatfox_c2,2026-07-29T07:32:16Z,CLEAR,0.5,c2;threatfox_c2,https://threatfox.abuse.ch/export/csv/recent/
ipv4,154.13.7.183,text_feeds:threatfox_c2,2026-08-31T19:43:48Z,CLEAR,0.5,c2;threatfox_c2,https://threatfox.abuse.ch/export/csv/recent/
ipv4,154.13.7.196,text_feeds:threatfox_c2,2026-09-10T09:43:58Z,CLEAR,0.5,c2;threatfox_c2,https://threatfox.abuse.ch/export/csv/recent/
ipv4,154.18.238.18,text_feeds:threatfox_c2,2026-09-16T19:43:58Z,CLEAR,0.5,c2;threatfox_c2,https://threatfox.abuse.ch/export/csv/recent/
ipv4,154.18.239.166,text_feeds:threatfox_c2,2026-09-26T19:43:55Z,CLEAR,0.5,c2;threatfox_c2,https://threatfox.abuse.ch/export/csv/recent/
ipv4,154.193.158.158,text_feeds:threatfox_c2,2026-09-28T10:43:40Z,CLEAR,0.5,c2;threatfox_c2,https://threatfox.abuse.ch/export/csv/recent/
ipv4,154.193.158.159,text_feeds:threatfox_c2,2026-09-28T10:43:40Z,CLEAR,0.5,c2;threatfox_c2,https://threatfox.abuse.ch/export/csv/recent/
ipv4,154.193.158.160,text_feeds:threatfox_c2,2026-09-28T10:43:40Z,CLEAR,0.5,c2;threatfox_c2,https://threatfox.abuse.ch/export/csv/recent/
ipv4,154.193.158.239,text_feeds:threatfox_c2,2026-09-28T10:43:40Z,CLEAR,0.5,c2;threatfox_c2,https://threatfox.abuse.ch/export/csv/recent/
ipv4,154.193.158.38,text_feeds:threatfox_c2,2026-09-28T10:43:40Z,CLEAR,0.5,c2;threatfox_c2,https://threatfox.abuse.ch/export/csv/recent/
ipv4,154.193.159.139,text_feeds:threatfox_c2,2026-09-29T09:43:39Z,CLEAR,0.5,c2;threatfox_c2,https://threatfox.abuse.ch/export/csv/recent/
ipv4,154.193.160.246,text_feeds:threatfox_c2,2026-09-28T10:43:40Z,CLEAR,0.5,c2;threatfox_c2,https://threatfox.abuse.ch/export/csv/recent/
ipv4,154.193.160.247,text_feeds:threatfox_c2,2026-09-28T10:43:40Z,CLEAR,0.5,c2;threatfox_c2,https://threatfox.abuse.ch/export/csv/recent/
ipv4,154.194.50.252,text_feeds:threatfox_c2,2026-07-29T19:43:42Z,CLEAR,0.5,c2;threatfox_c2,https://threatfox.abuse.ch/export/csv/recent/
ipv4,154.197.141.246,text_feeds:threatfox_c2,2026-09-05T13:47:52Z,CLEAR,0.5,c2;threatfox_c2,https://threatfox.abuse.ch/export/csv/recent/
ipv4,154.197.141.252,text_feeds:threatfox_c2,2026-09-05T13:47:53Z,CLEAR,0.5,c2;threatfox_c2,https://threatfox.abuse.ch/export/csv/recent/
ipv4,154.198.49.31,text_feeds:threatfox_c2,2026-08-23T11:05:04Z,CLEAR,0.5,c2;threatfox_c2,https://threatfox.abuse.ch/export/csv/recent/
ipv4,154.201.74.112,text_feeds:threatfox_c2,2026-02-08T15:42:08Z,CLEAR,0.5,c2;threatfox_c2,https://threatfox.abuse.ch/export/csv/recent/
ipv4,154.201.82.105,text_feeds:threatfox_c2,2026-08-28T19:43:39Z,CLEAR,0.5,c2;threatfox_c2,https://threatfox.abuse.ch/export/csv/recent/
ipv4,154.201.82.106,text_feeds:threatfox_c2,2026-08-27T19:43:53Z,CLEAR,0.5,c2;threatfox_c2,https://threatfox.abuse.ch/export/csv/recent/
ipv4,154.201.82.108,text_feeds:threatfox_c2,2026-08-28T19:43:40Z,CLEAR,0.5,c2;threatfox_c2,https://threatfox.abuse.ch/export/csv/recent/
ipv4,154.201.91.224,text_feeds:threatfox_c2,2026-02-08T15:42:34Z,CLEAR,0.5,c2;threatfox_c2,https://threatfox.abuse.ch/export/csv/recent/
ipv4,154.205.145.109,text_feeds:threatfox_c2,2025-11-10T16:02:55Z,CLEAR,0.5,c2;threatfox_c2,https://threatfox.abuse.ch/export/csv/recent/
ipv4,154.205.175.206,text_feeds:threatfox_c2,2026-09-11T09:43:55Z,CLEAR,0.5,c2;threatfox_c2,https://threatfox.abuse.ch/export/csv/recent/
ipv4,154.211.89.86,text_feeds:threatfox_c2,2026-09-04T09:44:14Z,CLEAR,0.5,c2;threatfox_c2,https://threatfox.abuse.ch/export/csv/recent/
ipv4,154.214.2.223,text_feeds:threatfox_c2,2026-09-14T09:43:55Z,CLEAR,0.5,c2;threatfox_c2,https://threatfox.abuse.ch/export/csv/recent/
ipv4,154.216.139.17,text_feeds:threatfox_c2,2026-09-19T09:43:53Z,CLEAR,0.5,c2;threatfox_c2,https://threatfox.abuse.ch/export/csv/recent/
ipv4,154.219.101.56,text_feeds:threatfox_c2,2026-09-27T19:23:07Z,CLEAR,0.5,c2;threatfox_c2,https://threatfox.abuse.ch/export/csv/recent/
ipv4,154.219.115.123,text_feeds:threatfox_c2,2026-05-04T20:44:43Z,CLEAR,0.5,c2;threatfox_c2,https://threatfox.abuse.ch/export/csv/recent/
ipv4,154.22.117.31,text_feeds:threatfox_c2,2022-09-17T21:24:41Z,CLEAR,0.5,c2;threatfox_c2,https://threatfox.abuse.ch/export/csv/recent/
ipv4,154.221.17.44,text_feeds:threatfox_c2,2024-10-02T06:31:45Z,CLEAR,0.5,c2;threatfox_c2,https://threatfox.abuse.ch/export/csv/recent/
ipv4,154.221.25.38,text_feeds:threatfox_c2,2026-08-06T13:05:05Z,CLEAR,0.5,c2;threatfox_c2,https://threatfox.abuse.ch/export/csv/recent/
ipv4,154.30.3.135,text_feeds:threatfox_c2,2026-09-27T19:43:38Z,CLEAR,0.5,c2;threatfox_c2,https://threatfox.abuse.ch/export/csv/recent/
ipv4,154.36.161.180,text_feeds:threatfox_c2,2026-09-16T09:44:06Z,CLEAR,0.5,c2;threatfox_c2,https://threatfox.abuse.ch/export/csv/recent/
ipv4,154.36.165.171,text_feeds:threatfox_c2,2026-09-04T09:44:15Z,CLEAR,0.5,c2;threatfox_c2,https://threatfox.abuse.ch/export/csv/recent/
ipv4,154.36.188.124,text_feeds:threatfox_c2,2026-09-28T23:20:30Z,CLEAR,0.5,c2;threatfox_c2,https://threatfox.abuse.ch/export/csv/recent/
ipv4,154.37.154.36,text_feeds:threatfox_c2,2026-08-06T19:43:38Z,CLEAR,0.5,c2;threatfox_c2,https://threatfox.abuse.ch/export/csv/recent/
ipv4,154.37.213.27,text_feeds:threatfox_c2,2026-08-28T09:43:52Z,CLEAR,0.5,c2;threatfox_c2,https://threatfox.abuse.ch/export/csv/recent/
ipv4,154.37.218.235,text_feeds:threatfox_c2,2026-09-09T09:44:00Z,CLEAR,0.5,c2;threatfox_c2,https://threatfox.abuse.ch/export/csv/recent/
ipv4,154.37.218.73,text_feeds:threatfox_c2,2026-09-04T15:48:12Z,CLEAR,0.5,c2;threatfox_c2,https://threatfox.abuse.ch/export/csv/recent/
ipv4,154.38.114.115,text_feeds:threatfox_c2,2026-05-31T21:46:19Z,CLEAR,0.5,c2;threatfox_c2,https://threatfox.abuse.ch/export/csv/recent/
ipv4,154.38.116.247,text_feeds:threatfox_c2,2026-01-16T11:10:18Z,CLEAR,0.5,c2;threatfox_c2,https://threatfox.abuse.ch/export/csv/recent/
ipv4,154.40.62.125,text_feeds:threatfox_c2,2026-08-11T19:43:44Z,CLEAR,0.5,c2;threatfox_c2,https://threatfox.abuse.ch/export/csv/recent/
ipv4,154.46.30.12,text_feeds:threatfox_c2,2026-09-10T19:43:58Z,CLEAR,0.5,c2;threatfox_c2,https://threatfox.abuse.ch/export/csv/recent/
ipv4,154.81.34.26,text_feeds:threatfox_c2,2026-09-26T12:44:00Z,CLEAR,0.5,c2;threatfox_c2,https://threatfox.abuse.ch/export/csv/recent/
ipv4,154.83.12.132,text_feeds:threatfox_c2,2026-03-23T21:06:09Z,CLEAR,0.5,c2;threatfox_c2,https://threatfox.abuse.ch/export/csv/recent/
ipv4,154.86.105.20,text_feeds:threatfox_c2,2026-09-20T19:43:56Z,CLEAR,0.5,c2;threatfox_c2,https://threatfox.abuse.ch/export/csv/recent/
ipv4,154.86.14.17,text_feeds:threatfox_c2,2026-09-19T09:43:54Z,CLEAR,0.5,c2;threatfox_c2,https://threatfox.abuse.ch/export/csv/recent/
ipv4,154.86.96.35,text_feeds:threatfox_c2,2026-09-28T19:43:53Z,CLEAR,0.5,c2;threatfox_c2,https://threatfox.abuse.ch/export/csv/recent/
ipv4,154.91.85.44,text_feeds:threatfox_c2,2026-08-16T23:47:26Z,CLEAR,0.5,c2;threatfox_c2,https://threatfox.abuse.ch/export/csv/recent/
ipv4,154.92.15.229,text_feeds:threatfox_c2,2025-09-28T15:48:32Z,CLEAR,0.5,c2;threatfox_c2,https://threatfox.abuse.ch/export/csv/recent/
ipv4,154.92.252.62,text_feeds:threatfox_c2,2026-09-25T19:43:55Z,CLEAR,0.5,c2;threatfox_c2,https://threatfox.abuse.ch/export/csv/recent/
ipv4,154.94.224.35,text_feeds:threatfox_c2,2026-09-03T11:48:21Z,CLEAR,0.5,c2;threatfox_c2,https://threatfox.abuse.ch/export/csv/recent/
ipv4,154.94.237.203,text_feeds:threatfox_c2,2026-08-29T23:46:49Z,CLEAR,0.5,c2;threatfox_c2,https://threatfox.abuse.ch/export/csv/recent/
ipv4,155.102.133.61,text_feeds:threatfox_c2,2025-12-18T18:44:36Z,CLEAR,0.5,c2;threatfox_c2,https://threatfox.abuse.ch/export/csv/recent/
ipv4,155.102.136.60,text_feeds:threatfox_c2,2026-05-26T19:43:28Z,CLEAR,0.5,c2;threatfox_c2,https://threatfox.abuse.ch/export/csv/recent/
ipv4,155.102.62.60,text_feeds:threatfox_c2,2025-12-25T18:44:15Z,CLEAR,0.5,c2;threatfox_c2,https://threatfox.abuse.ch/export/csv/recent/
ipv4,155.103.69.239,text_feeds:threatfox_c2,2026-09-23T15:47:48Z,CLEAR,0.5,c2;threatfox_c2,https://threatfox.abuse.ch/export/csv/recent/
ipv4,155.103.69.57,text_feeds:threatfox_c2,2026-09-24T08:07:23Z,CLEAR,0.5,c2;threatfox_c2,https://threatfox.abuse.ch/export/csv/recent/
ipv4,155.103.69.61,text_feeds:threatfox_c2,2026-09-29T07:50:51Z,CLEAR,0.5,c2;threatfox_c2,https://threatfox.abuse.ch/export/csv/recent/
ipv4,155.103.69.85,text_feeds:threatfox_c2,2026-09-24T16:15:43Z,CLEAR,0.5,c2;threatfox_c2,https://threatfox.abuse.ch/export/csv/recent/
ipv4,155.103.70.232,text_feeds:threatfox_c2,2026-09-01T10:52:17Z,CLEAR,0.5,c2;threatfox_c2,https://threatfox.abuse.ch/export/csv/recent/
ipv4,155.103.71.115,text_feeds:threatfox_c2,2026-09-29T07:35:33Z,CLEAR,0.5,c2;threatfox_c2,https://threatfox.abuse.ch/export/csv/recent/
ipv4,155.103.71.233,text_feeds:threatfox_c2,2026-09-22T13:15:18Z,CLEAR,0.5,c2;threatfox_c2,https://threatfox.abuse.ch/export/csv/recent/
ipv4,155.103.71.242,text_feeds:threatfox_c2,2026-09-24T09:11:10Z,CLEAR,0.5,c2;threatfox_c2,https://threatfox.abuse.ch/export/csv/recent/
ipv4,155.117.183.31,text_feeds:threatfox_c2,2026-08-27T09:43:53Z,CLEAR,0.5,c2;threatfox_c2,https://threatfox.abuse.ch/export/csv/recent/
ipv4,155.138.215.87,text_feeds:threatfox_c2,2026-09-04T19:43:56Z,CLEAR,0.5,c2;threatfox_c2,https://threatfox.abuse.ch/export/csv/recent/
ipv4,155.2.192.251,text_feeds:threatfox_c2,2026-09-13T19:43:50Z,CLEAR,0.5,c2;threatfox_c2,https://threatfox.abuse.ch/export/csv/recent/
ipv4,155.94.150.221,text_feeds:threatfox_c2,2026-08-15T09:43:45Z,CLEAR,0.5,c2;threatfox_c2,https://threatfox.abuse.ch/export/csv/recent/
ipv4,155.94.163.75,text_feeds:threatfox_c2,2026-06-27T19:43:32Z,CLEAR,0.5,c2;threatfox_c2,https://threatfox.abuse.ch/export/csv/recent/
ipv4,156.223.177.158,text_feeds:threatfox_c2,2026-09-28T09:58:31Z,CLEAR,0.5,c2;threatfox_c2,https://threatfox.abuse.ch/export/csv/recent/
ipv4,156.225.18.45,text_feeds:threatfox_c2,2026-08-21T11:47:46Z,CLEAR,0.5,c2;threatfox_c2,https://threatfox.abuse.ch/export/csv/recent/
ipv4,156.225.20.77,text_feeds:threatfox_c2,2025-12-30T16:21:11Z,CLEAR,0.5,c2;threatfox_c2,https://threatfox.abuse.ch/export/csv/recent/
ipv4,156.227.233.153,text_feeds:threatfox_c2,2025-06-25T04:00:19Z,CLEAR,0.5,c2;threatfox_c2,https://threatfox.abuse.ch/export/csv/recent/
ipv4,156.233.233.134,text_feeds:threatfox_c2,2026-02-08T15:42:34Z,CLEAR,0.5,c2;threatfox_c2,https://threatfox.abuse.ch/export/csv/recent/
ipv4,156.234.79.42,text_feeds:threatfox_c2,2026-09-29T12:48:58Z,CLEAR,0.5,c2;threatfox_c2,https://threatfox.abuse.ch/export/csv/recent/
ipv4,156.236.76.31,text_feeds:threatfox_c2,2026-09-25T19:43:56Z,CLEAR,0.5,c2;threatfox_c2,https://threatfox.abuse.ch/export/csv/recent/
ipv4,156.238.120.12,text_feeds:threatfox_c2,2026-09-05T09:43:58Z,CLEAR,0.5,c2;threatfox_c2,https://threatfox.abuse.ch/export/csv/recent/
ipv4,156.238.233.131,text_feeds:threatfox_c2,2026-09-27T09:43:44Z,CLEAR,0.5,c2;threatfox_c2,https://threatfox.abuse.ch/export/csv/recent/
ipv4,156.239.224.131,text_feeds:threatfox_c2,2026-09-27T20:14:26Z,CLEAR,0.5,c2;threatfox_c2,https://threatfox.abuse.ch/export/csv/recent/
ipv4,156.239.252.191,text_feeds:threatfox_c2,2026-03-22T18:02:20Z,CLEAR,0.5,c2;threatfox_c2,https://threatfox.abuse.ch/export/csv/recent/
ipv4,156.239.4.189,text_feeds:threatfox_c2,2026-09-29T12:39:53Z,CLEAR,0.5,c2;threatfox_c2,https://threatfox.abuse.ch/export/csv/recent/
ipv4,156.239.47.147,text_feeds:threatfox_c2,2026-06-23T19:43:29Z,CLEAR,0.5,c2;threatfox_c2,https://threatfox.abuse.ch/export/csv/recent/
ipv4,156.240.108.46,text_feeds:threatfox_c2,2026-09-06T07:54:15Z,CLEAR,0.5,c2;threatfox_c2,https://threatfox.abuse.ch/export/csv/recent/
ipv4,156.245.248.173,text_feeds:threatfox_c2,2025-11-25T10:49:55Z,CLEAR,0.5,c2;threatfox_c2,https://threatfox.abuse.ch/export/csv/recent/
ipv4,156.247.40.162,text_feeds:threatfox_c2,2026-09-29T12:47:32Z,CLEAR,0.5,c2;threatfox_c2,https://threatfox.abuse.ch/export/csv/recent/
ipv4,156.247.40.170,text_feeds:threatfox_c2,2026-09-29T12:48:18Z,CLEAR,0.5,c2;threatfox_c2,https://threatfox.abuse.ch/export/csv/recent/
ipv4,156.247.40.190,text_feeds:threatfox_c2,2026-06-04T09:43:29Z,CLEAR,0.5,c2;threatfox_c2,https://threatfox.abuse.ch/export/csv/recent/
ipv4,156.247.62.115,text_feeds:threatfox_c2,2026-09-06T19:43:51Z,CLEAR,0.5,c2;threatfox_c2,https://threatfox.abuse.ch/export/csv/recent/
ipv4,156.252.90.169,text_feeds:threatfox_c2,2026-09-27T19:43:41Z,CLEAR,0.5,c2;threatfox_c2,https://threatfox.abuse.ch/export/csv/recent/
ipv4,156.252.90.238,text_feeds:threatfox_c2,2026-09-27T19:43:41Z,CLEAR,0.5,c2;threatfox_c2,https://threatfox.abuse.ch/export/csv/recent/
ipv4,156.252.91.25,text_feeds:threatfox_c2,2026-09-29T09:43:44Z,CLEAR,0.5,c2;threatfox_c2,https://threatfox.abuse.ch/export/csv/recent/
ipv4,156.252.91.7,text_feeds:threatfox_c2,2026-09-28T19:43:56Z,CLEAR,0.5,c2;threatfox_c2,https://threatfox.abuse.ch/export/csv/recent/
ipv4,156.254.20.46,text_feeds:threatfox_c2,2026-09-13T06:33:54Z,CLEAR,0.5,c2;threatfox_c2,https://threatfox.abuse.ch/export/csv/recent/
ipv4,156.254.20.47,text_feeds:threatfox_c2,2026-09-24T03:47:41Z,CLEAR,0.5,c2;threatfox_c2,https://threatfox.abuse.ch/export/csv/recent/
ipv4,156.254.20.48,text_feeds:threatfox_c2,2026-09-24T03:47:41Z,CLEAR,0.5,c2;threatfox_c2,https://threatfox.abuse.ch/export/csv/recent/
ipv4,157.173.195.214,text_feeds:threatfox_c2,2026-09-15T09:43:58Z,CLEAR,0.5,c2;threatfox_c2,https://threatfox.abuse.ch/export/csv/recent/
ipv4,157.20.182.21,text_feeds:threatfox_c2,2026-09-03T19:43:54Z,CLEAR,0.5,c2;threatfox_c2,https://threatfox.abuse.ch/export/csv/recent/
ipv4,157.20.182.22,text_feeds:threatfox_c2,2026-09-02T19:44:24Z,CLEAR,0.5,c2;threatfox_c2,https://threatfox.abuse.ch/export/csv/recent/
ipv4,157.22.240.126,text_feeds:threatfox_c2,2026-08-25T12:36:04Z,CLEAR,0.5,c2;threatfox_c2,https://threatfox.abuse.ch/export/csv/recent/
ipv4,157.230.7.115,text_feeds:threatfox_c2,2026-09-18T19:43:53Z,CLEAR,0.5,c2;threatfox_c2,https://threatfox.abuse.ch/export/csv/recent/
ipv4,157.230.9.172,text_feeds:threatfox_c2,2026-09-29T16:36:53Z,CLEAR,0.5,c2;threatfox_c2,https://threatfox.abuse.ch/export/csv/recent/
ipv4,157.245.228.139,text_feeds:threatfox_c2,2026-07-28T09:43:54Z,CLEAR,0.5,c2;threatfox_c2,https://threatfox.abuse.ch/export/csv/recent/
ipv4,157.245.76.251,text_feeds:threatfox_c2,2026-09-14T08:01:55Z,CLEAR,0.5,c2;threatfox_c2,https://threatfox.abuse.ch/export/csv/recent/
ipv4,157.254.194.45,text_feeds:threatfox_c2,2026-08-31T09:44:14Z,CLEAR,0.5,c2;threatfox_c2,https://threatfox.abuse.ch/export/csv/recent/
ipv4,158.158.0.196,text_feeds:threatfox_c2,2025-06-20T20:02:50Z,CLEAR,0.5,c2;threatfox_c2,https://threatfox.abuse.ch/export/csv/recent/
ipv4,158.158.17.236,text_feeds:threatfox_c2,2026-09-10T19:44:04Z,CLEAR,0.5,c2;threatfox_c2,https://threatfox.abuse.ch/export/csv/recent/
ipv4,158.158.18.61,text_feeds:threatfox_c2,2026-09-02T06:05:06Z,CLEAR,0.5,c2;threatfox_c2,https://threatfox.abuse.ch/export/csv/recent/
ipv4,158.158.8.193,text_feeds:threatfox_c2,2026-01-23T08:45:57Z,CLEAR,0.5,c2;threatfox_c2,https://threatfox.abuse.ch/export/csv/recent/
ipv4,158.220.115.82,text_feeds:threatfox_c2,2024-05-24T16:54:06Z,CLEAR,0.5,c2;threatfox_c2,https://threatfox.abuse.ch/export/csv/recent/
ipv4,158.220.96.15,text_feeds:threatfox_c2,2026-08-26T19:43:49Z,CLEAR,0.5,c2;threatfox_c2,https://threatfox.abuse.ch/export/csv/recent/
ipv4,158.247.202.60,text_feeds:threatfox_c2,2026-09-15T09:44:00Z,CLEAR,0.5,c2;threatfox_c2,https://threatfox.abuse.ch/export/csv/recent/
ipv4,158.62.198.77,text_feeds:threatfox_c2,2026-09-01T19:43:49Z,CLEAR,0.5,c2;threatfox_c2,https://threatfox.abuse.ch/export/csv/recent/
ipv4,158.69.213.104,text_feeds:threatfox_c2,2026-09-02T09:43:56Z,CLEAR,0.5,c2;threatfox_c2,https://threatfox.abuse.ch/export/csv/recent/
ipv4,158.94.209.209,text_feeds:threatfox_c2,2026-09-11T19:44:09Z,CLEAR,0.5,c2;threatfox_c2,https://threatfox.abuse.ch/export/csv/recent/
ipv4,158.94.210.177,text_feeds:threatfox_c2,2026-09-25T19:44:01Z,CLEAR,0.5,c2;threatfox_c2,https://threatfox.abuse.ch/export/csv/recent/
ipv4,158.94.211.158,text_feeds:threatfox_c2,2026-09-03T19:43:57Z,CLEAR,0.5,c2;threatfox_c2,https://threatfox.abuse.ch/export/csv/recent/
ipv4,159.194.232.217,text_feeds:threatfox_c2,2026-09-07T19:43:57Z,CLEAR,0.5,c2;threatfox_c2,https://threatfox.abuse.ch/export/csv/recent/
ipv4,159.195.242.22,text_feeds:threatfox_c2,2026-08-27T19:44:07Z,CLEAR,0.5,c2;threatfox_c2,https://threatfox.abuse.ch/export/csv/recent/
ipv4,159.198.32.64,text_feeds:threatfox_c2,2026-09-17T09:44:19Z,CLEAR,0.5,c2;threatfox_c2,https://threatfox.abuse.ch/export/csv/recent/
ipv4,159.198.75.180,text_feeds:threatfox_c2,2026-08-29T19:05:06Z,CLEAR,0.5,c2;threatfox_c2,https://threatfox.abuse.ch/export/csv/recent/
ipv4,159.223.108.19,text_feeds:threatfox_c2,2026-09-29T06:28:13Z,CLEAR,0.5,c2;threatfox_c2,https://threatfox.abuse.ch/export/csv/recent/
ipv4,159.223.145.166,text_feeds:threatfox_c2,2026-08-17T19:43:56Z,CLEAR,0.5,c2;threatfox_c2,https://threatfox.abuse.ch/export/csv/recent/
ipv4,159.65.246.188,text_feeds:threatfox_c2,2022-02-22T16:42:29Z,CLEAR,0.5,c2;threatfox_c2,https://threatfox.abuse.ch/export/csv/recent/
ipv4,159.65.42.43,text_feeds:threatfox_c2,2026-07-02T09:43:38Z,CLEAR,0.5,c2;threatfox_c2,https://threatfox.abuse.ch/export/csv/recent/
ipv4,159.75.123.199,text_feeds:threatfox_c2,2026-08-11T23:47:15Z,CLEAR,0.5,c2;threatfox_c2,https://threatfox.abuse.ch/export/csv/recent/
ipv4,159.75.146.232,text_feeds:threatfox_c2,2025-05-22T12:58:28Z,CLEAR,0.5,c2;threatfox_c2,https://threatfox.abuse.ch/export/csv/recent/
ipv4,159.75.176.189,text_feeds:threatfox_c2,2026-03-17T08:00:12Z,CLEAR,0.5,c2;threatfox_c2,https://threatfox.abuse.ch/export/csv/recent/
ipv4,159.75.211.248,text_feeds:threatfox_c2,2025-09-22T14:51:05Z,CLEAR,0.5,c2;threatfox_c2,https://threatfox.abuse.ch/export/csv/recent/
ipv4,16.171.13.191,text_feeds:threatfox_c2,2025-12-30T16:04:05Z,CLEAR,0.5,c2;threatfox_c2,https://threatfox.abuse.ch/export/csv/recent/
ipv4,16.208.130.160,text_feeds:threatfox_c2,2026-09-23T09:44:02Z,CLEAR,0.5,c2;threatfox_c2,https://threatfox.abuse.ch/export/csv/recent/
ipv4,16.5.7.159,text_feeds:threatfox_c2,2026-09-11T09:44:06Z,CLEAR,0.5,c2;threatfox_c2,https://threatfox.abuse.ch/export/csv/recent/
ipv4,160.119.69.21,text_feeds:threatfox_c2,2026-07-29T08:57:33Z,CLEAR,0.5,c2;threatfox_c2,https://threatfox.abuse.ch/export/csv/recent/
ipv4,160.119.69.30,text_feeds:threatfox_c2,2026-08-30T19:43:51Z,CLEAR,0.5,c2;threatfox_c2,https://threatfox.abuse.ch/export/csv/recent/
ipv4,160.179.226.78,text_feeds:threatfox_c2,2026-09-08T19:44:08Z,CLEAR,0.5,c2;threatfox_c2,https://threatfox.abuse.ch/export/csv/recent/
ipv4,160.179.230.137,text_feeds:threatfox_c2,2026-09-07T19:43:59Z,CLEAR,0.5,c2;threatfox_c2,https://threatfox.abuse.ch/export/csv/recent/
ipv4,160.191.88.70,text_feeds:threatfox_c2,2026-09-13T09:44:09Z,CLEAR,0.5,c2;threatfox_c2,https://threatfox.abuse.ch/export/csv/recent/
ipv4,160.20.109.52,text_feeds:threatfox_c2,2026-08-05T09:44:00Z,CLEAR,0.5,c2;threatfox_c2,https://threatfox.abuse.ch/export/csv/recent/
ipv4,160.25.72.34,text_feeds:threatfox_c2,2026-07-15T07:00:55Z,CLEAR,0.5,c2;threatfox_c2,https://threatfox.abuse.ch/export/csv/recent/
ipv4,160.250.181.159,text_feeds:threatfox_c2,2026-09-22T19:44:03Z,CLEAR,0.5,c2;threatfox_c2,https://threatfox.abuse.ch/export/csv/recent/
ipv4,160.250.5.251,text_feeds:threatfox_c2,2026-09-25T09:44:10Z,CLEAR,0.5,c2;threatfox_c2,https://threatfox.abuse.ch/export/csv/recent/
ipv4,161.248.179.24,text_feeds:threatfox_c2,2026-09-20T05:32:54Z,CLEAR,0.5,c2;threatfox_c2,https://threatfox.abuse.ch/export/csv/recent/
ipv4,161.248.179.92,text_feeds:threatfox_c2,2026-09-25T09:44:10Z,CLEAR,0.5,c2;threatfox_c2,https://threatfox.abuse.ch/export/csv/recent/
ipv4,161.35.137.163,text_feeds:threatfox_c2,2022-02-21T16:52:19Z,CLEAR,0.5,c2;threatfox_c2,https://threatfox.abuse.ch/export/csv/recent/
ipv4,161.35.173.98,text_feeds:threatfox_c2,2026-08-29T23:46:50Z,CLEAR,0.5,c2;threatfox_c2,https://threatfox.abuse.ch/export/csv/recent/
ipv4,161.35.176.231,text_feeds:threatfox_c2,2025-05-29T22:26:34Z,CLEAR,0.5,c2;threatfox_c2,https://threatfox.abuse.ch/export/csv/recent/
ipv4,161.35.239.147,text_feeds:threatfox_c2,2024-01-10T06:48:20Z,CLEAR,0.5,c2;threatfox_c2,https://threatfox.abuse.ch/export/csv/recent/
ipv4,162.14.124.25,text_feeds:threatfox_c2,2026-05-01T02:43:08Z,CLEAR,0.5,c2;threatfox_c2,https://threatfox.abuse.ch/export/csv/recent/
ipv4,162.141.69.37,text_feeds:threatfox_c2,2026-09-11T09:44:08Z,CLEAR,0.5,c2;threatfox_c2,https://threatfox.abuse.ch/export/csv/recent/
ipv4,162.243.160.70,text_feeds:threatfox_c2,2026-08-30T19:43:52Z,CLEAR,0.5,c2;threatfox_c2,https://threatfox.abuse.ch/export/csv/recent/
ipv4,162.248.224.223,text_feeds:threatfox_c2,2025-06-08T20:45:49Z,CLEAR,0.5,c2;threatfox_c2,https://threatfox.abuse.ch/export/csv/recent/
ipv4,162.248.225.165,text_feeds:threatfox_c2,2026-05-29T19:43:42Z,CLEAR,0.5,c2;threatfox_c2,https://threatfox.abuse.ch/export/csv/recent/
ipv4,162.251.92.64,text_feeds:threatfox_c2,2026-08-29T11:48:21Z,CLEAR,0.5,c2;threatfox_c2,https://threatfox.abuse.ch/export/csv/recent/
ipv4,162.252.173.12,text_feeds:threatfox_c2,2025-01-31T13:44:30Z,CLEAR,0.5,c2;threatfox_c2,https://threatfox.abuse.ch/export/csv/recent/
ipv4,162.33.177.101,text_feeds:threatfox_c2,2026-09-22T19:44:05Z,CLEAR,0.5,c2;threatfox_c2,https://threatfox.abuse.ch/export/csv/recent/
ipv4,162.35.100.184,text_feeds:threatfox_c2,2026-09-11T09:44:09Z,CLEAR,0.5,c2;threatfox_c2,https://threatfox.abuse.ch/export/csv/recent/
ipv4,162.35.105.100,text_feeds:threatfox_c2,2026-08-21T09:44:04Z,CLEAR,0.5,c2;threatfox_c2,https://threatfox.abuse.ch/export/csv/recent/
ipv4,162.35.107.168,text_feeds:threatfox_c2,2026-09-13T09:44:11Z,CLEAR,0.5,c2;threatfox_c2,https://threatfox.abuse.ch/export/csv/recent/
ipv4,162.35.122.126,text_feeds:threatfox_c2,2026-09-12T03:47:27Z,CLEAR,0.5,c2;threatfox_c2,https://threatfox.abuse.ch/export/csv/recent/
ipv4,162.35.161.206,text_feeds:threatfox_c2,2026-09-02T09:44:01Z,CLEAR,0.5,c2;threatfox_c2,https://threatfox.abuse.ch/export/csv/recent/
ipv4,163.172.174.237,text_feeds:threatfox_c2,2026-06-04T19:43:27Z,CLEAR,0.5,c2;threatfox_c2,https://threatfox.abuse.ch/export/csv/recent/
ipv4,163.172.248.3,text_feeds:threatfox_c2,2026-09-28T19:44:04Z,CLEAR,0.5,c2;threatfox_c2,https://threatfox.abuse.ch/export/csv/recent/
ipv4,163.181.208.79,text_feeds:threatfox_c2,2026-02-20T08:46:17Z,CLEAR,0.5,c2;threatfox_c2,https://threatfox.abuse.ch/export/csv/recent/
ipv4,163.181.213.114,text_feeds:threatfox_c2,2025-12-28T18:44:20Z,CLEAR,0.5,c2;threatfox_c2,https://threatfox.abuse.ch/export/csv/recent/
ipv4,163.181.46.56,text_feeds:threatfox_c2,2026-05-18T09:43:30Z,CLEAR,0.5,c2;threatfox_c2,https://threatfox.abuse.ch/export/csv/recent/
ipv4,163.5.210.229,text_feeds:threatfox_c2,2026-08-29T09:44:04Z,CLEAR,0.5,c2;threatfox_c2,https://threatfox.abuse.ch/export/csv/recent/
ipv4,163.5.210.247,text_feeds:threatfox_c2,2026-09-10T21:44:10Z,CLEAR,0.5,c2;threatfox_c2,https://threatfox.abuse.ch/export/csv/recent/
ipv4,163.5.63.72,text_feeds:threatfox_c2,2026-09-29T06:28:37Z,CLEAR,0.5,c2;threatfox_c2,https://threatfox.abuse.ch/export/csv/recent/
ipv4,164.132.104.177,text_feeds:threatfox_c2,2026-09-02T19:44:33Z,CLEAR,0.5,c2;threatfox_c2,https://threatfox.abuse.ch/export/csv/recent/
ipv4,164.160.187.69,text_feeds:threatfox_c2,2026-08-17T19:44:00Z,CLEAR,0.5,c2;threatfox_c2,https://threatfox.abuse.ch/export/csv/recent/
ipv4,164.68.123.50,text_feeds:threatfox_c2,2026-07-08T19:43:45Z,CLEAR,0.5,c2;threatfox_c2,https://threatfox.abuse.ch/export/csv/recent/
ipv4,164.90.158.199,text_feeds:threatfox_c2,2023-01-28T09:40:24Z,CLEAR,0.5,c2;threatfox_c2,https://threatfox.abuse.ch/export/csv/recent/
ipv4,164.90.205.13,text_feeds:threatfox_c2,2026-08-19T19:43:59Z,CLEAR,0.5,c2;threatfox_c2,https://threatfox.abuse.ch/export/csv/recent/
ipv4,164.92.152.141,text_feeds:threatfox_c2,2026-09-14T08:01:55Z,CLEAR,0.5,c2;threatfox_c2,https://threatfox.abuse.ch/export/csv/recent/
ipv4,164.92.197.127,text_feeds:threatfox_c2,2026-09-25T11:47:15Z,CLEAR,0.5,c2;threatfox_c2,https://threatfox.abuse.ch/export/csv/recent/
ipv4,164.92.70.225,text_feeds:threatfox_c2,2022-12-30T19:46:51Z,CLEAR,0.5,c2;threatfox_c2,https://threatfox.abuse.ch/export/csv/recent/
ipv4,164.92.79.49,text_feeds:threatfox_c2,2024-01-13T06:47:25Z,CLEAR,0.5,c2;threatfox_c2,https://threatfox.abuse.ch/export/csv/recent/
ipv4,165.154.125.212,text_feeds:threatfox_c2,2026-02-08T15:42:34Z,CLEAR,0.5,c2;threatfox_c2,https://threatfox.abuse.ch/export/csv/recent/
ipv4,165.154.225.239,text_feeds:threatfox_c2,2025-11-07T02:49:37Z,CLEAR,0.5,c2;threatfox_c2,https://threatfox.abuse.ch/export/csv/recent/
ipv4,165.154.244.73,text_feeds:threatfox_c2,2025-12-30T16:21:11Z,CLEAR,0.5,c2;threatfox_c2,https://threatfox.abuse.ch/export/csv/recent/
ipv4,165.154.68.30,text_feeds:threatfox_c2,2026-09-12T13:48:18Z,CLEAR,0.5,c2;threatfox_c2,https://threatfox.abuse.ch/export/csv/recent/
ipv4,165.22.104.177,text_feeds:threatfox_c2,2026-09-29T12:43:45Z,CLEAR,0.5,c2;threatfox_c2,https://threatfox.abuse.ch/export/csv/recent/
ipv4,165.227.108.186,text_feeds:threatfox_c2,2024-04-24T13:08:20Z,CLEAR,0.5,c2;threatfox_c2,https://threatfox.abuse.ch/export/csv/recent/
ipv4,165.227.180.6,text_feeds:threatfox_c2,2022-04-29T19:30:18Z,CLEAR,0.5,c2;threatfox_c2,https://threatfox.abuse.ch/export/csv/recent/
ipv4,165.227.219.211,text_feeds:threatfox_c2,2022-02-21T16:56:32Z,CLEAR,0.5,c2;threatfox_c2,https://threatfox.abuse.ch/export/csv/recent/
ipv4,165.227.23.218,text_feeds:threatfox_c2,2022-02-21T16:53:10Z,CLEAR,0.5,c2;threatfox_c2,https://threatfox.abuse.ch/export/csv/recent/
ipv4,165.232.154.73,text_feeds:threatfox_c2,2022-02-21T16:55:44Z,CLEAR,0.5,c2;threatfox_c2,https://threatfox.abuse.ch/export/csv/recent/
ipv4,165.245.184.215,text_feeds:threatfox_c2,2026-09-28T07:07:12Z,CLEAR,0.5,c2;threatfox_c2,https://threatfox.abuse.ch/export/csv/recent/
ipv4,165.245.190.70,text_feeds:threatfox_c2,2026-09-28T10:00:11Z,CLEAR,0.5,c2;threatfox_c2,https://threatfox.abuse.ch/export/csv/recent/
ipv4,165.245.246.201,text_feeds:threatfox_c2,2026-09-23T09:05:10Z,CLEAR,0.5,c2;threatfox_c2,https://threatfox.abuse.ch/export/csv/recent/
ipv4,165.99.43.101,text_feeds:threatfox_c2,2026-09-02T23:47:27Z,CLEAR,0.5,c2;threatfox_c2,https://threatfox.abuse.ch/export/csv/recent/
ipv4,166.1.249.50,text_feeds:threatfox_c2,2026-09-12T09:44:19Z,CLEAR,0.5,c2;threatfox_c2,https://threatfox.abuse.ch/export/csv/recent/
ipv4,166.1.88.195,text_feeds:threatfox_c2,2026-09-29T06:28:53Z,CLEAR,0.5,c2;threatfox_c2,https://threatfox.abuse.ch/export/csv/recent/
ipv4,166.88.7.116,text_feeds:threatfox_c2,2026-09-28T09:58:23Z,CLEAR,0.5,c2;threatfox_c2,https://threatfox.abuse.ch/export/csv/recent/
ipv4,166.88.95.90,text_feeds:threatfox_c2,2026-08-30T09:44:09Z,CLEAR,0.5,c2;threatfox_c2,https://threatfox.abuse.ch/export/csv/recent/
ipv4,167.17.47.118,text_feeds:threatfox_c2,2026-05-20T19:43:30Z,CLEAR,0.5,c2;threatfox_c2,https://threatfox.abuse.ch/export/csv/recent/
ipv4,167.17.47.121,text_feeds:threatfox_c2,2026-03-19T20:02:47Z,CLEAR,0.5,c2;threatfox_c2,https://threatfox.abuse.ch/export/csv/recent/
ipv4,167.17.47.252,text_feeds:threatfox_c2,2026-09-23T13:47:54Z,CLEAR,0.5,c2;threatfox_c2,https://threatfox.abuse.ch/export/csv/recent/
ipv4,167.17.47.69,text_feeds:threatfox_c2,2026-09-02T19:44:34Z,CLEAR,0.5,c2;threatfox_c2,https://threatfox.abuse.ch/export/csv/recent/
ipv4,167.172.142.69,text_feeds:threatfox_c2,2026-07-31T19:43:52Z,CLEAR,0.5,c2;threatfox_c2,https://threatfox.abuse.ch/export/csv/recent/
ipv4,167.172.143.46,text_feeds:threatfox_c2,2026-09-25T11:47:14Z,CLEAR,0.5,c2;threatfox_c2,https://threatfox.abuse.ch/export/csv/recent/
ipv4,167.172.32.113,text_feeds:threatfox_c2,2026-09-14T08:01:54Z,CLEAR,0.5,c2;threatfox_c2,https://threatfox.abuse.ch/export/csv/recent/
ipv4,167.172.45.217,text_feeds:threatfox_c2,2026-09-14T08:01:54Z,CLEAR,0.5,c2;threatfox_c2,https://threatfox.abuse.ch/export/csv/recent/
ipv4,167.172.79.45,text_feeds:threatfox_c2,2026-09-29T06:28:48Z,CLEAR,0.5,c2;threatfox_c2,https://threatfox.abuse.ch/export/csv/recent/
ipv4,167.179.67.162,text_feeds:threatfox_c2,2026-09-19T03:47:32Z,CLEAR,0.5,c2;threatfox_c2,https://threatfox.abuse.ch/export/csv/recent/
ipv4,167.233.243.9,text_feeds:threatfox_c2,2026-09-13T09:44:14Z,CLEAR,0.5,c2;threatfox_c2,https://threatfox.abuse.ch/export/csv/recent/
ipv4,167.71.13.103,text_feeds:threatfox_c2,2025-04-22T12:21:47Z,CLEAR,0.5,c2;threatfox_c2,https://threatfox.abuse.ch/export/csv/recent/
ipv4,167.71.220.153,text_feeds:threatfox_c2,2026-09-29T06:28:48Z,CLEAR,0.5,c2;threatfox_c2,https://threatfox.abuse.ch/export/csv/recent/
ipv4,167.88.168.76,text_feeds:threatfox_c2,2025-11-04T02:49:14Z,CLEAR,0.5,c2;threatfox_c2,https://threatfox.abuse.ch/export/csv/recent/
ipv4,167.94.47.130,text_feeds:threatfox_c2,2026-09-22T19:44:08Z,CLEAR,0.5,c2;threatfox_c2,https://threatfox.abuse.ch/export/csv/recent/
ipv4,167.99.139.231,text_feeds:threatfox_c2,2025-01-17T09:14:13Z,CLEAR,0.5,c2;threatfox_c2,https://threatfox.abuse.ch/export/csv/recent/
ipv4,167.99.174.8,text_feeds:threatfox_c2,2026-09-18T19:44:02Z,CLEAR,0.5,c2;threatfox_c2,https://threatfox.abuse.ch/export/csv/recent/
ipv4,167.99.219.230,text_feeds:threatfox_c2,2026-09-14T08:01:53Z,CLEAR,0.5,c2;threatfox_c2,https://threatfox.abuse.ch/export/csv/recent/
ipv4,167.99.51.2,text_feeds:threatfox_c2,2025-05-17T14:42:08Z,CLEAR,0.5,c2;threatfox_c2,https://threatfox.abuse.ch/export/csv/recent/
ipv4,167.99.67.141,text_feeds:threatfox_c2,2026-09-29T06:28:54Z,CLEAR,0.5,c2;threatfox_c2,https://threatfox.abuse.ch/export/csv/recent/
ipv4,168.100.8.8,text_feeds:threatfox_c2,2026-09-27T19:43:49Z,CLEAR,0.5,c2;threatfox_c2,https://threatfox.abuse.ch/export/csv/recent/
ipv4,168.144.138.211,text_feeds:threatfox_c2,2026-09-25T11:47:15Z,CLEAR,0.5,c2;threatfox_c2,https://threatfox.abuse.ch/export/csv/recent/
ipv4,168.144.89.48,text_feeds:threatfox_c2,2026-05-09T19:43:24Z,CLEAR,0.5,c2;threatfox_c2,https://threatfox.abuse.ch/export/csv/recent/
ipv4,168.222.97.92,text_feeds:threatfox_c2,2026-08-29T19:44:04Z,CLEAR,0.5,c2;threatfox_c2,https://threatfox.abuse.ch/export/csv/recent/
ipv4,168.245.203.124,text_feeds:threatfox_c2,2026-09-28T06:08:40Z,CLEAR,0.5,c2;threatfox_c2,https://threatfox.abuse.ch/export/csv/recent/
ipv4,168.61.180.98,text_feeds:threatfox_c2,2022-02-09T22:36:37Z,CLEAR,0.5,c2;threatfox_c2,https://threatfox.abuse.ch/export/csv/recent/
ipv4,169.239.128.43,text_feeds:threatfox_c2,2026-06-25T08:08:03Z,CLEAR,0.5,c2;threatfox_c2,https://threatfox.abuse.ch/export/csv/recent/
ipv4,169.40.135.36,text_feeds:threatfox_c2,2026-02-24T12:02:30Z,CLEAR,0.5,c2;threatfox_c2,https://threatfox.abuse.ch/export/csv/recent/
ipv4,169.58.12.228,text_feeds:threatfox_c2,2026-07-20T09:43:51Z,CLEAR,0.5,c2;threatfox_c2,https://threatfox.abuse.ch/export/csv/recent/
ipv4,169.58.150.161,text_feeds:threatfox_c2,2026-09-03T19:44:06Z,CLEAR,0.5,c2;threatfox_c2,https://threatfox.abuse.ch/export/csv/recent/
ipv4,169.58.180.142,text_feeds:threatfox_c2,2026-08-29T09:44:07Z,CLEAR,0.5,c2;threatfox_c2,https://threatfox.abuse.ch/export/csv/recent/
ipv4,169.58.190.196,text_feeds:threatfox_c2,2026-09-29T12:36:44Z,CLEAR,0.5,c2;threatfox_c2,https://threatfox.abuse.ch/export/csv/recent/
ipv4,169.58.228.3,text_feeds:threatfox_c2,2026-09-29T12:41:52Z,CLEAR,0.5,c2;threatfox_c2,https://threatfox.abuse.ch/export/csv/recent/
ipv4,169.58.38.91,text_feeds:threatfox_c2,2026-09-27T19:43:50Z,CLEAR,0.5,c2;threatfox_c2,https://threatfox.abuse.ch/export/csv/recent/
ipv4,169.58.39.189,text_feeds:threatfox_c2,2026-09-26T12:44:22Z,CLEAR,0.5,c2;threatfox_c2,https://threatfox.abuse.ch/export/csv/recent/
ipv4,170.106.189.165,text_feeds:threatfox_c2,2026-09-29T12:45:29Z,CLEAR,0.5,c2;threatfox_c2,https://threatfox.abuse.ch/export/csv/recent/
ipv4,170.168.15.43,text_feeds:threatfox_c2,2026-07-05T09:43:57Z,CLEAR,0.5,c2;threatfox_c2,https://threatfox.abuse.ch/export/csv/recent/
ipv4,170.39.185.141,text_feeds:threatfox_c2,2026-06-10T19:43:32Z,CLEAR,0.5,c2;threatfox_c2,https://threatfox.abuse.ch/export/csv/recent/
ipv4,170.64.183.242,text_feeds:threatfox_c2,2026-09-08T19:44:16Z,CLEAR,0.5,c2;threatfox_c2,https://threatfox.abuse.ch/export/csv/recent/
ipv4,171.113.113.19,text_feeds:threatfox_c2,2026-09-07T09:44:11Z,CLEAR,0.5,c2;threatfox_c2,https://threatfox.abuse.ch/export/csv/recent/
ipv4,171.113.115.5,text_feeds:threatfox_c2,2026-09-09T09:44:19Z,CLEAR,0.5,c2;threatfox_c2,https://threatfox.abuse.ch/export/csv/recent/
ipv4,171.22.130.121,text_feeds:threatfox_c2,2026-09-26T06:20:37Z,CLEAR,0.5,c2;threatfox_c2,https://threatfox.abuse.ch/export/csv/recent/
ipv4,172.111.139.65,text_feeds:threatfox_c2,2026-09-17T09:44:31Z,CLEAR,0.5,c2;threatfox_c2,https://threatfox.abuse.ch/export/csv/recent/
ipv4,172.111.139.78,text_feeds:threatfox_c2,2026-09-29T19:43:53Z,CLEAR,0.5,c2;threatfox_c2,https://threatfox.abuse.ch/export/csv/recent/
ipv4,172.111.163.163,text_feeds:threatfox_c2,2026-08-06T14:55:03Z,CLEAR,0.5,c2;threatfox_c2,https://threatfox.abuse.ch/export/csv/recent/
ipv4,172.111.163.170,text_feeds:threatfox_c2,2026-09-02T03:35:04Z,CLEAR,0.5,c2;threatfox_c2,https://threatfox.abuse.ch/export/csv/recent/
ipv4,172.111.198.212,text_feeds:threatfox_c2,2026-09-11T19:44:20Z,CLEAR,0.5,c2;threatfox_c2,https://threatfox.abuse.ch/export/csv/recent/
ipv4,172.111.201.220,text_feeds:threatfox_c2,2026-09-07T19:44:09Z,CLEAR,0.5,c2;threatfox_c2,https://threatfox.abuse.ch/export/csv/recent/
ipv4,172.111.232.18,text_feeds:threatfox_c2,2026-09-05T09:44:16Z,CLEAR,0.5,c2;threatfox_c2,https://threatfox.abuse.ch/export/csv/recent/
ipv4,172.169.251.53,text_feeds:threatfox_c2,2026-09-17T19:44:16Z,CLEAR,0.5,c2;threatfox_c2,https://threatfox.abuse.ch/export/csv/recent/
ipv4,172.174.128.128,text_feeds:threatfox_c2,2026-08-30T09:44:14Z,CLEAR,0.5,c2;threatfox_c2,https://threatfox.abuse.ch/export/csv/recent/
ipv4,172.174.234.34,text_feeds:threatfox_c2,2026-02-04T11:00:54Z,CLEAR,0.5,c2;threatfox_c2,https://threatfox.abuse.ch/export/csv/recent/
ipv4,172.205.30.129,text_feeds:threatfox_c2,2026-09-28T10:00:13Z,CLEAR,0.5,c2;threatfox_c2,https://threatfox.abuse.ch/export/csv/recent/
ipv4,172.233.97.159,text_feeds:threatfox_c2,2025-07-30T20:01:06Z,CLEAR,0.5,c2;threatfox_c2,https://threatfox.abuse.ch/export/csv/recent/
ipv4,172.234.109.183,text_feeds:threatfox_c2,2026-09-28T14:16:54Z,CLEAR,0.5,c2;threatfox_c2,https://threatfox.abuse.ch/export/csv/recent/
ipv4,172.234.71.84,text_feeds:threatfox_c2,2026-09-09T19:44:21Z,CLEAR,0.5,c2;threatfox_c2,https://threatfox.abuse.ch/export/csv/recent/
ipv4,172.236.209.126,text_feeds:threatfox_c2,2026-09-28T14:16:54Z,CLEAR,0.5,c2;threatfox_c2,https://threatfox.abuse.ch/export/csv/recent/
ipv4,172.237.88.168,text_feeds:threatfox_c2,2026-08-25T19:44:07Z,CLEAR,0.5,c2;threatfox_c2,https://threatfox.abuse.ch/export/csv/recent/
ipv4,172.245.106.144,text_feeds:threatfox_c2,2026-09-28T19:44:10Z,CLEAR,0.5,c2;threatfox_c2,https://threatfox.abuse.ch/export/csv/recent/
ipv4,172.245.152.154,text_feeds:threatfox_c2,2026-09-29T12:40:35Z,CLEAR,0.5,c2;threatfox_c2,https://threatfox.abuse.ch/export/csv/recent/
ipv4,172.245.155.83,text_feeds:threatfox_c2,2026-08-28T09:44:14Z,CLEAR,0.5,c2;threatfox_c2,https://threatfox.abuse.ch/export/csv/recent/
ipv4,172.245.209.188,text_feeds:threatfox_c2,2026-09-14T06:10:45Z,CLEAR,0.5,c2;threatfox_c2,https://threatfox.abuse.ch/export/csv/recent/
ipv4,172.245.209.209,text_feeds:threatfox_c2,2026-08-26T09:44:09Z,CLEAR,0.5,c2;threatfox_c2,https://threatfox.abuse.ch/export/csv/recent/
ipv4,172.245.215.43,text_feeds:threatfox_c2,2026-02-08T15:42:34Z,CLEAR,0.5,c2;threatfox_c2,https://threatfox.abuse.ch/export/csv/recent/
ipv4,172.245.23.153,text_feeds:threatfox_c2,2026-08-12T09:44:15Z,CLEAR,0.5,c2;threatfox_c2,https://threatfox.abuse.ch/export/csv/recent/
ipv4,172.247.27.27,text_feeds:threatfox_c2,2026-09-28T09:58:39Z,CLEAR,0.5,c2;threatfox_c2,https://threatfox.abuse.ch/export/csv/recent/
ipv4,172.252.225.151,text_feeds:threatfox_c2,2026-09-22T19:44:13Z,CLEAR,0.5,c2;threatfox_c2,https://threatfox.abuse.ch/export/csv/recent/
ipv4,172.252.225.152,text_feeds:threatfox_c2,2026-09-22T19:44:13Z,CLEAR,0.5,c2;threatfox_c2,https://threatfox.abuse.ch/export/csv/recent/
ipv4,172.252.225.153,text_feeds:threatfox_c2,2026-09-22T19:44:13Z,CLEAR,0.5,c2;threatfox_c2,https://threatfox.abuse.ch/export/csv/recent/
ipv4,172.81.132.156,text_feeds:threatfox_c2,2026-09-04T19:44:17Z,CLEAR,0.5,c2;threatfox_c2,https://threatfox.abuse.ch/export/csv/recent/
ipv4,172.81.132.75,text_feeds:threatfox_c2,2026-08-05T09:44:12Z,CLEAR,0.5,c2;threatfox_c2,https://threatfox.abuse.ch/export/csv/recent/
ipv4,172.86.112.104,text_feeds:threatfox_c2,2026-09-16T19:44:24Z,CLEAR,0.5,c2;threatfox_c2,https://threatfox.abuse.ch/export/csv/recent/
ipv4,172.86.122.177,text_feeds:threatfox_c2,2026-08-30T19:44:04Z,CLEAR,0.5,c2;threatfox_c2,https://threatfox.abuse.ch/export/csv/recent/
ipv4,172.86.74.104,text_feeds:threatfox_c2,2026-09-10T09:44:27Z,CLEAR,0.5,c2;threatfox_c2,https://threatfox.abuse.ch/export/csv/recent/
ipv4,172.86.80.201,text_feeds:threatfox_c2,2026-09-04T19:44:18Z,CLEAR,0.5,c2;threatfox_c2,https://threatfox.abuse.ch/export/csv/recent/
ipv4,172.86.80.239,text_feeds:threatfox_c2,2026-09-28T10:43:56Z,CLEAR,0.5,c2;threatfox_c2,https://threatfox.abuse.ch/export/csv/recent/
ipv4,172.86.85.185,text_feeds:threatfox_c2,2026-09-18T19:44:10Z,CLEAR,0.5,c2;threatfox_c2,https://threatfox.abuse.ch/export/csv/recent/
ipv4,172.86.91.14,text_feeds:threatfox_c2,2026-09-17T09:44:39Z,CLEAR,0.5,c2;threatfox_c2,https://threatfox.abuse.ch/export/csv/recent/
ipv4,172.9.165.216,text_feeds:threatfox_c2,2026-05-01T02:43:09Z,CLEAR,0.5,c2;threatfox_c2,https://threatfox.abuse.ch/export/csv/recent/
ipv4,172.93.161.96,text_feeds:threatfox_c2,2026-09-29T19:43:56Z,CLEAR,0.5,c2;threatfox_c2,https://threatfox.abuse.ch/export/csv/recent/
ipv4,172.94.14.210,text_feeds:threatfox_c2,2026-09-02T19:44:45Z,CLEAR,0.5,c2;threatfox_c2,https://threatfox.abuse.ch/export/csv/recent/
ipv4,172.94.15.100,text_feeds:threatfox_c2,2025-11-27T06:58:30Z,CLEAR,0.5,c2;threatfox_c2,https://threatfox.abuse.ch/export/csv/recent/
ipv4,172.94.18.103,text_feeds:threatfox_c2,2026-09-16T19:44:27Z,CLEAR,0.5,c2;threatfox_c2,https://threatfox.abuse.ch/export/csv/recent/
ipv4,172.94.46.114,text_feeds:threatfox_c2,2026-09-26T06:20:49Z,CLEAR,0.5,c2;threatfox_c2,https://threatfox.abuse.ch/export/csv/recent/
ipv4,172.94.58.29,text_feeds:threatfox_c2,2026-09-27T06:43:51Z,CLEAR,0.5,c2;threatfox_c2,https://threatfox.abuse.ch/export/csv/recent/
ipv4,172.94.85.54,text_feeds:threatfox_c2,2026-09-09T07:13:36Z,CLEAR,0.5,c2;threatfox_c2,https://threatfox.abuse.ch/export/csv/recent/
ipv4,172.94.9.194,text_feeds:threatfox_c2,2026-09-22T19:44:16Z,CLEAR,0.5,c2;threatfox_c2,https://threatfox.abuse.ch/export/csv/recent/
ipv4,172.98.22.177,text_feeds:threatfox_c2,2026-08-17T19:44:12Z,CLEAR,0.5,c2;threatfox_c2,https://threatfox.abuse.ch/export/csv/recent/
ipv4,173.199.70.174,text_feeds:threatfox_c2,2026-07-30T09:44:06Z,CLEAR,0.5,c2;threatfox_c2,https://threatfox.abuse.ch/export/csv/recent/
ipv4,173.249.197.20,text_feeds:threatfox_c2,2026-09-05T19:44:12Z,CLEAR,0.5,c2;threatfox_c2,https://threatfox.abuse.ch/export/csv/recent/
ipv4,173.249.41.141,text_feeds:threatfox_c2,2026-07-06T09:43:59Z,CLEAR,0.5,c2;threatfox_c2,https://threatfox.abuse.ch/export/csv/recent/
ipv4,173.249.56.221,text_feeds:threatfox_c2,2026-09-26T19:44:20Z,CLEAR,0.5,c2;threatfox_c2,https://threatfox.abuse.ch/export/csv/recent/
ipv4,174.138.86.141,text_feeds:threatfox_c2,2026-02-07T03:00:18Z,CLEAR,0.5,c2;threatfox_c2,https://threatfox.abuse.ch/export/csv/recent/
ipv4,174.138.9.149,text_feeds:threatfox_c2,2026-07-23T08:05:05Z,CLEAR,0.5,c2;threatfox_c2,https://threatfox.abuse.ch/export/csv/recent/
ipv4,175.124.145.102,text_feeds:threatfox_c2,2026-09-22T21:05:07Z,CLEAR,0.5,c2;threatfox_c2,https://threatfox.abuse.ch/export/csv/recent/
ipv4,175.178.224.39,text_feeds:threatfox_c2,2026-09-08T03:47:24Z,CLEAR,0.5,c2;threatfox_c2,https://threatfox.abuse.ch/export/csv/recent/
ipv4,175.178.77.207,text_feeds:threatfox_c2,2025-07-11T12:53:20Z,CLEAR,0.5,c2;threatfox_c2,https://threatfox.abuse.ch/export/csv/recent/
ipv4,175.27.214.144,text_feeds:threatfox_c2,2026-08-24T17:39:33Z,CLEAR,0.5,c2;threatfox_c2,https://threatfox.abuse.ch/export/csv/recent/
ipv4,175.41.16.98,text_feeds:threatfox_c2,2022-04-12T16:50:58Z,CLEAR,0.5,c2;threatfox_c2,https://threatfox.abuse.ch/export/csv/recent/
ipv4,175.41.21.29,text_feeds:threatfox_c2,2022-04-13T16:57:52Z,CLEAR,0.5,c2;threatfox_c2,https://threatfox.abuse.ch/export/csv/recent/
ipv4,175.43.223.195,text_feeds:threatfox_c2,2026-08-25T10:05:16Z,CLEAR,0.5,c2;threatfox_c2,https://threatfox.abuse.ch/export/csv/recent/
ipv4,175.43.223.199,text_feeds:threatfox_c2,2026-08-31T13:05:08Z,CLEAR,0.5,c2;threatfox_c2,https://threatfox.abuse.ch/export/csv/recent/
ipv4,175.43.223.201,text_feeds:threatfox_c2,2026-09-08T09:44:21Z,CLEAR,0.5,c2;threatfox_c2,https://threatfox.abuse.ch/export/csv/recent/
ipv4,175.43.223.203,text_feeds:threatfox_c2,2026-09-16T03:05:06Z,CLEAR,0.5,c2;threatfox_c2,https://threatfox.abuse.ch/export/csv/recent/
ipv4,176.120.22.127,text_feeds:threatfox_c2,2026-05-19T09:43:37Z,CLEAR,0.5,c2;threatfox_c2,https://threatfox.abuse.ch/export/csv/recent/
ipv4,176.120.22.129,text_feeds:threatfox_c2,2026-07-09T09:44:00Z,CLEAR,0.5,c2;threatfox_c2,https://threatfox.abuse.ch/export/csv/recent/
ipv4,176.126.114.42,text_feeds:threatfox_c2,2026-09-25T06:28:10Z,CLEAR,0.5,c2;threatfox_c2,https://threatfox.abuse.ch/export/csv/recent/
ipv4,176.149.202.136,text_feeds:threatfox_c2,2026-09-26T19:45:32Z,CLEAR,0.5,c2;threatfox_c2,https://threatfox.abuse.ch/export/csv/recent/
ipv4,176.31.71.168,text_feeds:threatfox_c2,2026-01-22T12:04:28Z,CLEAR,0.5,c2;threatfox_c2,https://threatfox.abuse.ch/export/csv/recent/
ipv4,176.65.132.207,text_feeds:threatfox_c2,2026-09-18T19:44:14Z,CLEAR,0.5,c2;threatfox_c2,https://threatfox.abuse.ch/export/csv/recent/
ipv4,176.65.139.139,text_feeds:threatfox_c2,2026-08-28T19:44:04Z,CLEAR,0.5,c2;threatfox_c2,https://threatfox.abuse.ch/export/csv/recent/
ipv4,176.65.139.140,text_feeds:threatfox_c2,2026-09-29T06:27:35Z,CLEAR,0.5,c2;threatfox_c2,https://threatfox.abuse.ch/export/csv/recent/
ipv4,176.65.139.154,text_feeds:threatfox_c2,2026-09-08T19:44:27Z,CLEAR,0.5,c2;threatfox_c2,https://threatfox.abuse.ch/export/csv/recent/
ipv4,176.65.139.251,text_feeds:threatfox_c2,2026-09-29T06:27:50Z,CLEAR,0.5,c2;threatfox_c2,https://threatfox.abuse.ch/export/csv/recent/
ipv4,176.65.144.177,text_feeds:threatfox_c2,2026-08-26T03:05:07Z,CLEAR,0.5,c2;threatfox_c2,https://threatfox.abuse.ch/export/csv/recent/
ipv4,176.65.148.49,text_feeds:threatfox_c2,2026-09-28T18:39:13Z,CLEAR,0.5,c2;threatfox_c2,https://threatfox.abuse.ch/export/csv/recent/
ipv4,176.96.137.11,text_feeds:threatfox_c2,2026-09-17T19:44:26Z,CLEAR,0.5,c2;threatfox_c2,https://threatfox.abuse.ch/export/csv/recent/
ipv4,176.96.138.2,text_feeds:threatfox_c2,2026-08-26T09:44:16Z,CLEAR,0.5,c2;threatfox_c2,https://threatfox.abuse.ch/export/csv/recent/
ipv4,177.22.116.3,text_feeds:threatfox_c2,2026-09-25T19:44:20Z,CLEAR,0.5,c2;threatfox_c2,https://threatfox.abuse.ch/export/csv/recent/
ipv4,177.22.117.0,text_feeds:threatfox_c2,2026-09-28T19:44:16Z,CLEAR,0.5,c2;threatfox_c2,https://threatfox.abuse.ch/export/csv/recent/
ipv4,177.22.117.74,text_feeds:threatfox_c2,2026-09-23T19:44:28Z,CLEAR,0.5,c2;threatfox_c2,https://threatfox.abuse.ch/export/csv/recent/
ipv4,177.22.119.68,text_feeds:threatfox_c2,2026-09-24T19:44:29Z,CLEAR,0.5,c2;threatfox_c2,https://threatfox.abuse.ch/export/csv/recent/
ipv4,177.5.67.246,text_feeds:threatfox_c2,2026-09-21T19:44:18Z,CLEAR,0.5,c2;threatfox_c2,https://threatfox.abuse.ch/export/csv/recent/
ipv4,177.5.67.37,text_feeds:threatfox_c2,2026-09-19T13:48:22Z,CLEAR,0.5,c2;threatfox_c2,https://threatfox.abuse.ch/export/csv/recent/
ipv4,178.104.144.200,text_feeds:threatfox_c2,2026-09-29T13:57:39Z,CLEAR,0.5,c2;threatfox_c2,https://threatfox.abuse.ch/export/csv/recent/
ipv4,178.104.186.90,text_feeds:threatfox_c2,2026-05-08T08:43:13Z,CLEAR,0.5,c2;threatfox_c2,https://threatfox.abuse.ch/export/csv/recent/
ipv4,178.128.118.236,text_feeds:threatfox_c2,2026-09-29T06:28:47Z,CLEAR,0.5,c2;threatfox_c2,https://threatfox.abuse.ch/export/csv/recent/
ipv4,178.128.14.67,text_feeds:threatfox_c2,2026-08-17T09:44:35Z,CLEAR,0.5,c2;threatfox_c2,https://threatfox.abuse.ch/export/csv/recent/
ipv4,178.128.144.136,text_feeds:threatfox_c2,2026-09-28T10:00:15Z,CLEAR,0.5,c2;threatfox_c2,https://threatfox.abuse.ch/export/csv/recent/
ipv4,178.128.171.206,text_feeds:threatfox_c2,2022-02-21T16:54:15Z,CLEAR,0.5,c2;threatfox_c2,https://threatfox.abuse.ch/export/csv/recent/
ipv4,178.128.171.71,text_feeds:threatfox_c2,2026-09-04T09:44:57Z,CLEAR,0.5,c2;threatfox_c2,https://threatfox.abuse.ch/export/csv/recent/
ipv4,178.16.52.194,text_feeds:threatfox_c2,2026-02-08T15:42:33Z,CLEAR,0.5,c2;threatfox_c2,https://threatfox.abuse.ch/export/csv/recent/
ipv4,178.16.52.22,text_feeds:threatfox_c2,2026-05-01T02:43:11Z,CLEAR,0.5,c2;threatfox_c2,https://threatfox.abuse.ch/export/csv/recent/
ipv4,178.16.52.239,text_feeds:threatfox_c2,2026-09-28T06:10:27Z,CLEAR,0.5,c2;threatfox_c2,https://threatfox.abuse.ch/export/csv/recent/
ipv4,178.16.54.35,text_feeds:threatfox_c2,2026-09-23T09:44:20Z,CLEAR,0.5,c2;threatfox_c2,https://threatfox.abuse.ch/export/csv/recent/
ipv4,178.16.54.55,text_feeds:threatfox_c2,2026-09-28T07:56:27Z,CLEAR,0.5,c2;threatfox_c2,https://threatfox.abuse.ch/export/csv/recent/
ipv4,178.16.55.133,text_feeds:threatfox_c2,2026-08-25T15:00:41Z,CLEAR,0.5,c2;threatfox_c2,https://threatfox.abuse.ch/export/csv/recent/
ipv4,178.16.55.134,text_feeds:threatfox_c2,2026-09-08T19:44:29Z,CLEAR,0.5,c2;threatfox_c2,https://threatfox.abuse.ch/export/csv/recent/
ipv4,178.16.55.53,text_feeds:threatfox_c2,2025-08-20T08:02:12Z,CLEAR,0.5,c2;threatfox_c2,https://threatfox.abuse.ch/export/csv/recent/
ipv4,178.172.173.84,text_feeds:threatfox_c2,2026-08-16T19:44:15Z,CLEAR,0.5,c2;threatfox_c2,https://threatfox.abuse.ch/export/csv/recent/
ipv4,178.211.155.154,text_feeds:threatfox_c2,2026-08-18T09:44:30Z,CLEAR,0.5,c2;threatfox_c2,https://threatfox.abuse.ch/export/csv/recent/
ipv4,178.253.31.5,text_feeds:threatfox_c2,2026-09-26T03:47:05Z,CLEAR,0.5,c2;threatfox_c2,https://threatfox.abuse.ch/export/csv/recent/
ipv4,178.62.233.227,text_feeds:threatfox_c2,2026-09-23T09:05:10Z,CLEAR,0.5,c2;threatfox_c2,https://threatfox.abuse.ch/export/csv/recent/
ipv4,178.62.244.142,text_feeds:threatfox_c2,2026-09-14T08:01:53Z,CLEAR,0.5,c2;threatfox_c2,https://threatfox.abuse.ch/export/csv/recent/
ipv4,178.94.25.230,text_feeds:threatfox_c2,2026-09-22T19:44:20Z,CLEAR,0.5,c2;threatfox_c2,https://threatfox.abuse.ch/export/csv/recent/
ipv4,179.236.107.22,text_feeds:threatfox_c2,2026-09-06T07:54:13Z,CLEAR,0.5,c2;threatfox_c2,https://threatfox.abuse.ch/export/csv/recent/
ipv4,179.236.107.40,text_feeds:threatfox_c2,2026-09-06T07:54:10Z,CLEAR,0.5,c2;threatfox_c2,https://threatfox.abuse.ch/export/csv/recent/
ipv4,179.43.169.8,text_feeds:threatfox_c2,2026-09-06T19:44:17Z,CLEAR,0.5,c2;threatfox_c2,https://threatfox.abuse.ch/export/csv/recent/
ipv4,179.43.170.151,text_feeds:threatfox_c2,2026-09-28T13:05:05Z,CLEAR,0.5,c2;threatfox_c2,https://threatfox.abuse.ch/export/csv/recent/
ipv4,179.43.186.214,text_feeds:threatfox_c2,2026-02-08T15:42:08Z,CLEAR,0.5,c2;threatfox_c2,https://threatfox.abuse.ch/export/csv/recent/
ipv4,179.43.186.223,text_feeds:threatfox_c2,2025-05-15T21:13:56Z,CLEAR,0.5,c2;threatfox_c2,https://threatfox.abuse.ch/export/csv/recent/
ipv4,179.61.227.213,text_feeds:threatfox_c2,2026-08-28T19:44:08Z,CLEAR,0.5,c2;threatfox_c2,https://threatfox.abuse.ch/export/csv/recent/
ipv4,18.117.254.165,text_feeds:threatfox_c2,2022-06-28T08:57:21Z,CLEAR,0.5,c2;threatfox_c2,https://threatfox.abuse.ch/export/csv/recent/
ipv4,18.139.36.190,text_feeds:threatfox_c2,2026-07-30T19:44:10Z,CLEAR,0.5,c2;threatfox_c2,https://threatfox.abuse.ch/export/csv/recent/
ipv4,18.142.104.108,text_feeds:threatfox_c2,2026-09-10T09:44:34Z,CLEAR,0.5,c2;threatfox_c2,https://threatfox.abuse.ch/export/csv/recent/
ipv4,18.162.155.202,text_feeds:threatfox_c2,2026-05-27T19:43:47Z,CLEAR,0.5,c2;threatfox_c2,https://threatfox.abuse.ch/export/csv/recent/
ipv4,18.167.103.90,text_feeds:threatfox_c2,2026-09-25T09:44:28Z,CLEAR,0.5,c2;threatfox_c2,https://threatfox.abuse.ch/export/csv/recent/
ipv4,18.167.174.198,text_feeds:threatfox_c2,2025-09-13T04:01:58Z,CLEAR,0.5,c2;threatfox_c2,https://threatfox.abuse.ch/export/csv/recent/
ipv4,18.178.127.205,text_feeds:threatfox_c2,2026-07-30T19:44:11Z,CLEAR,0.5,c2;threatfox_c2,https://threatfox.abuse.ch/export/csv/recent/
ipv4,18.218.117.239,text_feeds:threatfox_c2,2026-09-27T19:43:58Z,CLEAR,0.5,c2;threatfox_c2,https://threatfox.abuse.ch/export/csv/recent/
ipv4,180.184.29.135,text_feeds:threatfox_c2,2026-05-01T02:43:12Z,CLEAR,0.5,c2;threatfox_c2,https://threatfox.abuse.ch/export/csv/recent/
ipv4,180.184.46.116,text_feeds:threatfox_c2,2026-09-14T13:47:58Z,CLEAR,0.5,c2;threatfox_c2,https://threatfox.abuse.ch/export/csv/recent/
ipv4,180.76.141.175,text_feeds:threatfox_c2,2025-12-07T16:01:37Z,CLEAR,0.5,c2;threatfox_c2,https://threatfox.abuse.ch/export/csv/recent/
ipv4,180.76.250.42,text_feeds:threatfox_c2,2026-09-02T11:48:22Z,CLEAR,0.5,c2;threatfox_c2,https://threatfox.abuse.ch/export/csv/recent/
ipv4,180.93.115.26,text_feeds:threatfox_c2,2026-09-06T19:44:18Z,CLEAR,0.5,c2;threatfox_c2,https://threatfox.abuse.ch/export/csv/recent/
ipv4,180.93.236.78,text_feeds:threatfox_c2,2026-09-28T12:51:22Z,CLEAR,0.5,c2;threatfox_c2,https://threatfox.abuse.ch/export/csv/recent/
ipv4,180.97.214.70,text_feeds:threatfox_c2,2026-05-08T19:43:28Z,CLEAR,0.5,c2;threatfox_c2,https://threatfox.abuse.ch/export/csv/recent/
ipv4,181.206.118.219,text_feeds:threatfox_c2,2026-09-19T09:44:23Z,CLEAR,0.5,c2;threatfox_c2,https://threatfox.abuse.ch/export/csv/recent/
ipv4,181.206.158.19,text_feeds:threatfox_c2,2026-09-09T09:44:35Z,CLEAR,0.5,c2;threatfox_c2,https://threatfox.abuse.ch/export/csv/recent/
ipv4,181.206.158.190,text_feeds:threatfox_c2,2025-04-26T20:01:51Z,CLEAR,0.5,c2;threatfox_c2,https://threatfox.abuse.ch/export/csv/recent/
ipv4,181.215.242.58,text_feeds:threatfox_c2,2026-09-24T19:44:33Z,CLEAR,0.5,c2;threatfox_c2,https://threatfox.abuse.ch/export/csv/recent/
ipv4,181.41.201.103,text_feeds:threatfox_c2,2026-09-28T09:59:16Z,CLEAR,0.5,c2;threatfox_c2,https://threatfox.abuse.ch/export/csv/recent/
ipv4,182.16.98.83,text_feeds:threatfox_c2,2025-10-28T02:49:21Z,CLEAR,0.5,c2;threatfox_c2,https://threatfox.abuse.ch/export/csv/recent/
ipv4,182.16.98.84,text_feeds:threatfox_c2,2025-10-27T20:50:01Z,CLEAR,0.5,c2;threatfox_c2,https://threatfox.abuse.ch/export/csv/recent/
ipv4,182.254.155.23,text_feeds:threatfox_c2,2025-10-28T04:00:27Z,CLEAR,0.5,c2;threatfox_c2,https://threatfox.abuse.ch/export/csv/recent/
ipv4,182.255.45.114,text_feeds:threatfox_c2,2026-05-01T02:43:12Z,CLEAR,0.5,c2;threatfox_c2,https://threatfox.abuse.ch/export/csv/recent/
ipv4,182.255.91.104,text_feeds:threatfox_c2,2026-08-23T13:05:05Z,CLEAR,0.5,c2;threatfox_c2,https://threatfox.abuse.ch/export/csv/recent/
ipv4,182.61.145.101,text_feeds:threatfox_c2,2026-09-28T05:05:04Z,CLEAR,0.5,c2;threatfox_c2,https://threatfox.abuse.ch/export/csv/recent/
ipv4,182.92.117.223,text_feeds:threatfox_c2,2026-01-01T07:01:03Z,CLEAR,0.5,c2;threatfox_c2,https://threatfox.abuse.ch/export/csv/recent/
ipv4,182.92.227.226,text_feeds:threatfox_c2,2026-09-09T09:44:36Z,CLEAR,0.5,c2;threatfox_c2,https://threatfox.abuse.ch/export/csv/recent/
ipv4,182.92.239.94,text_feeds:threatfox_c2,2025-12-30T16:21:10Z,CLEAR,0.5,c2;threatfox_c2,https://threatfox.abuse.ch/export/csv/recent/
ipv4,183.60.226.2,text_feeds:threatfox_c2,2026-09-13T13:47:06Z,CLEAR,0.5,c2;threatfox_c2,https://threatfox.abuse.ch/export/csv/recent/
ipv4,183.90.187.111,text_feeds:threatfox_c2,2026-09-04T19:44:28Z,CLEAR,0.5,c2;threatfox_c2,https://threatfox.abuse.ch/export/csv/recent/
ipv4,183.90.187.2,text_feeds:threatfox_c2,2026-09-06T19:44:19Z,CLEAR,0.5,c2;threatfox_c2,https://threatfox.abuse.ch/export/csv/recent/
ipv4,183.90.187.73,text_feeds:threatfox_c2,2026-09-05T19:44:19Z,CLEAR,0.5,c2;threatfox_c2,https://threatfox.abuse.ch/export/csv/recent/
ipv4,184.174.96.191,text_feeds:threatfox_c2,2026-09-29T06:27:36Z,CLEAR,0.5,c2;threatfox_c2,https://threatfox.abuse.ch/export/csv/recent/
ipv4,184.176.151.16,text_feeds:threatfox_c2,2026-09-10T09:44:38Z,CLEAR,0.5,c2;threatfox_c2,https://threatfox.abuse.ch/export/csv/recent/
ipv4,184.75.208.66,text_feeds:threatfox_c2,2026-09-23T19:44:33Z,CLEAR,0.5,c2;threatfox_c2,https://threatfox.abuse.ch/export/csv/recent/
ipv4,185.112.144.177,text_feeds:threatfox_c2,2026-09-03T19:44:24Z,CLEAR,0.5,c2;threatfox_c2,https://threatfox.abuse.ch/export/csv/recent/
ipv4,185.112.59.102,text_feeds:threatfox_c2,2026-09-24T09:44:23Z,CLEAR,0.5,c2;threatfox_c2,https://threatfox.abuse.ch/export/csv/recent/
ipv4,185.112.59.115,text_feeds:threatfox_c2,2026-08-30T19:44:14Z,CLEAR,0.5,c2;threatfox_c2,https://threatfox.abuse.ch/export/csv/recent/
ipv4,185.127.94.179,text_feeds:threatfox_c2,2026-09-24T09:44:24Z,CLEAR,0.5,c2;threatfox_c2,https://threatfox.abuse.ch/export/csv/recent/
ipv4,185.130.45.240,text_feeds:threatfox_c2,2026-08-20T05:44:41Z,CLEAR,0.5,c2;threatfox_c2,https://threatfox.abuse.ch/export/csv/recent/
ipv4,185.130.46.90,text_feeds:threatfox_c2,2026-09-29T12:40:36Z,CLEAR,0.5,c2;threatfox_c2,https://threatfox.abuse.ch/export/csv/recent/
ipv4,185.137.122.215,text_feeds:threatfox_c2,2026-09-23T13:51:59Z,CLEAR,0.5,c2;threatfox_c2,https://threatfox.abuse.ch/export/csv/recent/
ipv4,185.137.93.64,text_feeds:threatfox_c2,2026-09-28T13:25:29Z,CLEAR,0.5,c2;threatfox_c2,https://threatfox.abuse.ch/export/csv/recent/
ipv4,185.147.83.58,text_feeds:threatfox_c2,2026-07-19T09:44:11Z,CLEAR,0.5,c2;threatfox_c2,https://threatfox.abuse.ch/export/csv/recent/
ipv4,185.147.83.59,text_feeds:threatfox_c2,2026-07-25T19:44:10Z,CLEAR,0.5,c2;threatfox_c2,https://threatfox.abuse.ch/export/csv/recent/
ipv4,185.157.46.242,text_feeds:threatfox_c2,2026-09-05T19:44:20Z,CLEAR,0.5,c2;threatfox_c2,https://threatfox.abuse.ch/export/csv/recent/
ipv4,185.164.57.60,text_feeds:threatfox_c2,2026-09-15T09:44:28Z,CLEAR,0.5,c2;threatfox_c2,https://threatfox.abuse.ch/export/csv/recent/
ipv4,185.173.38.47,text_feeds:threatfox_c2,2026-09-18T05:04:37Z,CLEAR,0.5,c2;threatfox_c2,https://threatfox.abuse.ch/export/csv/recent/
ipv4,185.173.39.2,text_feeds:threatfox_c2,2026-09-18T05:04:38Z,CLEAR,0.5,c2;threatfox_c2,https://threatfox.abuse.ch/export/csv/recent/
ipv4,185.174.101.240,text_feeds:threatfox_c2,2025-01-17T09:13:19Z,CLEAR,0.5,c2;threatfox_c2,https://threatfox.abuse.ch/export/csv/recent/
ipv4,185.174.101.69,text_feeds:threatfox_c2,2025-01-17T09:13:19Z,CLEAR,0.5,c2;threatfox_c2,https://threatfox.abuse.ch/export/csv/recent/
ipv4,185.174.102.5,text_feeds:threatfox_c2,2026-09-10T21:44:34Z,CLEAR,0.5,c2;threatfox_c2,https://threatfox.abuse.ch/export/csv/recent/
ipv4,185.186.143.111,text_feeds:threatfox_c2,2022-04-05T22:55:20Z,CLEAR,0.5,c2;threatfox_c2,https://threatfox.abuse.ch/export/csv/recent/
ipv4,185.193.127.4,text_feeds:threatfox_c2,2026-08-18T09:44:38Z,CLEAR,0.5,c2;threatfox_c2,https://threatfox.abuse.ch/export/csv/recent/
ipv4,185.196.10.121,text_feeds:threatfox_c2,2024-04-02T10:17:26Z,CLEAR,0.5,c2;threatfox_c2,https://threatfox.abuse.ch/export/csv/recent/
ipv4,185.196.8.18,text_feeds:threatfox_c2,2024-05-11T22:47:10Z,CLEAR,0.5,c2;threatfox_c2,https://threatfox.abuse.ch/export/csv/recent/
ipv4,185.207.154.11,text_feeds:threatfox_c2,2026-06-14T09:43:43Z,CLEAR,0.5,c2;threatfox_c2,https://threatfox.abuse.ch/export/csv/recent/
ipv4,185.212.128.124,text_feeds:threatfox_c2,2026-08-05T19:44:28Z,CLEAR,0.5,c2;threatfox_c2,https://threatfox.abuse.ch/export/csv/recent/
ipv4,185.212.128.155,text_feeds:threatfox_c2,2026-07-20T09:44:07Z,CLEAR,0.5,c2;threatfox_c2,https://threatfox.abuse.ch/export/csv/recent/
ipv4,185.212.128.168,text_feeds:threatfox_c2,2026-09-02T09:44:28Z,CLEAR,0.5,c2;threatfox_c2,https://threatfox.abuse.ch/export/csv/recent/
ipv4,185.212.128.169,text_feeds:threatfox_c2,2026-09-02T19:45:00Z,CLEAR,0.5,c2;threatfox_c2,https://threatfox.abuse.ch/export/csv/recent/
ipv4,185.212.128.170,text_feeds:threatfox_c2,2026-08-07T09:44:18Z,CLEAR,0.5,c2;threatfox_c2,https://threatfox.abuse.ch/export/csv/recent/
ipv4,185.212.128.207,text_feeds:threatfox_c2,2026-07-29T19:44:16Z,CLEAR,0.5,c2;threatfox_c2,https://threatfox.abuse.ch/export/csv/recent/
ipv4,185.212.128.233,text_feeds:threatfox_c2,2026-09-05T19:44:23Z,CLEAR,0.5,c2;threatfox_c2,https://threatfox.abuse.ch/export/csv/recent/
ipv4,185.212.128.237,text_feeds:threatfox_c2,2026-09-10T09:44:42Z,CLEAR,0.5,c2;threatfox_c2,https://threatfox.abuse.ch/export/csv/recent/
ipv4,185.212.128.32,text_feeds:threatfox_c2,2026-09-18T19:44:21Z,CLEAR,0.5,c2;threatfox_c2,https://threatfox.abuse.ch/export/csv/recent/
ipv4,185.212.128.51,text_feeds:threatfox_c2,2026-08-18T09:44:40Z,CLEAR,0.5,c2;threatfox_c2,https://threatfox.abuse.ch/export/csv/recent/
ipv4,185.212.128.59,text_feeds:threatfox_c2,2026-08-07T19:44:13Z,CLEAR,0.5,c2;threatfox_c2,https://threatfox.abuse.ch/export/csv/recent/
ipv4,185.212.128.89,text_feeds:threatfox_c2,2026-09-21T09:44:30Z,CLEAR,0.5,c2;threatfox_c2,https://threatfox.abuse.ch/export/csv/recent/
ipv4,185.212.128.90,text_feeds:threatfox_c2,2026-08-27T19:44:38Z,CLEAR,0.5,c2;threatfox_c2,https://threatfox.abuse.ch/export/csv/recent/
ipv4,185.212.128.96,text_feeds:threatfox_c2,2026-08-27T19:44:38Z,CLEAR,0.5,c2;threatfox_c2,https://threatfox.abuse.ch/export/csv/recent/
ipv4,185.212.129.129,text_feeds:threatfox_c2,2026-08-19T09:44:24Z,CLEAR,0.5,c2;threatfox_c2,https://threatfox.abuse.ch/export/csv/recent/
ipv4,185.212.129.143,text_feeds:threatfox_c2,2026-08-21T09:44:34Z,CLEAR,0.5,c2;threatfox_c2,https://threatfox.abuse.ch/export/csv/recent/
ipv4,185.212.129.152,text_feeds:threatfox_c2,2026-08-07T09:44:19Z,CLEAR,0.5,c2;threatfox_c2,https://threatfox.abuse.ch/export/csv/recent/
ipv4,185.212.129.170,text_feeds:threatfox_c2,2026-08-05T19:44:30Z,CLEAR,0.5,c2;threatfox_c2,https://threatfox.abuse.ch/export/csv/recent/
ipv4,185.212.129.23,text_feeds:threatfox_c2,2026-05-01T02:43:13Z,CLEAR,0.5,c2;threatfox_c2,https://threatfox.abuse.ch/export/csv/recent/
ipv4,185.212.129.25,text_feeds:threatfox_c2,2026-08-05T19:44:30Z,CLEAR,0.5,c2;threatfox_c2,https://threatfox.abuse.ch/export/csv/recent/
ipv4,185.212.129.31,text_feeds:threatfox_c2,2026-08-05T19:44:31Z,CLEAR,0.5,c2;threatfox_c2,https://threatfox.abuse.ch/export/csv/recent/
ipv4,185.212.129.70,text_feeds:threatfox_c2,2026-08-05T09:44:29Z,CLEAR,0.5,c2;threatfox_c2,https://threatfox.abuse.ch/export/csv/recent/
ipv4,185.212.129.79,text_feeds:threatfox_c2,2026-09-14T19:44:51Z,CLEAR,0.5,c2;threatfox_c2,https://threatfox.abuse.ch/export/csv/recent/
ipv4,185.212.129.89,text_feeds:threatfox_c2,2026-08-05T09:44:29Z,CLEAR,0.5,c2;threatfox_c2,https://threatfox.abuse.ch/export/csv/recent/
ipv4,185.212.131.27,text_feeds:threatfox_c2,2026-07-13T19:43:57Z,CLEAR,0.5,c2;threatfox_c2,https://threatfox.abuse.ch/export/csv/recent/
ipv4,185.212.131.28,text_feeds:threatfox_c2,2026-07-20T09:44:09Z,CLEAR,0.5,c2;threatfox_c2,https://threatfox.abuse.ch/export/csv/recent/
ipv4,185.213.20.250,text_feeds:threatfox_c2,2026-05-01T02:43:13Z,CLEAR,0.5,c2;threatfox_c2,https://threatfox.abuse.ch/export/csv/recent/
ipv4,185.213.22.64,text_feeds:threatfox_c2,2026-09-27T19:44:03Z,CLEAR,0.5,c2;threatfox_c2,https://threatfox.abuse.ch/export/csv/recent/
ipv4,185.215.151.9,text_feeds:threatfox_c2,2026-09-24T04:58:55Z,CLEAR,0.5,c2;threatfox_c2,https://threatfox.abuse.ch/export/csv/recent/
ipv4,185.225.226.77,text_feeds:threatfox_c2,2026-09-28T10:00:17Z,CLEAR,0.5,c2;threatfox_c2,https://threatfox.abuse.ch/export/csv/recent/
ipv4,185.227.152.231,text_feeds:threatfox_c2,2026-09-06T09:44:31Z,CLEAR,0.5,c2;threatfox_c2,https://threatfox.abuse.ch/export/csv/recent/
ipv4,185.227.83.169,text_feeds:threatfox_c2,2026-09-06T19:44:26Z,CLEAR,0.5,c2;threatfox_c2,https://threatfox.abuse.ch/export/csv/recent/
ipv4,185.233.164.109,text_feeds:threatfox_c2,2026-09-05T09:44:39Z,CLEAR,0.5,c2;threatfox_c2,https://threatfox.abuse.ch/export/csv/recent/
ipv4,185.233.166.124,text_feeds:threatfox_c2,2025-08-04T20:45:44Z,CLEAR,0.5,c2;threatfox_c2,https://threatfox.abuse.ch/export/csv/recent/
ipv4,185.241.211.244,text_feeds:threatfox_c2,2026-09-23T19:44:40Z,CLEAR,0.5,c2;threatfox_c2,https://threatfox.abuse.ch/export/csv/recent/
ipv4,185.242.245.120,text_feeds:threatfox_c2,2026-05-01T02:43:13Z,CLEAR,0.5,c2;threatfox_c2,https://threatfox.abuse.ch/export/csv/recent/
ipv4,185.242.245.27,text_feeds:threatfox_c2,2026-05-11T09:43:35Z,CLEAR,0.5,c2;threatfox_c2,https://threatfox.abuse.ch/export/csv/recent/
ipv4,185.242.3.250,text_feeds:threatfox_c2,2026-09-10T09:44:46Z,CLEAR,0.5,c2;threatfox_c2,https://threatfox.abuse.ch/export/csv/recent/
ipv4,185.242.3.83,text_feeds:threatfox_c2,2026-03-15T16:00:41Z,CLEAR,0.5,c2;threatfox_c2,https://threatfox.abuse.ch/export/csv/recent/
ipv4,185.247.211.21,text_feeds:threatfox_c2,2026-09-17T19:44:39Z,CLEAR,0.5,c2;threatfox_c2,https://threatfox.abuse.ch/export/csv/recent/
ipv4,185.249.199.108,text_feeds:threatfox_c2,2026-09-15T09:44:34Z,CLEAR,0.5,c2;threatfox_c2,https://threatfox.abuse.ch/export/csv/recent/
ipv4,185.254.96.135,text_feeds:threatfox_c2,2026-09-29T19:44:08Z,CLEAR,0.5,c2;threatfox_c2,https://threatfox.abuse.ch/export/csv/recent/
ipv4,185.254.99.169,text_feeds:threatfox_c2,2026-09-29T19:44:08Z,CLEAR,0.5,c2;threatfox_c2,https://threatfox.abuse.ch/export/csv/recent/
ipv4,185.254.99.217,text_feeds:threatfox_c2,2026-09-06T19:44:28Z,CLEAR,0.5,c2;threatfox_c2,https://threatfox.abuse.ch/export/csv/recent/
ipv4,185.33.86.141,text_feeds:threatfox_c2,2026-07-21T09:44:16Z,CLEAR,0.5,c2;threatfox_c2,https://threatfox.abuse.ch/export/csv/recent/
ipv4,185.33.86.15,text_feeds:threatfox_c2,2025-01-30T08:45:48Z,CLEAR,0.5,c2;threatfox_c2,https://threatfox.abuse.ch/export/csv/recent/
ipv4,185.34.147.31,text_feeds:threatfox_c2,2026-09-20T09:44:41Z,CLEAR,0.5,c2;threatfox_c2,https://threatfox.abuse.ch/export/csv/recent/
ipv4,185.34.147.32,text_feeds:threatfox_c2,2026-09-20T09:44:42Z,CLEAR,0.5,c2;threatfox_c2,https://threatfox.abuse.ch/export/csv/recent/
ipv4,185.34.147.33,text_feeds:threatfox_c2,2026-09-20T09:44:43Z,CLEAR,0.5,c2;threatfox_c2,https://threatfox.abuse.ch/export/csv/recent/
ipv4,185.34.147.34,text_feeds:threatfox_c2,2026-09-20T09:44:44Z,CLEAR,0.5,c2;threatfox_c2,https://threatfox.abuse.ch/export/csv/recent/
ipv4,185.34.147.35,text_feeds:threatfox_c2,2026-09-20T09:44:45Z,CLEAR,0.5,c2;threatfox_c2,https://threatfox.abuse.ch/export/csv/recent/
ipv4,185.42.163.55,text_feeds:threatfox_c2,2026-08-22T09:44:35Z,CLEAR,0.5,c2;threatfox_c2,https://threatfox.abuse.ch/export/csv/recent/
ipv4,185.92.190.173,text_feeds:threatfox_c2,2026-08-06T11:47:15Z,CLEAR,0.5,c2;threatfox_c2,https://threatfox.abuse.ch/export/csv/recent/
ipv4,185.92.190.174,text_feeds:threatfox_c2,2026-08-20T11:47:46Z,CLEAR,0.5,c2;threatfox_c2,https://threatfox.abuse.ch/export/csv/recent/
ipv4,185.92.190.175,text_feeds:threatfox_c2,2026-08-13T23:46:59Z,CLEAR,0.5,c2;threatfox_c2,https://threatfox.abuse.ch/export/csv/recent/
ipv4,185.92.190.176,text_feeds:threatfox_c2,2026-08-06T11:47:16Z,CLEAR,0.5,c2;threatfox_c2,https://threatfox.abuse.ch/export/csv/recent/
ipv4,185.92.190.177,text_feeds:threatfox_c2,2026-08-08T11:47:11Z,CLEAR,0.5,c2;threatfox_c2,https://threatfox.abuse.ch/export/csv/recent/
ipv4,185.94.29.158,text_feeds:threatfox_c2,2026-09-26T19:45:50Z,CLEAR,0.5,c2;threatfox_c2,https://threatfox.abuse.ch/export/csv/recent/
ipv4,186.169.88.130,text_feeds:threatfox_c2,2026-08-18T09:44:48Z,CLEAR,0.5,c2;threatfox_c2,https://threatfox.abuse.ch/export/csv/recent/
ipv4,186.240.202.85,text_feeds:threatfox_c2,2026-09-09T19:44:49Z,CLEAR,0.5,c2;threatfox_c2,https://threatfox.abuse.ch/export/csv/recent/
ipv4,186.240.202.89,text_feeds:threatfox_c2,2026-09-09T19:44:49Z,CLEAR,0.5,c2;threatfox_c2,https://threatfox.abuse.ch/export/csv/recent/
ipv4,186.244.214.231,text_feeds:threatfox_c2,2026-09-19T19:44:59Z,CLEAR,0.5,c2;threatfox_c2,https://threatfox.abuse.ch/export/csv/recent/
ipv4,186.244.227.104,text_feeds:threatfox_c2,2026-08-05T09:44:33Z,CLEAR,0.5,c2;threatfox_c2,https://threatfox.abuse.ch/export/csv/recent/
ipv4,186.244.227.27,text_feeds:threatfox_c2,2026-08-05T09:44:33Z,CLEAR,0.5,c2;threatfox_c2,https://threatfox.abuse.ch/export/csv/recent/
ipv4,186.244.227.52,text_feeds:threatfox_c2,2026-08-05T09:44:34Z,CLEAR,0.5,c2;threatfox_c2,https://threatfox.abuse.ch/export/csv/recent/
ipv4,187.145.125.245,text_feeds:threatfox_c2,2026-09-09T19:44:50Z,CLEAR,0.5,c2;threatfox_c2,https://threatfox.abuse.ch/export/csv/recent/
ipv4,187.145.56.252,text_feeds:threatfox_c2,2026-08-26T19:44:27Z,CLEAR,0.5,c2;threatfox_c2,https://threatfox.abuse.ch/export/csv/recent/
ipv4,187.145.61.38,text_feeds:threatfox_c2,2026-09-12T09:44:55Z,CLEAR,0.5,c2;threatfox_c2,https://threatfox.abuse.ch/export/csv/recent/
ipv4,187.145.62.206,text_feeds:threatfox_c2,2026-09-29T07:05:05Z,CLEAR,0.5,c2;threatfox_c2,https://threatfox.abuse.ch/export/csv/recent/
ipv4,188.120.255.247,text_feeds:threatfox_c2,2026-09-21T19:44:36Z,CLEAR,0.5,c2;threatfox_c2,https://threatfox.abuse.ch/export/csv/recent/
ipv4,188.132.242.67,text_feeds:threatfox_c2,2026-09-28T09:58:58Z,CLEAR,0.5,c2;threatfox_c2,https://threatfox.abuse.ch/export/csv/recent/
ipv4,188.137.227.133,text_feeds:threatfox_c2,2026-09-22T09:44:38Z,CLEAR,0.5,c2;threatfox_c2,https://threatfox.abuse.ch/export/csv/recent/
ipv4,188.137.247.142,text_feeds:threatfox_c2,2026-09-29T12:46:37Z,CLEAR,0.5,c2;threatfox_c2,https://threatfox.abuse.ch/export/csv/recent/
ipv4,188.165.201.165,text_feeds:threatfox_c2,2026-09-28T10:00:19Z,CLEAR,0.5,c2;threatfox_c2,https://threatfox.abuse.ch/export/csv/recent/
ipv4,188.166.100.18,text_feeds:threatfox_c2,2026-09-14T08:01:52Z,CLEAR,0.5,c2;threatfox_c2,https://threatfox.abuse.ch/export/csv/recent/
ipv4,188.166.178.13,text_feeds:threatfox_c2,2026-09-29T06:28:47Z,CLEAR,0.5,c2;threatfox_c2,https://threatfox.abuse.ch/export/csv/recent/
ipv4,188.166.232.100,text_feeds:threatfox_c2,2026-09-25T11:47:12Z,CLEAR,0.5,c2;threatfox_c2,https://threatfox.abuse.ch/export/csv/recent/
ipv4,188.166.244.201,text_feeds:threatfox_c2,2026-02-04T00:02:27Z,CLEAR,0.5,c2;threatfox_c2,https://threatfox.abuse.ch/export/csv/recent/
ipv4,188.166.246.245,text_feeds:threatfox_c2,2026-09-28T06:08:49Z,CLEAR,0.5,c2;threatfox_c2,https://threatfox.abuse.ch/export/csv/recent/
ipv4,188.166.254.199,text_feeds:threatfox_c2,2026-09-17T16:05:06Z,CLEAR,0.5,c2;threatfox_c2,https://threatfox.abuse.ch/export/csv/recent/
ipv4,188.166.35.43,text_feeds:threatfox_c2,2026-09-14T08:01:52Z,CLEAR,0.5,c2;threatfox_c2,https://threatfox.abuse.ch/export/csv/recent/
ipv4,188.166.40.236,text_feeds:threatfox_c2,2026-07-16T19:44:30Z,CLEAR,0.5,c2;threatfox_c2,https://threatfox.abuse.ch/export/csv/recent/
ipv4,188.166.73.139,text_feeds:threatfox_c2,2026-03-25T16:18:17Z,CLEAR,0.5,c2;threatfox_c2,https://threatfox.abuse.ch/export/csv/recent/
ipv4,188.209.158.187,text_feeds:threatfox_c2,2026-09-28T09:58:32Z,CLEAR,0.5,c2;threatfox_c2,https://threatfox.abuse.ch/export/csv/recent/
ipv4,188.212.158.203,text_feeds:threatfox_c2,2026-09-27T03:46:47Z,CLEAR,0.5,c2;threatfox_c2,https://threatfox.abuse.ch/export/csv/recent/
ipv4,188.227.14.105,text_feeds:threatfox_c2,2026-09-04T19:47:51Z,CLEAR,0.5,c2;threatfox_c2,https://threatfox.abuse.ch/export/csv/recent/
ipv4,188.23.175.25,text_feeds:threatfox_c2,2026-08-26T19:44:28Z,CLEAR,0.5,c2;threatfox_c2,https://threatfox.abuse.ch/export/csv/recent/
ipv4,188.48.121.249,text_feeds:threatfox_c2,2026-09-22T09:44:39Z,CLEAR,0.5,c2;threatfox_c2,https://threatfox.abuse.ch/export/csv/recent/
ipv4,189.128.156.178,text_feeds:threatfox_c2,2026-09-25T09:44:45Z,CLEAR,0.5,c2;threatfox_c2,https://threatfox.abuse.ch/export/csv/recent/
ipv4,189.141.23.165,text_feeds:threatfox_c2,2026-09-02T09:44:39Z,CLEAR,0.5,c2;threatfox_c2,https://threatfox.abuse.ch/export/csv/recent/
ipv4,189.141.53.203,text_feeds:threatfox_c2,2026-09-17T16:05:05Z,CLEAR,0.5,c2;threatfox_c2,https://threatfox.abuse.ch/export/csv/recent/
ipv4,189.34.188.6,text_feeds:threatfox_c2,2026-05-10T19:43:39Z,CLEAR,0.5,c2;threatfox_c2,https://threatfox.abuse.ch/export/csv/recent/
ipv4,190.102.41.198,text_feeds:threatfox_c2,2026-09-04T09:45:35Z,CLEAR,0.5,c2;threatfox_c2,https://threatfox.abuse.ch/export/csv/recent/
ipv4,191.107.92.58,text_feeds:threatfox_c2,2026-09-22T19:44:38Z,CLEAR,0.5,c2;threatfox_c2,https://threatfox.abuse.ch/export/csv/recent/
ipv4,191.223.33.20,text_feeds:threatfox_c2,2026-09-22T19:44:38Z,CLEAR,0.5,c2;threatfox_c2,https://threatfox.abuse.ch/export/csv/recent/
ipv4,191.223.34.57,text_feeds:threatfox_c2,2026-09-22T19:44:38Z,CLEAR,0.5,c2;threatfox_c2,https://threatfox.abuse.ch/export/csv/recent/
ipv4,191.223.34.61,text_feeds:threatfox_c2,2026-09-22T19:44:39Z,CLEAR,0.5,c2;threatfox_c2,https://threatfox.abuse.ch/export/csv/recent/
ipv4,191.252.184.198,text_feeds:threatfox_c2,2026-09-06T09:44:41Z,CLEAR,0.5,c2;threatfox_c2,https://threatfox.abuse.ch/export/csv/recent/
ipv4,191.93.113.119,text_feeds:threatfox_c2,2026-09-11T19:44:52Z,CLEAR,0.5,c2;threatfox_c2,https://threatfox.abuse.ch/export/csv/recent/
ipv4,191.93.118.254,text_feeds:threatfox_c2,2025-06-18T08:02:37Z,CLEAR,0.5,c2;threatfox_c2,https://threatfox.abuse.ch/export/csv/recent/
ipv4,192.140.176.79,text_feeds:threatfox_c2,2026-02-08T15:42:09Z,CLEAR,0.5,c2;threatfox_c2,https://threatfox.abuse.ch/export/csv/recent/
ipv4,192.142.10.165,text_feeds:threatfox_c2,2026-09-22T09:44:40Z,CLEAR,0.5,c2;threatfox_c2,https://threatfox.abuse.ch/export/csv/recent/
ipv4,192.159.99.211,text_feeds:threatfox_c2,2026-09-23T19:44:50Z,CLEAR,0.5,c2;threatfox_c2,https://threatfox.abuse.ch/export/csv/recent/
ipv4,192.162.199.179,text_feeds:threatfox_c2,2026-09-14T09:44:47Z,CLEAR,0.5,c2;threatfox_c2,https://threatfox.abuse.ch/export/csv/recent/
ipv4,192.162.199.185,text_feeds:threatfox_c2,2026-08-16T09:44:24Z,CLEAR,0.5,c2;threatfox_c2,https://threatfox.abuse.ch/export/csv/recent/
ipv4,192.162.199.188,text_feeds:threatfox_c2,2026-09-17T19:44:47Z,CLEAR,0.5,c2;threatfox_c2,https://threatfox.abuse.ch/export/csv/recent/
ipv4,192.162.199.242,text_feeds:threatfox_c2,2026-09-14T12:03:48Z,CLEAR,0.5,c2;threatfox_c2,https://threatfox.abuse.ch/export/csv/recent/
ipv4,192.162.199.79,text_feeds:threatfox_c2,2026-09-29T07:28:28Z,CLEAR,0.5,c2;threatfox_c2,https://threatfox.abuse.ch/export/csv/recent/
ipv4,192.169.176.54,text_feeds:threatfox_c2,2026-09-14T09:44:47Z,CLEAR,0.5,c2;threatfox_c2,https://threatfox.abuse.ch/export/csv/recent/
ipv4,192.177.26.195,text_feeds:threatfox_c2,2026-09-23T19:44:52Z,CLEAR,0.5,c2;threatfox_c2,https://threatfox.abuse.ch/export/csv/recent/
ipv4,192.208.12.91,text_feeds:threatfox_c2,2026-06-10T09:44:00Z,CLEAR,0.5,c2;threatfox_c2,https://threatfox.abuse.ch/export/csv/recent/
ipv4,192.227.153.89,text_feeds:threatfox_c2,2026-09-25T19:44:42Z,CLEAR,0.5,c2;threatfox_c2,https://threatfox.abuse.ch/export/csv/recent/
ipv4,192.227.155.185,text_feeds:threatfox_c2,2022-01-25T22:30:16Z,CLEAR,0.5,c2;threatfox_c2,https://threatfox.abuse.ch/export/csv/recent/
ipv4,192.229.115.243,text_feeds:threatfox_c2,2026-08-27T19:44:53Z,CLEAR,0.5,c2;threatfox_c2,https://threatfox.abuse.ch/export/csv/recent/
ipv4,192.229.115.246,text_feeds:threatfox_c2,2026-08-26T21:44:36Z,CLEAR,0.5,c2;threatfox_c2,https://threatfox.abuse.ch/export/csv/recent/
ipv4,192.229.115.254,text_feeds:threatfox_c2,2026-08-26T21:44:36Z,CLEAR,0.5,c2;threatfox_c2,https://threatfox.abuse.ch/export/csv/recent/
ipv4,192.235.96.137,text_feeds:threatfox_c2,2025-01-08T07:30:52Z,CLEAR,0.5,c2;threatfox_c2,https://threatfox.abuse.ch/export/csv/recent/
ipv4,192.236.166.73,text_feeds:threatfox_c2,2026-09-21T09:44:44Z,CLEAR,0.5,c2;threatfox_c2,https://threatfox.abuse.ch/export/csv/recent/
ipv4,192.238.177.14,text_feeds:threatfox_c2,2026-09-13T09:44:53Z,CLEAR,0.5,c2;threatfox_c2,https://threatfox.abuse.ch/export/csv/recent/
ipv4,192.238.177.18,text_feeds:threatfox_c2,2026-09-13T09:44:54Z,CLEAR,0.5,c2;threatfox_c2,https://threatfox.abuse.ch/export/csv/recent/
ipv4,192.241.133.130,text_feeds:threatfox_c2,2022-02-22T16:44:41Z,CLEAR,0.5,c2;threatfox_c2,https://threatfox.abuse.ch/export/csv/recent/
ipv4,192.241.151.6,text_feeds:threatfox_c2,2026-09-09T19:44:56Z,CLEAR,0.5,c2;threatfox_c2,https://threatfox.abuse.ch/export/csv/recent/
ipv4,192.252.179.24,text_feeds:threatfox_c2,2026-08-10T19:05:07Z,CLEAR,0.5,c2;threatfox_c2,https://threatfox.abuse.ch/export/csv/recent/
ipv4,192.252.185.78,text_feeds:threatfox_c2,2026-08-10T20:05:05Z,CLEAR,0.5,c2;threatfox_c2,https://threatfox.abuse.ch/export/csv/recent/
ipv4,192.252.187.56,text_feeds:threatfox_c2,2026-09-11T19:44:56Z,CLEAR,0.5,c2;threatfox_c2,https://threatfox.abuse.ch/export/csv/recent/
ipv4,192.252.187.60,text_feeds:threatfox_c2,2026-02-08T15:42:33Z,CLEAR,0.5,c2;threatfox_c2,https://threatfox.abuse.ch/export/csv/recent/
ipv4,192.253.226.10,text_feeds:threatfox_c2,2026-09-07T09:44:49Z,CLEAR,0.5,c2;threatfox_c2,https://threatfox.abuse.ch/export/csv/recent/
ipv4,192.253.226.78,text_feeds:threatfox_c2,2026-09-03T19:44:42Z,CLEAR,0.5,c2;threatfox_c2,https://threatfox.abuse.ch/export/csv/recent/
ipv4,192.253.227.88,text_feeds:threatfox_c2,2025-11-04T02:49:22Z,CLEAR,0.5,c2;threatfox_c2,https://threatfox.abuse.ch/export/csv/recent/
ipv4,192.253.229.23,text_feeds:threatfox_c2,2026-09-23T19:44:54Z,CLEAR,0.5,c2;threatfox_c2,https://threatfox.abuse.ch/export/csv/recent/
ipv4,192.255.195.141,text_feeds:threatfox_c2,2026-08-26T09:44:41Z,CLEAR,0.5,c2;threatfox_c2,https://threatfox.abuse.ch/export/csv/recent/
ipv4,192.3.139.18,text_feeds:threatfox_c2,2026-06-11T19:43:50Z,CLEAR,0.5,c2;threatfox_c2,https://threatfox.abuse.ch/export/csv/recent/
ipv4,192.9.157.200,text_feeds:threatfox_c2,2026-09-06T13:47:16Z,CLEAR,0.5,c2;threatfox_c2,https://threatfox.abuse.ch/export/csv/recent/
ipv4,192.99.70.186,text_feeds:threatfox_c2,2026-08-31T09:45:32Z,CLEAR,0.5,c2;threatfox_c2,https://threatfox.abuse.ch/export/csv/recent/
ipv4,193.111.117.26,text_feeds:threatfox_c2,2026-08-26T19:44:32Z,CLEAR,0.5,c2;threatfox_c2,https://threatfox.abuse.ch/export/csv/recent/
ipv4,193.111.77.180,text_feeds:threatfox_c2,2026-09-11T09:44:54Z,CLEAR,0.5,c2;threatfox_c2,https://threatfox.abuse.ch/export/csv/recent/
ipv4,193.112.169.214,text_feeds:threatfox_c2,2026-08-03T09:44:27Z,CLEAR,0.5,c2;threatfox_c2,https://threatfox.abuse.ch/export/csv/recent/
ipv4,193.112.254.32,text_feeds:threatfox_c2,2026-09-21T19:44:42Z,CLEAR,0.5,c2;threatfox_c2,https://threatfox.abuse.ch/export/csv/recent/
ipv4,193.112.84.248,text_feeds:threatfox_c2,2025-07-18T12:51:20Z,CLEAR,0.5,c2;threatfox_c2,https://threatfox.abuse.ch/export/csv/recent/
ipv4,193.112.95.1,text_feeds:threatfox_c2,2026-09-11T13:51:07Z,CLEAR,0.5,c2;threatfox_c2,https://threatfox.abuse.ch/export/csv/recent/
ipv4,193.135.137.240,text_feeds:threatfox_c2,2026-06-10T19:43:51Z,CLEAR,0.5,c2;threatfox_c2,https://threatfox.abuse.ch/export/csv/recent/
ipv4,193.143.1.247,text_feeds:threatfox_c2,2026-09-22T09:44:45Z,CLEAR,0.5,c2;threatfox_c2,https://threatfox.abuse.ch/export/csv/recent/
ipv4,193.160.32.138,text_feeds:threatfox_c2,2026-09-27T20:14:32Z,CLEAR,0.5,c2;threatfox_c2,https://threatfox.abuse.ch/export/csv/recent/
ipv4,193.161.193.99,text_feeds:threatfox_c2,2026-09-26T12:44:45Z,CLEAR,0.5,c2;threatfox_c2,https://threatfox.abuse.ch/export/csv/recent/
ipv4,193.164.5.4,text_feeds:threatfox_c2,2026-07-29T08:58:02Z,CLEAR,0.5,c2;threatfox_c2,https://threatfox.abuse.ch/export/csv/recent/
ipv4,193.168.175.69,text_feeds:threatfox_c2,2026-09-10T21:44:53Z,CLEAR,0.5,c2;threatfox_c2,https://threatfox.abuse.ch/export/csv/recent/
ipv4,193.178.158.107,text_feeds:threatfox_c2,2026-09-21T00:36:02Z,CLEAR,0.5,c2;threatfox_c2,https://threatfox.abuse.ch/export/csv/recent/
ipv4,193.201.185.90,text_feeds:threatfox_c2,2026-09-29T12:43:09Z,CLEAR,0.5,c2;threatfox_c2,https://threatfox.abuse.ch/export/csv/recent/
ipv4,193.201.9.229,text_feeds:threatfox_c2,2022-01-18T22:32:52Z,CLEAR,0.5,c2;threatfox_c2,https://threatfox.abuse.ch/export/csv/recent/
ipv4,193.233.126.164,text_feeds:threatfox_c2,2026-08-26T21:44:39Z,CLEAR,0.5,c2;threatfox_c2,https://threatfox.abuse.ch/export/csv/recent/
ipv4,193.233.131.97,text_feeds:threatfox_c2,2026-09-10T19:44:56Z,CLEAR,0.5,c2;threatfox_c2,https://threatfox.abuse.ch/export/csv/recent/
ipv4,193.233.210.226,text_feeds:threatfox_c2,2026-09-28T12:51:19Z,CLEAR,0.5,c2;threatfox_c2,https://threatfox.abuse.ch/export/csv/recent/
ipv4,193.233.220.65,text_feeds:threatfox_c2,2026-08-26T09:44:43Z,CLEAR,0.5,c2;threatfox_c2,https://threatfox.abuse.ch/export/csv/recent/
ipv4,193.233.49.79,text_feeds:threatfox_c2,2026-09-08T09:44:51Z,CLEAR,0.5,c2;threatfox_c2,https://threatfox.abuse.ch/export/csv/recent/
ipv4,193.239.237.120,text_feeds:threatfox_c2,2026-09-08T09:44:51Z,CLEAR,0.5,c2;threatfox_c2,https://threatfox.abuse.ch/export/csv/recent/
ipv4,193.239.85.15,text_feeds:threatfox_c2,2025-06-02T12:01:04Z,CLEAR,0.5,c2;threatfox_c2,https://threatfox.abuse.ch/export/csv/recent/
ipv4,193.24.123.160,text_feeds:threatfox_c2,2026-05-26T09:44:02Z,CLEAR,0.5,c2;threatfox_c2,https://threatfox.abuse.ch/export/csv/recent/
ipv4,193.24.123.25,text_feeds:threatfox_c2,2026-06-30T19:44:21Z,CLEAR,0.5,c2;threatfox_c2,https://threatfox.abuse.ch/export/csv/recent/
ipv4,193.25.215.37,text_feeds:threatfox_c2,2026-09-12T19:44:46Z,CLEAR,0.5,c2;threatfox_c2,https://threatfox.abuse.ch/export/csv/recent/
ipv4,193.25.215.83,text_feeds:threatfox_c2,2026-09-18T19:44:38Z,CLEAR,0.5,c2;threatfox_c2,https://threatfox.abuse.ch/export/csv/recent/
ipv4,193.26.115.5,text_feeds:threatfox_c2,2026-09-18T19:44:38Z,CLEAR,0.5,c2;threatfox_c2,https://threatfox.abuse.ch/export/csv/recent/
ipv4,193.29.13.216,text_feeds:threatfox_c2,2022-04-23T16:42:50Z,CLEAR,0.5,c2;threatfox_c2,https://threatfox.abuse.ch/export/csv/recent/
ipv4,193.29.13.44,text_feeds:threatfox_c2,2026-07-09T02:05:05Z,CLEAR,0.5,c2;threatfox_c2,https://threatfox.abuse.ch/export/csv/recent/
ipv4,193.32.162.108,text_feeds:threatfox_c2,2026-08-17T09:45:13Z,CLEAR,0.5,c2;threatfox_c2,https://threatfox.abuse.ch/export/csv/recent/
ipv4,193.8.187.10,text_feeds:threatfox_c2,2026-09-14T09:44:55Z,CLEAR,0.5,c2;threatfox_c2,https://threatfox.abuse.ch/export/csv/recent/
ipv4,194.11.246.110,text_feeds:threatfox_c2,2026-09-29T07:00:30Z,CLEAR,0.5,c2;threatfox_c2,https://threatfox.abuse.ch/export/csv/recent/
ipv4,194.110.172.193,text_feeds:threatfox_c2,2026-09-12T09:45:12Z,CLEAR,0.5,c2;threatfox_c2,https://threatfox.abuse.ch/export/csv/recent/
ipv4,194.113.73.246,text_feeds:threatfox_c2,2026-09-05T09:44:57Z,CLEAR,0.5,c2;threatfox_c2,https://threatfox.abuse.ch/export/csv/recent/
ipv4,194.165.16.55,text_feeds:threatfox_c2,2024-03-06T20:55:37Z,CLEAR,0.5,c2;threatfox_c2,https://threatfox.abuse.ch/export/csv/recent/
ipv4,194.180.48.18,text_feeds:threatfox_c2,2025-01-13T19:38:30Z,CLEAR,0.5,c2;threatfox_c2,https://threatfox.abuse.ch/export/csv/recent/
ipv4,194.182.87.116,text_feeds:threatfox_c2,2026-08-15T09:44:31Z,CLEAR,0.5,c2;threatfox_c2,https://threatfox.abuse.ch/export/csv/recent/
ipv4,194.26.192.117,text_feeds:threatfox_c2,2026-07-05T19:44:18Z,CLEAR,0.5,c2;threatfox_c2,https://threatfox.abuse.ch/export/csv/recent/
ipv4,194.26.192.153,text_feeds:threatfox_c2,2026-09-20T09:44:56Z,CLEAR,0.5,c2;threatfox_c2,https://threatfox.abuse.ch/export/csv/recent/
ipv4,194.32.114.69,text_feeds:threatfox_c2,2026-09-19T19:45:19Z,CLEAR,0.5,c2;threatfox_c2,https://threatfox.abuse.ch/export/csv/recent/
ipv4,194.32.142.225,text_feeds:threatfox_c2,2026-09-11T19:45:01Z,CLEAR,0.5,c2;threatfox_c2,https://threatfox.abuse.ch/export/csv/recent/
ipv4,194.32.149.129,text_feeds:threatfox_c2,2026-09-02T13:05:07Z,CLEAR,0.5,c2;threatfox_c2,https://threatfox.abuse.ch/export/csv/recent/
ipv4,194.36.178.53,text_feeds:threatfox_c2,2026-03-06T00:01:40Z,CLEAR,0.5,c2;threatfox_c2,https://threatfox.abuse.ch/export/csv/recent/
ipv4,194.37.97.153,text_feeds:threatfox_c2,2022-04-05T16:53:16Z,CLEAR,0.5,c2;threatfox_c2,https://threatfox.abuse.ch/export/csv/recent/
ipv4,194.48.251.40,text_feeds:threatfox_c2,2026-09-28T12:51:02Z,CLEAR,0.5,c2;threatfox_c2,https://threatfox.abuse.ch/export/csv/recent/
ipv4,194.49.68.166,text_feeds:threatfox_c2,2026-09-21T09:44:49Z,CLEAR,0.5,c2;threatfox_c2,https://threatfox.abuse.ch/export/csv/recent/
ipv4,194.50.16.15,text_feeds:threatfox_c2,2026-09-28T12:51:03Z,CLEAR,0.5,c2;threatfox_c2,https://threatfox.abuse.ch/export/csv/recent/
ipv4,194.58.47.81,text_feeds:threatfox_c2,2026-09-01T09:45:07Z,CLEAR,0.5,c2;threatfox_c2,https://threatfox.abuse.ch/export/csv/recent/
ipv4,194.59.30.123,text_feeds:threatfox_c2,2026-09-08T19:45:00Z,CLEAR,0.5,c2;threatfox_c2,https://threatfox.abuse.ch/export/csv/recent/
ipv4,194.59.30.183,text_feeds:threatfox_c2,2026-07-31T09:44:38Z,CLEAR,0.5,c2;threatfox_c2,https://threatfox.abuse.ch/export/csv/recent/
ipv4,194.59.30.244,text_feeds:threatfox_c2,2026-09-28T09:59:08Z,CLEAR,0.5,c2;threatfox_c2,https://threatfox.abuse.ch/export/csv/recent/
ipv4,194.59.30.96,text_feeds:threatfox_c2,2026-08-30T19:44:35Z,CLEAR,0.5,c2;threatfox_c2,https://threatfox.abuse.ch/export/csv/recent/
ipv4,194.59.31.78,text_feeds:threatfox_c2,2026-08-28T19:44:31Z,CLEAR,0.5,c2;threatfox_c2,https://threatfox.abuse.ch/export/csv/recent/
ipv4,194.62.248.129,text_feeds:threatfox_c2,2026-07-31T19:44:21Z,CLEAR,0.5,c2;threatfox_c2,https://threatfox.abuse.ch/export/csv/recent/
ipv4,194.87.82.8,text_feeds:threatfox_c2,2025-08-01T20:01:06Z,CLEAR,0.5,c2;threatfox_c2,https://threatfox.abuse.ch/export/csv/recent/
ipv4,194.9.6.125,text_feeds:threatfox_c2,2026-09-12T19:44:50Z,CLEAR,0.5,c2;threatfox_c2,https://threatfox.abuse.ch/export/csv/recent/
ipv4,194.9.6.35,text_feeds:threatfox_c2,2026-09-01T19:44:37Z,CLEAR,0.5,c2;threatfox_c2,https://threatfox.abuse.ch/export/csv/recent/
ipv4,194.9.6.95,text_feeds:threatfox_c2,2026-09-07T19:44:49Z,CLEAR,0.5,c2;threatfox_c2,https://threatfox.abuse.ch/export/csv/recent/
ipv4,195.100.198.220,text_feeds:threatfox_c2,2024-10-01T16:02:09Z,CLEAR,0.5,c2;threatfox_c2,https://threatfox.abuse.ch/export/csv/recent/
ipv4,195.177.94.100,text_feeds:threatfox_c2,2026-09-11T19:45:09Z,CLEAR,0.5,c2;threatfox_c2,https://threatfox.abuse.ch/export/csv/recent/
ipv4,195.177.94.101,text_feeds:threatfox_c2,2026-09-01T20:05:07Z,CLEAR,0.5,c2;threatfox_c2,https://threatfox.abuse.ch/export/csv/recent/
ipv4,195.177.94.11,text_feeds:threatfox_c2,2026-09-04T19:44:56Z,CLEAR,0.5,c2;threatfox_c2,https://threatfox.abuse.ch/export/csv/recent/
ipv4,195.177.94.156,text_feeds:threatfox_c2,2026-09-27T19:44:19Z,CLEAR,0.5,c2;threatfox_c2,https://threatfox.abuse.ch/export/csv/recent/
ipv4,195.177.94.16,text_feeds:threatfox_c2,2026-09-23T19:45:06Z,CLEAR,0.5,c2;threatfox_c2,https://threatfox.abuse.ch/export/csv/recent/
ipv4,195.177.94.188,text_feeds:threatfox_c2,2026-09-01T19:44:38Z,CLEAR,0.5,c2;threatfox_c2,https://threatfox.abuse.ch/export/csv/recent/
ipv4,195.177.94.227,text_feeds:threatfox_c2,2026-09-26T19:46:11Z,CLEAR,0.5,c2;threatfox_c2,https://threatfox.abuse.ch/export/csv/recent/
ipv4,195.177.94.23,text_feeds:threatfox_c2,2026-09-13T19:44:42Z,CLEAR,0.5,c2;threatfox_c2,https://threatfox.abuse.ch/export/csv/recent/
ipv4,195.177.94.233,text_feeds:threatfox_c2,2026-09-03T19:44:50Z,CLEAR,0.5,c2;threatfox_c2,https://threatfox.abuse.ch/export/csv/recent/
ipv4,195.177.94.29,text_feeds:threatfox_c2,2026-09-23T19:45:08Z,CLEAR,0.5,c2;threatfox_c2,https://threatfox.abuse.ch/export/csv/recent/
ipv4,195.177.94.4,text_feeds:threatfox_c2,2026-09-15T19:44:55Z,CLEAR,0.5,c2;threatfox_c2,https://threatfox.abuse.ch/export/csv/recent/
ipv4,195.177.94.91,text_feeds:threatfox_c2,2026-08-28T19:44:34Z,CLEAR,0.5,c2;threatfox_c2,https://threatfox.abuse.ch/export/csv/recent/
ipv4,195.177.94.94,text_feeds:threatfox_c2,2026-09-15T19:44:56Z,CLEAR,0.5,c2;threatfox_c2,https://threatfox.abuse.ch/export/csv/recent/
ipv4,195.177.94.98,text_feeds:threatfox_c2,2026-09-10T21:45:02Z,CLEAR,0.5,c2;threatfox_c2,https://threatfox.abuse.ch/export/csv/recent/
ipv4,195.178.110.135,text_feeds:threatfox_c2,2025-09-11T20:01:36Z,CLEAR,0.5,c2;threatfox_c2,https://threatfox.abuse.ch/export/csv/recent/
ipv4,195.2.80.76,text_feeds:threatfox_c2,2026-09-10T09:45:16Z,CLEAR,0.5,c2;threatfox_c2,https://threatfox.abuse.ch/export/csv/recent/
ipv4,195.20.115.166,text_feeds:threatfox_c2,2026-09-01T19:44:40Z,CLEAR,0.5,c2;threatfox_c2,https://threatfox.abuse.ch/export/csv/recent/
ipv4,195.20.115.80,text_feeds:threatfox_c2,2026-08-29T19:44:51Z,CLEAR,0.5,c2;threatfox_c2,https://threatfox.abuse.ch/export/csv/recent/
ipv4,195.22.17.59,text_feeds:threatfox_c2,2026-09-28T10:00:24Z,CLEAR,0.5,c2;threatfox_c2,https://threatfox.abuse.ch/export/csv/recent/
ipv4,195.242.119.86,text_feeds:threatfox_c2,2026-08-08T09:44:30Z,CLEAR,0.5,c2;threatfox_c2,https://threatfox.abuse.ch/export/csv/recent/
ipv4,195.66.213.23,text_feeds:threatfox_c2,2026-09-05T19:44:46Z,CLEAR,0.5,c2;threatfox_c2,https://threatfox.abuse.ch/export/csv/recent/
ipv4,196.251.107.131,text_feeds:threatfox_c2,2026-08-05T19:44:48Z,CLEAR,0.5,c2;threatfox_c2,https://threatfox.abuse.ch/export/csv/recent/
ipv4,196.251.107.252,text_feeds:threatfox_c2,2026-09-27T06:43:38Z,CLEAR,0.5,c2;threatfox_c2,https://threatfox.abuse.ch/export/csv/recent/
ipv4,196.251.121.124,text_feeds:threatfox_c2,2026-09-11T19:45:15Z,CLEAR,0.5,c2;threatfox_c2,https://threatfox.abuse.ch/export/csv/recent/
ipv4,196.251.121.137,text_feeds:threatfox_c2,2026-08-27T08:38:09Z,CLEAR,0.5,c2;threatfox_c2,https://threatfox.abuse.ch/export/csv/recent/
ipv4,196.251.121.238,text_feeds:threatfox_c2,2026-09-13T09:45:13Z,CLEAR,0.5,c2;threatfox_c2,https://threatfox.abuse.ch/export/csv/recent/
ipv4,196.251.121.249,text_feeds:threatfox_c2,2026-09-29T06:28:28Z,CLEAR,0.5,c2;threatfox_c2,https://threatfox.abuse.ch/export/csv/recent/
ipv4,196.251.121.250,text_feeds:threatfox_c2,2026-09-23T06:38:13Z,CLEAR,0.5,c2;threatfox_c2,https://threatfox.abuse.ch/export/csv/recent/
ipv4,196.251.121.52,text_feeds:threatfox_c2,2026-09-28T08:05:04Z,CLEAR,0.5,c2;threatfox_c2,https://threatfox.abuse.ch/export/csv/recent/
ipv4,196.251.121.90,text_feeds:threatfox_c2,2026-07-11T05:55:10Z,CLEAR,0.5,c2;threatfox_c2,https://threatfox.abuse.ch/export/csv/recent/
ipv4,196.251.69.253,text_feeds:threatfox_c2,2025-09-25T12:51:01Z,CLEAR,0.5,c2;threatfox_c2,https://threatfox.abuse.ch/export/csv/recent/
ipv4,196.251.83.89,text_feeds:threatfox_c2,2025-10-26T07:39:14Z,CLEAR,0.5,c2;threatfox_c2,https://threatfox.abuse.ch/export/csv/recent/
ipv4,196.64.147.116,text_feeds:threatfox_c2,2026-09-01T19:44:41Z,CLEAR,0.5,c2;threatfox_c2,https://threatfox.abuse.ch/export/csv/recent/
ipv4,196.70.69.77,text_feeds:threatfox_c2,2026-08-28T19:44:36Z,CLEAR,0.5,c2;threatfox_c2,https://threatfox.abuse.ch/export/csv/recent/
ipv4,196.81.251.114,text_feeds:threatfox_c2,2026-09-05T19:44:47Z,CLEAR,0.5,c2;threatfox_c2,https://threatfox.abuse.ch/export/csv/recent/
ipv4,198.13.158.57,text_feeds:threatfox_c2,2026-09-11T19:45:16Z,CLEAR,0.5,c2;threatfox_c2,https://threatfox.abuse.ch/export/csv/recent/
ipv4,198.199.82.231,text_feeds:threatfox_c2,2026-09-11T09:45:14Z,CLEAR,0.5,c2;threatfox_c2,https://threatfox.abuse.ch/export/csv/recent/
ipv4,198.199.86.166,text_feeds:threatfox_c2,2026-08-13T06:05:05Z,CLEAR,0.5,c2;threatfox_c2,https://threatfox.abuse.ch/export/csv/recent/
ipv4,198.23.177.206,text_feeds:threatfox_c2,2026-08-27T08:38:09Z,CLEAR,0.5,c2;threatfox_c2,https://threatfox.abuse.ch/export/csv/recent/
ipv4,198.23.177.210,text_feeds:threatfox_c2,2026-08-28T09:45:01Z,CLEAR,0.5,c2;threatfox_c2,https://threatfox.abuse.ch/export/csv/recent/
ipv4,198.23.237.142,text_feeds:threatfox_c2,2026-09-03T19:44:54Z,CLEAR,0.5,c2;threatfox_c2,https://threatfox.abuse.ch/export/csv/recent/
ipv4,198.44.167.14,text_feeds:threatfox_c2,2026-09-14T19:45:31Z,CLEAR,0.5,c2;threatfox_c2,https://threatfox.abuse.ch/export/csv/recent/
ipv4,198.98.53.100,text_feeds:threatfox_c2,2026-07-26T10:55:50Z,CLEAR,0.5,c2;threatfox_c2,https://threatfox.abuse.ch/export/csv/recent/
ipv4,198.98.53.34,text_feeds:threatfox_c2,2022-09-14T22:07:14Z,CLEAR,0.5,c2;threatfox_c2,https://threatfox.abuse.ch/export/csv/recent/
ipv4,199.231.191.3,text_feeds:threatfox_c2,2026-08-31T19:44:53Z,CLEAR,0.5,c2;threatfox_c2,https://threatfox.abuse.ch/export/csv/recent/
ipv4,199.245.176.147,text_feeds:threatfox_c2,2026-08-27T09:45:14Z,CLEAR,0.5,c2;threatfox_c2,https://threatfox.abuse.ch/export/csv/recent/
ipv4,199.91.221.4,text_feeds:threatfox_c2,2026-09-28T11:49:35Z,CLEAR,0.5,c2;threatfox_c2,https://threatfox.abuse.ch/export/csv/recent/
ipv4,2.25.222.233,text_feeds:threatfox_c2,2026-09-28T06:37:03Z,CLEAR,0.5,c2;threatfox_c2,https://threatfox.abuse.ch/export/csv/recent/
ipv4,2.25.246.239,text_feeds:threatfox_c2,2026-09-26T06:20:26Z,CLEAR,0.5,c2;threatfox_c2,https://threatfox.abuse.ch/export/csv/recent/
ipv4,2.26.1.177,text_feeds:threatfox_c2,2026-06-30T17:44:15Z,CLEAR,0.5,c2;threatfox_c2,https://threatfox.abuse.ch/export/csv/recent/
ipv4,2.26.29.7,text_feeds:threatfox_c2,2026-09-23T19:45:15Z,CLEAR,0.5,c2;threatfox_c2,https://threatfox.abuse.ch/export/csv/recent/
ipv4,2.26.49.181,text_feeds:threatfox_c2,2026-09-29T12:33:06Z,CLEAR,0.5,c2;threatfox_c2,https://threatfox.abuse.ch/export/csv/recent/
ipv4,2.27.122.16,text_feeds:threatfox_c2,2026-07-21T19:44:32Z,CLEAR,0.5,c2;threatfox_c2,https://threatfox.abuse.ch/export/csv/recent/
ipv4,2.27.160.141,text_feeds:threatfox_c2,2026-09-24T09:44:56Z,CLEAR,0.5,c2;threatfox_c2,https://threatfox.abuse.ch/export/csv/recent/
ipv4,2.27.202.130,text_feeds:threatfox_c2,2026-08-25T13:05:06Z,CLEAR,0.5,c2;threatfox_c2,https://threatfox.abuse.ch/export/csv/recent/
ipv4,2.27.203.59,text_feeds:threatfox_c2,2026-08-27T09:45:16Z,CLEAR,0.5,c2;threatfox_c2,https://threatfox.abuse.ch/export/csv/recent/
ipv4,2.27.248.116,text_feeds:threatfox_c2,2026-07-30T09:44:36Z,CLEAR,0.5,c2;threatfox_c2,https://threatfox.abuse.ch/export/csv/recent/
ipv4,2.27.248.16,text_feeds:threatfox_c2,2026-08-14T19:44:41Z,CLEAR,0.5,c2;threatfox_c2,https://threatfox.abuse.ch/export/csv/recent/
ipv4,2.27.248.232,text_feeds:threatfox_c2,2026-07-23T19:44:27Z,CLEAR,0.5,c2;threatfox_c2,https://threatfox.abuse.ch/export/csv/recent/
ipv4,2.27.248.234,text_feeds:threatfox_c2,2026-07-23T09:44:27Z,CLEAR,0.5,c2;threatfox_c2,https://threatfox.abuse.ch/export/csv/recent/
ipv4,2.27.248.236,text_feeds:threatfox_c2,2026-07-23T19:44:27Z,CLEAR,0.5,c2;threatfox_c2,https://threatfox.abuse.ch/export/csv/recent/
ipv4,2.27.248.237,text_feeds:threatfox_c2,2026-07-26T19:44:16Z,CLEAR,0.5,c2;threatfox_c2,https://threatfox.abuse.ch/export/csv/recent/
ipv4,2.27.248.61,text_feeds:threatfox_c2,2026-07-20T19:44:19Z,CLEAR,0.5,c2;threatfox_c2,https://threatfox.abuse.ch/export/csv/recent/
ipv4,2.27.248.72,text_feeds:threatfox_c2,2026-07-23T19:44:27Z,CLEAR,0.5,c2;threatfox_c2,https://threatfox.abuse.ch/export/csv/recent/
ipv4,2.27.248.75,text_feeds:threatfox_c2,2026-07-23T19:44:28Z,CLEAR,0.5,c2;threatfox_c2,https://threatfox.abuse.ch/export/csv/recent/
ipv4,2.27.248.80,text_feeds:threatfox_c2,2026-07-24T19:44:16Z,CLEAR,0.5,c2;threatfox_c2,https://threatfox.abuse.ch/export/csv/recent/
ipv4,2.27.62.228,text_feeds:threatfox_c2,2026-09-22T05:00:06Z,CLEAR,0.5,c2;threatfox_c2,https://threatfox.abuse.ch/export/csv/recent/
ipv4,2.29.24.223,text_feeds:threatfox_c2,2026-09-28T14:16:54Z,CLEAR,0.5,c2;threatfox_c2,https://threatfox.abuse.ch/export/csv/recent/
ipv4,2.29.60.19,text_feeds:threatfox_c2,2026-09-28T14:16:54Z,CLEAR,0.5,c2;threatfox_c2,https://threatfox.abuse.ch/export/csv/recent/
ipv4,2.56.222.17,text_feeds:threatfox_c2,2026-09-08T19:45:21Z,CLEAR,0.5,c2;threatfox_c2,https://threatfox.abuse.ch/export/csv/recent/
ipv4,2.56.97.65,text_feeds:threatfox_c2,2026-09-18T09:44:48Z,CLEAR,0.5,c2;threatfox_c2,https://threatfox.abuse.ch/export/csv/recent/
ipv4,2.59.134.119,text_feeds:threatfox_c2,2026-09-24T19:45:18Z,CLEAR,0.5,c2;threatfox_c2,https://threatfox.abuse.ch/export/csv/recent/
ipv4,2.59.218.73,text_feeds:threatfox_c2,2026-09-02T13:05:09Z,CLEAR,0.5,c2;threatfox_c2,https://threatfox.abuse.ch/export/csv/recent/
ipv4,2.88.92.98,text_feeds:threatfox_c2,2026-08-26T20:05:06Z,CLEAR,0.5,c2;threatfox_c2,https://threatfox.abuse.ch/export/csv/recent/
ipv4,2.91.182.143,text_feeds:threatfox_c2,2026-09-01T21:05:06Z,CLEAR,0.5,c2;threatfox_c2,https://threatfox.abuse.ch/export/csv/recent/
ipv4,2.91.185.72,text_feeds:threatfox_c2,2026-08-30T09:45:14Z,CLEAR,0.5,c2;threatfox_c2,https://threatfox.abuse.ch/export/csv/recent/
ipv4,20.115.227.161,text_feeds:threatfox_c2,2026-08-28T09:45:14Z,CLEAR,0.5,c2;threatfox_c2,https://threatfox.abuse.ch/export/csv/recent/
ipv4,20.118.221.53,text_feeds:threatfox_c2,2026-09-07T19:45:00Z,CLEAR,0.5,c2;threatfox_c2,https://threatfox.abuse.ch/export/csv/recent/
ipv4,20.119.73.195,text_feeds:threatfox_c2,2026-08-28T19:05:10Z,CLEAR,0.5,c2;threatfox_c2,https://threatfox.abuse.ch/export/csv/recent/
ipv4,20.157.116.151,text_feeds:threatfox_c2,2025-12-08T14:58:40Z,CLEAR,0.5,c2;threatfox_c2,https://threatfox.abuse.ch/export/csv/recent/
ipv4,20.160.224.10,text_feeds:threatfox_c2,2026-09-28T19:44:55Z,CLEAR,0.5,c2;threatfox_c2,https://threatfox.abuse.ch/export/csv/recent/
ipv4,20.160.224.11,text_feeds:threatfox_c2,2026-09-28T19:44:55Z,CLEAR,0.5,c2;threatfox_c2,https://threatfox.abuse.ch/export/csv/recent/
ipv4,20.166.204.82,text_feeds:threatfox_c2,2026-09-28T10:00:26Z,CLEAR,0.5,c2;threatfox_c2,https://threatfox.abuse.ch/export/csv/recent/
ipv4,20.175.26.173,text_feeds:threatfox_c2,2026-09-17T19:45:12Z,CLEAR,0.5,c2;threatfox_c2,https://threatfox.abuse.ch/export/csv/recent/
ipv4,20.187.120.42,text_feeds:threatfox_c2,2026-08-14T06:05:07Z,CLEAR,0.5,c2;threatfox_c2,https://threatfox.abuse.ch/export/csv/recent/
ipv4,20.193.139.57,text_feeds:threatfox_c2,2026-09-29T12:43:10Z,CLEAR,0.5,c2;threatfox_c2,https://threatfox.abuse.ch/export/csv/recent/
ipv4,20.196.147.118,text_feeds:threatfox_c2,2025-11-20T16:02:39Z,CLEAR,0.5,c2;threatfox_c2,https://threatfox.abuse.ch/export/csv/recent/
ipv4,20.2.140.201,text_feeds:threatfox_c2,2026-09-02T19:45:46Z,CLEAR,0.5,c2;threatfox_c2,https://threatfox.abuse.ch/export/csv/recent/
ipv4,20.2.83.254,text_feeds:threatfox_c2,2026-05-01T08:43:23Z,CLEAR,0.5,c2;threatfox_c2,https://threatfox.abuse.ch/export/csv/recent/
ipv4,20.2.87.168,text_feeds:threatfox_c2,2026-07-17T21:05:07Z,CLEAR,0.5,c2;threatfox_c2,https://threatfox.abuse.ch/export/csv/recent/
ipv4,20.200.61.22,text_feeds:threatfox_c2,2026-07-22T09:44:24Z,CLEAR,0.5,c2;threatfox_c2,https://threatfox.abuse.ch/export/csv/recent/
ipv4,20.213.217.227,text_feeds:threatfox_c2,2025-11-01T12:33:29Z,CLEAR,0.5,c2;threatfox_c2,https://threatfox.abuse.ch/export/csv/recent/
ipv4,20.234.176.98,text_feeds:threatfox_c2,2026-09-28T19:44:56Z,CLEAR,0.5,c2;threatfox_c2,https://threatfox.abuse.ch/export/csv/recent/
ipv4,20.255.154.56,text_feeds:threatfox_c2,2026-05-20T15:39:02Z,CLEAR,0.5,c2;threatfox_c2,https://threatfox.abuse.ch/export/csv/recent/
ipv4,20.39.60.137,text_feeds:threatfox_c2,2026-06-17T17:00:15Z,CLEAR,0.5,c2;threatfox_c2,https://threatfox.abuse.ch/export/csv/recent/
ipv4,20.56.70.245,text_feeds:threatfox_c2,2024-02-02T06:00:13Z,CLEAR,0.5,c2;threatfox_c2,https://threatfox.abuse.ch/export/csv/recent/
ipv4,20.71.162.59,text_feeds:threatfox_c2,2026-09-29T09:44:32Z,CLEAR,0.5,c2;threatfox_c2,https://threatfox.abuse.ch/export/csv/recent/
ipv4,20.71.167.123,text_feeds:threatfox_c2,2026-09-29T09:44:32Z,CLEAR,0.5,c2;threatfox_c2,https://threatfox.abuse.ch/export/csv/recent/
ipv4,20.74.145.114,text_feeds:threatfox_c2,2026-08-21T13:05:05Z,CLEAR,0.5,c2;threatfox_c2,https://threatfox.abuse.ch/export/csv/recent/
ipv4,20.74.209.192,text_feeds:threatfox_c2,2025-02-05T22:51:06Z,CLEAR,0.5,c2;threatfox_c2,https://threatfox.abuse.ch/export/csv/recent/
ipv4,20.93.144.148,text_feeds:threatfox_c2,2026-09-22T19:45:00Z,CLEAR,0.5,c2;threatfox_c2,https://threatfox.abuse.ch/export/csv/recent/
ipv4,20.93.144.149,text_feeds:threatfox_c2,2026-09-29T09:44:33Z,CLEAR,0.5,c2;threatfox_c2,https://threatfox.abuse.ch/export/csv/recent/
ipv4,20.93.144.28,text_feeds:threatfox_c2,2026-09-28T19:44:56Z,CLEAR,0.5,c2;threatfox_c2,https://threatfox.abuse.ch/export/csv/recent/
ipv4,200.150.197.106,text_feeds:threatfox_c2,2026-09-28T10:00:30Z,CLEAR,0.5,c2;threatfox_c2,https://threatfox.abuse.ch/export/csv/recent/
ipv4,202.146.222.156,text_feeds:threatfox_c2,2026-09-23T19:45:19Z,CLEAR,0.5,c2;threatfox_c2,https://threatfox.abuse.ch/export/csv/recent/
ipv4,202.155.9.186,text_feeds:threatfox_c2,2026-08-26T21:44:55Z,CLEAR,0.5,c2;threatfox_c2,https://threatfox.abuse.ch/export/csv/recent/
ipv4,202.162.99.199,text_feeds:threatfox_c2,2026-09-09T19:45:24Z,CLEAR,0.5,c2;threatfox_c2,https://threatfox.abuse.ch/export/csv/recent/
ipv4,202.182.112.157,text_feeds:threatfox_c2,2026-09-04T15:48:18Z,CLEAR,0.5,c2;threatfox_c2,https://threatfox.abuse.ch/export/csv/recent/
ipv4,202.191.67.71,text_feeds:threatfox_c2,2026-03-15T04:01:14Z,CLEAR,0.5,c2;threatfox_c2,https://threatfox.abuse.ch/export/csv/recent/
ipv4,202.73.4.82,text_feeds:threatfox_c2,2026-08-13T09:45:08Z,CLEAR,0.5,c2;threatfox_c2,https://threatfox.abuse.ch/export/csv/recent/
ipv4,202.95.17.188,text_feeds:threatfox_c2,2026-05-01T02:43:17Z,CLEAR,0.5,c2;threatfox_c2,https://threatfox.abuse.ch/export/csv/recent/
ipv4,202.95.8.92,text_feeds:threatfox_c2,2026-05-25T19:44:05Z,CLEAR,0.5,c2;threatfox_c2,https://threatfox.abuse.ch/export/csv/recent/
ipv4,202.95.8.97,text_feeds:threatfox_c2,2026-05-28T09:44:19Z,CLEAR,0.5,c2;threatfox_c2,https://threatfox.abuse.ch/export/csv/recent/
ipv4,202.95.8.98,text_feeds:threatfox_c2,2026-05-28T09:44:19Z,CLEAR,0.5,c2;threatfox_c2,https://threatfox.abuse.ch/export/csv/recent/
ipv4,203.159.90.177,text_feeds:threatfox_c2,2026-08-28T09:45:18Z,CLEAR,0.5,c2;threatfox_c2,https://threatfox.abuse.ch/export/csv/recent/
ipv4,203.161.55.41,text_feeds:threatfox_c2,2026-08-13T09:45:09Z,CLEAR,0.5,c2;threatfox_c2,https://threatfox.abuse.ch/export/csv/recent/
ipv4,203.161.57.75,text_feeds:threatfox_c2,2026-07-06T09:44:36Z,CLEAR,0.5,c2;threatfox_c2,https://threatfox.abuse.ch/export/csv/recent/
ipv4,203.202.232.117,text_feeds:threatfox_c2,2026-09-28T09:12:42Z,CLEAR,0.5,c2;threatfox_c2,https://threatfox.abuse.ch/export/csv/recent/
ipv4,203.202.232.132,text_feeds:threatfox_c2,2026-08-27T09:45:24Z,CLEAR,0.5,c2;threatfox_c2,https://threatfox.abuse.ch/export/csv/recent/
ipv4,203.202.232.21,text_feeds:threatfox_c2,2026-09-26T06:20:28Z,CLEAR,0.5,c2;threatfox_c2,https://threatfox.abuse.ch/export/csv/recent/
ipv4,203.83.238.164,text_feeds:threatfox_c2,2026-07-20T19:44:22Z,CLEAR,0.5,c2;threatfox_c2,https://threatfox.abuse.ch/export/csv/recent/
ipv4,203.88.118.192,text_feeds:threatfox_c2,2026-09-28T09:58:13Z,CLEAR,0.5,c2;threatfox_c2,https://threatfox.abuse.ch/export/csv/recent/
ipv4,203.88.118.26,text_feeds:threatfox_c2,2026-09-05T09:45:24Z,CLEAR,0.5,c2;threatfox_c2,https://threatfox.abuse.ch/export/csv/recent/
ipv4,203.91.75.89,text_feeds:threatfox_c2,2026-07-16T09:47:53Z,CLEAR,0.5,c2;threatfox_c2,https://threatfox.abuse.ch/export/csv/recent/
ipv4,203.91.76.109,text_feeds:threatfox_c2,2026-09-29T02:10:06Z,CLEAR,0.5,c2;threatfox_c2,https://threatfox.abuse.ch/export/csv/recent/
ipv4,204.0.56.147,text_feeds:threatfox_c2,2026-09-11T19:45:27Z,CLEAR,0.5,c2;threatfox_c2,https://threatfox.abuse.ch/export/csv/recent/
ipv4,204.152.217.122,text_feeds:threatfox_c2,2026-08-29T09:45:09Z,CLEAR,0.5,c2;threatfox_c2,https://threatfox.abuse.ch/export/csv/recent/
ipv4,206.123.132.166,text_feeds:threatfox_c2,2026-09-10T09:45:29Z,CLEAR,0.5,c2;threatfox_c2,https://threatfox.abuse.ch/export/csv/recent/
ipv4,206.123.137.132,text_feeds:threatfox_c2,2026-09-18T13:17:45Z,CLEAR,0.5,c2;threatfox_c2,https://threatfox.abuse.ch/export/csv/recent/
ipv4,206.189.111.119,text_feeds:threatfox_c2,2026-09-14T08:01:52Z,CLEAR,0.5,c2;threatfox_c2,https://threatfox.abuse.ch/export/csv/recent/
ipv4,206.189.167.120,text_feeds:threatfox_c2,2026-07-28T09:44:45Z,CLEAR,0.5,c2;threatfox_c2,https://threatfox.abuse.ch/export/csv/recent/
ipv4,206.189.189.202,text_feeds:threatfox_c2,2025-03-14T13:10:56Z,CLEAR,0.5,c2;threatfox_c2,https://threatfox.abuse.ch/export/csv/recent/
ipv4,206.206.103.203,text_feeds:threatfox_c2,2026-09-16T09:45:44Z,CLEAR,0.5,c2;threatfox_c2,https://threatfox.abuse.ch/export/csv/recent/
ipv4,206.209.210.6,text_feeds:threatfox_c2,2026-09-28T10:44:31Z,CLEAR,0.5,c2;threatfox_c2,https://threatfox.abuse.ch/export/csv/recent/
ipv4,206.238.123.77,text_feeds:threatfox_c2,2026-09-07T19:45:08Z,CLEAR,0.5,c2;threatfox_c2,https://threatfox.abuse.ch/export/csv/recent/
ipv4,206.81.21.156,text_feeds:threatfox_c2,2026-06-11T09:44:07Z,CLEAR,0.5,c2;threatfox_c2,https://threatfox.abuse.ch/export/csv/recent/
ipv4,207.180.29.85,text_feeds:threatfox_c2,2026-08-26T08:00:43Z,CLEAR,0.5,c2;threatfox_c2,https://threatfox.abuse.ch/export/csv/recent/
ipv4,207.189.14.71,text_feeds:threatfox_c2,2026-09-29T06:15:35Z,CLEAR,0.5,c2;threatfox_c2,https://threatfox.abuse.ch/export/csv/recent/
ipv4,207.189.25.132,text_feeds:threatfox_c2,2026-08-04T19:44:44Z,CLEAR,0.5,c2;threatfox_c2,https://threatfox.abuse.ch/export/csv/recent/
ipv4,207.211.189.214,text_feeds:threatfox_c2,2026-09-24T19:45:24Z,CLEAR,0.5,c2;threatfox_c2,https://threatfox.abuse.ch/export/csv/recent/
ipv4,207.56.26.118,text_feeds:threatfox_c2,2026-08-14T09:44:42Z,CLEAR,0.5,c2;threatfox_c2,https://threatfox.abuse.ch/export/csv/recent/
ipv4,207.56.26.2,text_feeds:threatfox_c2,2026-08-25T22:13:16Z,CLEAR,0.5,c2;threatfox_c2,https://threatfox.abuse.ch/export/csv/recent/
ipv4,207.56.7.37,text_feeds:threatfox_c2,2026-09-01T19:44:54Z,CLEAR,0.5,c2;threatfox_c2,https://threatfox.abuse.ch/export/csv/recent/
ipv4,207.56.7.53,text_feeds:threatfox_c2,2026-09-01T19:44:54Z,CLEAR,0.5,c2;threatfox_c2,https://threatfox.abuse.ch/export/csv/recent/
ipv4,207.57.123.129,text_feeds:threatfox_c2,2026-07-25T09:44:42Z,CLEAR,0.5,c2;threatfox_c2,https://threatfox.abuse.ch/export/csv/recent/
ipv4,207.57.123.251,text_feeds:threatfox_c2,2026-09-29T07:05:07Z,CLEAR,0.5,c2;threatfox_c2,https://threatfox.abuse.ch/export/csv/recent/
ipv4,207.89.17.5,text_feeds:threatfox_c2,2026-09-14T19:45:42Z,CLEAR,0.5,c2;threatfox_c2,https://threatfox.abuse.ch/export/csv/recent/
ipv4,208.167.253.21,text_feeds:threatfox_c2,2026-09-12T09:45:36Z,CLEAR,0.5,c2;threatfox_c2,https://threatfox.abuse.ch/export/csv/recent/
ipv4,208.249.244.20,text_feeds:threatfox_c2,2026-05-01T02:43:18Z,CLEAR,0.5,c2;threatfox_c2,https://threatfox.abuse.ch/export/csv/recent/
ipv4,208.64.33.69,text_feeds:threatfox_c2,2026-09-02T08:18:14Z,CLEAR,0.5,c2;threatfox_c2,https://threatfox.abuse.ch/export/csv/recent/
ipv4,208.84.103.159,text_feeds:threatfox_c2,2026-09-15T19:45:14Z,CLEAR,0.5,c2;threatfox_c2,https://threatfox.abuse.ch/export/csv/recent/
ipv4,208.87.129.112,text_feeds:threatfox_c2,2025-11-11T12:01:51Z,CLEAR,0.5,c2;threatfox_c2,https://threatfox.abuse.ch/export/csv/recent/
ipv4,209.126.103.97,text_feeds:threatfox_c2,2026-09-26T12:45:00Z,CLEAR,0.5,c2;threatfox_c2,https://threatfox.abuse.ch/export/csv/recent/
ipv4,209.145.63.3,text_feeds:threatfox_c2,2026-01-29T18:55:17Z,CLEAR,0.5,c2;threatfox_c2,https://threatfox.abuse.ch/export/csv/recent/
ipv4,209.151.145.164,text_feeds:threatfox_c2,2026-05-01T02:43:18Z,CLEAR,0.5,c2;threatfox_c2,https://threatfox.abuse.ch/export/csv/recent/
ipv4,209.200.246.194,text_feeds:threatfox_c2,2026-09-07T19:47:48Z,CLEAR,0.5,c2;threatfox_c2,https://threatfox.abuse.ch/export/csv/recent/
ipv4,209.200.246.80,text_feeds:threatfox_c2,2026-09-10T13:48:48Z,CLEAR,0.5,c2;threatfox_c2,https://threatfox.abuse.ch/export/csv/recent/
ipv4,209.250.227.127,text_feeds:threatfox_c2,2025-08-11T20:01:43Z,CLEAR,0.5,c2;threatfox_c2,https://threatfox.abuse.ch/export/csv/recent/
ipv4,209.38.100.69,text_feeds:threatfox_c2,2026-09-17T09:46:01Z,CLEAR,0.5,c2;threatfox_c2,https://threatfox.abuse.ch/export/csv/recent/
ipv4,209.38.224.48,text_feeds:threatfox_c2,2026-09-19T09:45:09Z,CLEAR,0.5,c2;threatfox_c2,https://threatfox.abuse.ch/export/csv/recent/
ipv4,209.38.236.109,text_feeds:threatfox_c2,2026-09-25T11:47:12Z,CLEAR,0.5,c2;threatfox_c2,https://threatfox.abuse.ch/export/csv/recent/
ipv4,209.38.37.114,text_feeds:threatfox_c2,2026-09-14T08:01:51Z,CLEAR,0.5,c2;threatfox_c2,https://threatfox.abuse.ch/export/csv/recent/
ipv4,209.38.82.85,text_feeds:threatfox_c2,2026-09-26T08:05:13Z,CLEAR,0.5,c2;threatfox_c2,https://threatfox.abuse.ch/export/csv/recent/
ipv4,209.74.86.250,text_feeds:threatfox_c2,2026-09-18T19:44:57Z,CLEAR,0.5,c2;threatfox_c2,https://threatfox.abuse.ch/export/csv/recent/
ipv4,209.87.166.139,text_feeds:threatfox_c2,2026-09-24T19:45:27Z,CLEAR,0.5,c2;threatfox_c2,https://threatfox.abuse.ch/export/csv/recent/
ipv4,209.99.186.142,text_feeds:threatfox_c2,2026-08-26T22:01:47Z,CLEAR,0.5,c2;threatfox_c2,https://threatfox.abuse.ch/export/csv/recent/
ipv4,209.99.186.180,text_feeds:threatfox_c2,2026-09-20T13:48:03Z,CLEAR,0.5,c2;threatfox_c2,https://threatfox.abuse.ch/export/csv/recent/
ipv4,209.99.187.125,text_feeds:threatfox_c2,2026-09-29T13:05:08Z,CLEAR,0.5,c2;threatfox_c2,https://threatfox.abuse.ch/export/csv/recent/
ipv4,209.99.188.193,text_feeds:threatfox_c2,2026-09-17T09:46:04Z,CLEAR,0.5,c2;threatfox_c2,https://threatfox.abuse.ch/export/csv/recent/
ipv4,209.99.190.97,text_feeds:threatfox_c2,2026-07-31T09:44:55Z,CLEAR,0.5,c2;threatfox_c2,https://threatfox.abuse.ch/export/csv/recent/
ipv4,210.56.48.227,text_feeds:threatfox_c2,2026-08-04T23:47:37Z,CLEAR,0.5,c2;threatfox_c2,https://threatfox.abuse.ch/export/csv/recent/
ipv4,211.184.175.246,text_feeds:threatfox_c2,2025-12-30T16:21:08Z,CLEAR,0.5,c2;threatfox_c2,https://threatfox.abuse.ch/export/csv/recent/
ipv4,212.103.26.10,text_feeds:threatfox_c2,2026-08-14T19:44:53Z,CLEAR,0.5,c2;threatfox_c2,https://threatfox.abuse.ch/export/csv/recent/
ipv4,212.14.244.222,text_feeds:threatfox_c2,2026-06-16T23:46:00Z,CLEAR,0.5,c2;threatfox_c2,https://threatfox.abuse.ch/export/csv/recent/
ipv4,212.192.14.31,text_feeds:threatfox_c2,2026-09-28T12:51:16Z,CLEAR,0.5,c2;threatfox_c2,https://threatfox.abuse.ch/export/csv/recent/
ipv4,212.193.31.145,text_feeds:threatfox_c2,2026-09-14T08:01:51Z,CLEAR,0.5,c2;threatfox_c2,https://threatfox.abuse.ch/export/csv/recent/
ipv4,212.224.107.183,text_feeds:threatfox_c2,2026-09-15T09:45:14Z,CLEAR,0.5,c2;threatfox_c2,https://threatfox.abuse.ch/export/csv/recent/
ipv4,212.227.45.32,text_feeds:threatfox_c2,2026-03-25T16:18:03Z,CLEAR,0.5,c2;threatfox_c2,https://threatfox.abuse.ch/export/csv/recent/
ipv4,212.43.153.129,text_feeds:threatfox_c2,2026-09-05T09:45:31Z,CLEAR,0.5,c2;threatfox_c2,https://threatfox.abuse.ch/export/csv/recent/
ipv4,212.43.153.205,text_feeds:threatfox_c2,2026-09-09T19:45:32Z,CLEAR,0.5,c2;threatfox_c2,https://threatfox.abuse.ch/export/csv/recent/
ipv4,212.46.38.117,text_feeds:threatfox_c2,2026-07-09T19:44:36Z,CLEAR,0.5,c2;threatfox_c2,https://threatfox.abuse.ch/export/csv/recent/
ipv4,212.86.125.129,text_feeds:threatfox_c2,2026-09-25T19:45:13Z,CLEAR,0.5,c2;threatfox_c2,https://threatfox.abuse.ch/export/csv/recent/
ipv4,212.87.212.117,text_feeds:threatfox_c2,2026-09-25T09:45:19Z,CLEAR,0.5,c2;threatfox_c2,https://threatfox.abuse.ch/export/csv/recent/
ipv4,213.108.3.84,text_feeds:threatfox_c2,2026-09-26T06:20:37Z,CLEAR,0.5,c2;threatfox_c2,https://threatfox.abuse.ch/export/csv/recent/
ipv4,213.111.149.141,text_feeds:threatfox_c2,2026-09-15T19:45:17Z,CLEAR,0.5,c2;threatfox_c2,https://threatfox.abuse.ch/export/csv/recent/
ipv4,213.130.25.141,text_feeds:threatfox_c2,2026-05-09T19:43:46Z,CLEAR,0.5,c2;threatfox_c2,https://threatfox.abuse.ch/export/csv/recent/
ipv4,213.152.162.110,text_feeds:threatfox_c2,2026-08-26T07:20:19Z,CLEAR,0.5,c2;threatfox_c2,https://threatfox.abuse.ch/export/csv/recent/
ipv4,213.152.186.188,text_feeds:threatfox_c2,2026-08-20T16:45:27Z,CLEAR,0.5,c2;threatfox_c2,https://threatfox.abuse.ch/export/csv/recent/
ipv4,213.209.159.36,text_feeds:threatfox_c2,2026-09-07T09:45:23Z,CLEAR,0.5,c2;threatfox_c2,https://threatfox.abuse.ch/export/csv/recent/
ipv4,213.209.159.91,text_feeds:threatfox_c2,2026-09-12T19:45:18Z,CLEAR,0.5,c2;threatfox_c2,https://threatfox.abuse.ch/export/csv/recent/
ipv4,213.21.222.241,text_feeds:threatfox_c2,2026-04-04T07:11:11Z,CLEAR,0.5,c2;threatfox_c2,https://threatfox.abuse.ch/export/csv/recent/
ipv4,213.252.232.182,text_feeds:threatfox_c2,2026-09-26T19:48:07Z,CLEAR,0.5,c2;threatfox_c2,https://threatfox.abuse.ch/export/csv/recent/
ipv4,213.35.118.205,text_feeds:threatfox_c2,2026-08-25T19:45:14Z,CLEAR,0.5,c2;threatfox_c2,https://threatfox.abuse.ch/export/csv/recent/
ipv4,213.5.130.233,text_feeds:threatfox_c2,2026-09-29T09:54:15Z,CLEAR,0.5,c2;threatfox_c2,https://threatfox.abuse.ch/export/csv/recent/
ipv4,216.107.208.250,text_feeds:threatfox_c2,2026-05-01T02:43:19Z,CLEAR,0.5,c2;threatfox_c2,https://threatfox.abuse.ch/export/csv/recent/
ipv4,216.118.101.108,text_feeds:threatfox_c2,2024-11-29T13:56:30Z,CLEAR,0.5,c2;threatfox_c2,https://threatfox.abuse.ch/export/csv/recent/
ipv4,216.118.101.132,text_feeds:threatfox_c2,2024-11-30T20:06:11Z,CLEAR,0.5,c2;threatfox_c2,https://threatfox.abuse.ch/export/csv/recent/
ipv4,216.118.101.199,text_feeds:threatfox_c2,2024-11-30T20:06:08Z,CLEAR,0.5,c2;threatfox_c2,https://threatfox.abuse.ch/export/csv/recent/
ipv4,216.118.101.216,text_feeds:threatfox_c2,2024-11-30T20:06:04Z,CLEAR,0.5,c2;threatfox_c2,https://threatfox.abuse.ch/export/csv/recent/
ipv4,216.118.101.24,text_feeds:threatfox_c2,2024-11-30T20:06:19Z,CLEAR,0.5,c2;threatfox_c2,https://threatfox.abuse.ch/export/csv/recent/
ipv4,216.118.101.54,text_feeds:threatfox_c2,2024-11-30T20:05:51Z,CLEAR,0.5,c2;threatfox_c2,https://threatfox.abuse.ch/export/csv/recent/
ipv4,216.126.225.87,text_feeds:threatfox_c2,2026-09-05T09:46:07Z,CLEAR,0.5,c2;threatfox_c2,https://threatfox.abuse.ch/export/csv/recent/
ipv4,216.144.234.251,text_feeds:threatfox_c2,2026-09-28T10:44:54Z,CLEAR,0.5,c2;threatfox_c2,https://threatfox.abuse.ch/export/csv/recent/
ipv4,216.250.249.97,text_feeds:threatfox_c2,2026-09-03T19:45:45Z,CLEAR,0.5,c2;threatfox_c2,https://threatfox.abuse.ch/export/csv/recent/
ipv4,216.250.253.197,text_feeds:threatfox_c2,2026-09-22T19:45:43Z,CLEAR,0.5,c2;threatfox_c2,https://threatfox.abuse.ch/export/csv/recent/
ipv4,216.250.254.245,text_feeds:threatfox_c2,2026-08-10T19:45:31Z,CLEAR,0.5,c2;threatfox_c2,https://threatfox.abuse.ch/export/csv/recent/
ipv4,216.9.224.130,text_feeds:threatfox_c2,2026-09-26T06:20:56Z,CLEAR,0.5,c2;threatfox_c2,https://threatfox.abuse.ch/export/csv/recent/
ipv4,216.9.224.180,text_feeds:threatfox_c2,2026-09-28T09:12:42Z,CLEAR,0.5,c2;threatfox_c2,https://threatfox.abuse.ch/export/csv/recent/
ipv4,216.9.225.130,text_feeds:threatfox_c2,2026-09-29T06:28:13Z,CLEAR,0.5,c2;threatfox_c2,https://threatfox.abuse.ch/export/csv/recent/
ipv4,216.9.225.150,text_feeds:threatfox_c2,2026-09-10T13:24:15Z,CLEAR,0.5,c2;threatfox_c2,https://threatfox.abuse.ch/export/csv/recent/
ipv4,217.154.212.25,text_feeds:threatfox_c2,2025-06-26T13:03:23Z,CLEAR,0.5,c2;threatfox_c2,https://threatfox.abuse.ch/export/csv/recent/
ipv4,217.156.66.203,text_feeds:threatfox_c2,2026-09-17T19:45:53Z,CLEAR,0.5,c2;threatfox_c2,https://threatfox.abuse.ch/export/csv/recent/
ipv4,217.216.34.133,text_feeds:threatfox_c2,2026-09-17T19:45:53Z,CLEAR,0.5,c2;threatfox_c2,https://threatfox.abuse.ch/export/csv/recent/
ipv4,217.217.97.164,text_feeds:threatfox_c2,2026-09-01T09:46:29Z,CLEAR,0.5,c2;threatfox_c2,https://threatfox.abuse.ch/export/csv/recent/
ipv4,217.217.97.65,text_feeds:threatfox_c2,2026-09-13T19:45:29Z,CLEAR,0.5,c2;threatfox_c2,https://threatfox.abuse.ch/export/csv/recent/
ipv4,217.217.97.90,text_feeds:threatfox_c2,2026-09-11T19:46:08Z,CLEAR,0.5,c2;threatfox_c2,https://threatfox.abuse.ch/export/csv/recent/
ipv4,217.60.102.3,text_feeds:threatfox_c2,2026-09-02T19:46:34Z,CLEAR,0.5,c2;threatfox_c2,https://threatfox.abuse.ch/export/csv/recent/
ipv4,217.60.103.124,text_feeds:threatfox_c2,2026-09-28T14:16:54Z,CLEAR,0.5,c2;threatfox_c2,https://threatfox.abuse.ch/export/csv/recent/
ipv4,217.60.103.15,text_feeds:threatfox_c2,2026-09-27T19:44:49Z,CLEAR,0.5,c2;threatfox_c2,https://threatfox.abuse.ch/export/csv/recent/
ipv4,217.60.103.158,text_feeds:threatfox_c2,2026-09-28T14:16:54Z,CLEAR,0.5,c2;threatfox_c2,https://threatfox.abuse.ch/export/csv/recent/
ipv4,217.60.103.46,text_feeds:threatfox_c2,2026-09-08T12:33:31Z,CLEAR,0.5,c2;threatfox_c2,https://threatfox.abuse.ch/export/csv/recent/
ipv4,217.60.103.96,text_feeds:threatfox_c2,2026-09-13T11:45:56Z,CLEAR,0.5,c2;threatfox_c2,https://threatfox.abuse.ch/export/csv/recent/
ipv4,217.60.195.109,text_feeds:threatfox_c2,2026-08-30T19:45:29Z,CLEAR,0.5,c2;threatfox_c2,https://threatfox.abuse.ch/export/csv/recent/
ipv4,217.60.195.110,text_feeds:threatfox_c2,2026-08-16T13:04:44Z,CLEAR,0.5,c2;threatfox_c2,https://threatfox.abuse.ch/export/csv/recent/
ipv4,217.60.195.139,text_feeds:threatfox_c2,2026-09-09T19:46:09Z,CLEAR,0.5,c2;threatfox_c2,https://threatfox.abuse.ch/export/csv/recent/
ipv4,217.60.195.160,text_feeds:threatfox_c2,2026-09-17T19:45:56Z,CLEAR,0.5,c2;threatfox_c2,https://threatfox.abuse.ch/export/csv/recent/
ipv4,217.60.195.193,text_feeds:threatfox_c2,2026-09-28T10:44:57Z,CLEAR,0.5,c2;threatfox_c2,https://threatfox.abuse.ch/export/csv/recent/
ipv4,217.60.195.197,text_feeds:threatfox_c2,2026-08-15T19:45:42Z,CLEAR,0.5,c2;threatfox_c2,https://threatfox.abuse.ch/export/csv/recent/
ipv4,217.60.195.210,text_feeds:threatfox_c2,2026-09-03T05:39:23Z,CLEAR,0.5,c2;threatfox_c2,https://threatfox.abuse.ch/export/csv/recent/
ipv4,217.60.195.226,text_feeds:threatfox_c2,2026-08-17T19:45:42Z,CLEAR,0.5,c2;threatfox_c2,https://threatfox.abuse.ch/export/csv/recent/
ipv4,217.60.195.246,text_feeds:threatfox_c2,2026-09-15T15:18:03Z,CLEAR,0.5,c2;threatfox_c2,https://threatfox.abuse.ch/export/csv/recent/
ipv4,217.60.195.25,text_feeds:threatfox_c2,2026-09-13T19:45:33Z,CLEAR,0.5,c2;threatfox_c2,https://threatfox.abuse.ch/export/csv/recent/
ipv4,217.60.195.34,text_feeds:threatfox_c2,2026-09-03T10:13:22Z,CLEAR,0.5,c2;threatfox_c2,https://threatfox.abuse.ch/export/csv/recent/
ipv4,217.60.195.40,text_feeds:threatfox_c2,2026-09-11T19:46:12Z,CLEAR,0.5,c2;threatfox_c2,https://threatfox.abuse.ch/export/csv/recent/
ipv4,217.60.195.50,text_feeds:threatfox_c2,2026-09-17T19:45:58Z,CLEAR,0.5,c2;threatfox_c2,https://threatfox.abuse.ch/export/csv/recent/
ipv4,217.60.195.6,text_feeds:threatfox_c2,2026-09-13T11:45:57Z,CLEAR,0.5,c2;threatfox_c2,https://threatfox.abuse.ch/export/csv/recent/
ipv4,217.60.195.60,text_feeds:threatfox_c2,2026-09-22T09:46:00Z,CLEAR,0.5,c2;threatfox_c2,https://threatfox.abuse.ch/export/csv/recent/
ipv4,217.60.195.89,text_feeds:threatfox_c2,2026-08-25T17:15:08Z,CLEAR,0.5,c2;threatfox_c2,https://threatfox.abuse.ch/export/csv/recent/
ipv4,217.60.198.81,text_feeds:threatfox_c2,2026-09-08T09:46:00Z,CLEAR,0.5,c2;threatfox_c2,https://threatfox.abuse.ch/export/csv/recent/
ipv4,217.60.241.14,text_feeds:threatfox_c2,2026-07-09T06:02:52Z,CLEAR,0.5,c2;threatfox_c2,https://threatfox.abuse.ch/export/csv/recent/
ipv4,217.60.241.17,text_feeds:threatfox_c2,2026-07-02T11:59:54Z,CLEAR,0.5,c2;threatfox_c2,https://threatfox.abuse.ch/export/csv/recent/
ipv4,217.60.241.31,text_feeds:threatfox_c2,2026-08-18T15:53:43Z,CLEAR,0.5,c2;threatfox_c2,https://threatfox.abuse.ch/export/csv/recent/
ipv4,217.60.241.48,text_feeds:threatfox_c2,2026-08-18T15:53:43Z,CLEAR,0.5,c2;threatfox_c2,https://threatfox.abuse.ch/export/csv/recent/
ipv4,217.60.241.50,text_feeds:threatfox_c2,2026-08-18T15:53:43Z,CLEAR,0.5,c2;threatfox_c2,https://threatfox.abuse.ch/export/csv/recent/
ipv4,217.60.76.250,text_feeds:threatfox_c2,2026-09-16T09:46:38Z,CLEAR,0.5,c2;threatfox_c2,https://threatfox.abuse.ch/export/csv/recent/
ipv4,217.60.77.60,text_feeds:threatfox_c2,2026-09-26T19:51:33Z,CLEAR,0.5,c2;threatfox_c2,https://threatfox.abuse.ch/export/csv/recent/
ipv4,217.60.97.2,text_feeds:threatfox_c2,2026-07-06T19:45:03Z,CLEAR,0.5,c2;threatfox_c2,https://threatfox.abuse.ch/export/csv/recent/
ipv4,217.79.243.148,text_feeds:threatfox_c2,2022-01-15T10:32:22Z,CLEAR,0.5,c2;threatfox_c2,https://threatfox.abuse.ch/export/csv/recent/
ipv4,218.244.142.4,text_feeds:threatfox_c2,2026-06-10T03:45:38Z,CLEAR,0.5,c2;threatfox_c2,https://threatfox.abuse.ch/export/csv/recent/
ipv4,219.142.15.101,text_feeds:threatfox_c2,2026-05-01T02:43:19Z,CLEAR,0.5,c2;threatfox_c2,https://threatfox.abuse.ch/export/csv/recent/
ipv4,220.154.128.196,text_feeds:threatfox_c2,2026-09-08T09:46:03Z,CLEAR,0.5,c2;threatfox_c2,https://threatfox.abuse.ch/export/csv/recent/
ipv4,220.154.3.197,text_feeds:threatfox_c2,2026-07-20T19:45:02Z,CLEAR,0.5,c2;threatfox_c2,https://threatfox.abuse.ch/export/csv/recent/
ipv4,220.231.47.163,text_feeds:threatfox_c2,2026-05-01T02:43:19Z,CLEAR,0.5,c2;threatfox_c2,https://threatfox.abuse.ch/export/csv/recent/
ipv4,221.130.42.19,text_feeds:threatfox_c2,2026-05-01T02:43:19Z,CLEAR,0.5,c2;threatfox_c2,https://threatfox.abuse.ch/export/csv/recent/
ipv4,221.132.29.137,text_feeds:threatfox_c2,2025-05-24T20:01:31Z,CLEAR,0.5,c2;threatfox_c2,https://threatfox.abuse.ch/export/csv/recent/
ipv4,221.207.101.175,text_feeds:threatfox_c2,2026-05-20T19:44:32Z,CLEAR,0.5,c2;threatfox_c2,https://threatfox.abuse.ch/export/csv/recent/
ipv4,222.167.211.55,text_feeds:threatfox_c2,2026-07-06T09:45:29Z,CLEAR,0.5,c2;threatfox_c2,https://threatfox.abuse.ch/export/csv/recent/
ipv4,222.186.17.103,text_feeds:threatfox_c2,2025-12-29T08:46:57Z,CLEAR,0.5,c2;threatfox_c2,https://threatfox.abuse.ch/export/csv/recent/
ipv4,222.255.100.119,text_feeds:threatfox_c2,2026-05-01T02:43:20Z,CLEAR,0.5,c2;threatfox_c2,https://threatfox.abuse.ch/export/csv/recent/
ipv4,222.255.214.236,text_feeds:threatfox_c2,2026-02-08T15:42:33Z,CLEAR,0.5,c2;threatfox_c2,https://threatfox.abuse.ch/export/csv/recent/
ipv4,222.255.215.42,text_feeds:threatfox_c2,2026-08-04T23:47:37Z,CLEAR,0.5,c2;threatfox_c2,https://threatfox.abuse.ch/export/csv/recent/
ipv4,223.109.142.7,text_feeds:threatfox_c2,2026-09-15T03:47:38Z,CLEAR,0.5,c2;threatfox_c2,https://threatfox.abuse.ch/export/csv/recent/
ipv4,223.130.11.38,text_feeds:threatfox_c2,2026-09-11T09:46:14Z,CLEAR,0.5,c2;threatfox_c2,https://threatfox.abuse.ch/export/csv/recent/
ipv4,23.111.14.80,text_feeds:threatfox_c2,2026-08-14T09:45:27Z,CLEAR,0.5,c2;threatfox_c2,https://threatfox.abuse.ch/export/csv/recent/
ipv4,23.132.164.3,text_feeds:threatfox_c2,2026-09-15T13:00:57Z,CLEAR,0.5,c2;threatfox_c2,https://threatfox.abuse.ch/export/csv/recent/
ipv4,23.132.164.72,text_feeds:threatfox_c2,2026-09-25T09:05:04Z,CLEAR,0.5,c2;threatfox_c2,https://threatfox.abuse.ch/export/csv/recent/
ipv4,23.141.12.111,text_feeds:threatfox_c2,2026-06-19T23:46:13Z,CLEAR,0.5,c2;threatfox_c2,https://threatfox.abuse.ch/export/csv/recent/
ipv4,23.148.212.123,text_feeds:threatfox_c2,2026-08-18T11:48:07Z,CLEAR,0.5,c2;threatfox_c2,https://threatfox.abuse.ch/export/csv/recent/
ipv4,23.148.212.176,text_feeds:threatfox_c2,2026-09-02T13:05:06Z,CLEAR,0.5,c2;threatfox_c2,https://threatfox.abuse.ch/export/csv/recent/
ipv4,23.148.212.254,text_feeds:threatfox_c2,2026-09-07T09:46:04Z,CLEAR,0.5,c2;threatfox_c2,https://threatfox.abuse.ch/export/csv/recent/
ipv4,23.148.212.86,text_feeds:threatfox_c2,2026-08-16T23:47:35Z,CLEAR,0.5,c2;threatfox_c2,https://threatfox.abuse.ch/export/csv/recent/
ipv4,23.148.228.253,text_feeds:threatfox_c2,2026-08-12T19:45:40Z,CLEAR,0.5,c2;threatfox_c2,https://threatfox.abuse.ch/export/csv/recent/
ipv4,23.158.24.123,text_feeds:threatfox_c2,2026-09-28T09:59:17Z,CLEAR,0.5,c2;threatfox_c2,https://threatfox.abuse.ch/export/csv/recent/
ipv4,23.158.24.65,text_feeds:threatfox_c2,2026-09-21T09:45:54Z,CLEAR,0.5,c2;threatfox_c2,https://threatfox.abuse.ch/export/csv/recent/
ipv4,23.160.168.167,text_feeds:threatfox_c2,2026-09-23T19:46:12Z,CLEAR,0.5,c2;threatfox_c2,https://threatfox.abuse.ch/export/csv/recent/
ipv4,23.160.168.51,text_feeds:threatfox_c2,2026-09-26T14:12:02Z,CLEAR,0.5,c2;threatfox_c2,https://threatfox.abuse.ch/export/csv/recent/
ipv4,23.171.176.253,text_feeds:threatfox_c2,2026-09-16T19:46:18Z,CLEAR,0.5,c2;threatfox_c2,https://threatfox.abuse.ch/export/csv/recent/
ipv4,23.171.177.13,text_feeds:threatfox_c2,2026-09-08T19:46:20Z,CLEAR,0.5,c2;threatfox_c2,https://threatfox.abuse.ch/export/csv/recent/
ipv4,23.175.48.78,text_feeds:threatfox_c2,2026-09-03T09:46:11Z,CLEAR,0.5,c2;threatfox_c2,https://threatfox.abuse.ch/export/csv/recent/
ipv4,23.224.152.139,text_feeds:threatfox_c2,2021-10-13T17:43:22Z,CLEAR,0.5,c2;threatfox_c2,https://threatfox.abuse.ch/export/csv/recent/
ipv4,23.226.57.95,text_feeds:threatfox_c2,2026-09-12T19:45:56Z,CLEAR,0.5,c2;threatfox_c2,https://threatfox.abuse.ch/export/csv/recent/
ipv4,23.226.68.34,text_feeds:threatfox_c2,2026-08-25T19:46:24Z,CLEAR,0.5,c2;threatfox_c2,https://threatfox.abuse.ch/export/csv/recent/
ipv4,23.227.196.108,text_feeds:threatfox_c2,2026-09-12T03:47:34Z,CLEAR,0.5,c2;threatfox_c2,https://threatfox.abuse.ch/export/csv/recent/
ipv4,23.227.196.18,text_feeds:threatfox_c2,2026-07-31T19:45:14Z,CLEAR,0.5,c2;threatfox_c2,https://threatfox.abuse.ch/export/csv/recent/
ipv4,23.227.198.246,text_feeds:threatfox_c2,2022-01-15T22:26:20Z,CLEAR,0.5,c2;threatfox_c2,https://threatfox.abuse.ch/export/csv/recent/
ipv4,23.227.199.61,text_feeds:threatfox_c2,2025-06-16T08:02:52Z,CLEAR,0.5,c2;threatfox_c2,https://threatfox.abuse.ch/export/csv/recent/
ipv4,23.227.199.67,text_feeds:threatfox_c2,2026-03-23T04:01:28Z,CLEAR,0.5,c2;threatfox_c2,https://threatfox.abuse.ch/export/csv/recent/
ipv4,23.227.202.127,text_feeds:threatfox_c2,2026-09-29T09:45:11Z,CLEAR,0.5,c2;threatfox_c2,https://threatfox.abuse.ch/export/csv/recent/
ipv4,23.227.203.128,text_feeds:threatfox_c2,2025-06-08T21:18:37Z,CLEAR,0.5,c2;threatfox_c2,https://threatfox.abuse.ch/export/csv/recent/
ipv4,23.227.203.190,text_feeds:threatfox_c2,2025-06-10T00:02:13Z,CLEAR,0.5,c2;threatfox_c2,https://threatfox.abuse.ch/export/csv/recent/
ipv4,23.227.203.191,text_feeds:threatfox_c2,2025-06-08T21:18:37Z,CLEAR,0.5,c2;threatfox_c2,https://threatfox.abuse.ch/export/csv/recent/
ipv4,23.227.203.246,text_feeds:threatfox_c2,2025-06-14T04:02:35Z,CLEAR,0.5,c2;threatfox_c2,https://threatfox.abuse.ch/export/csv/recent/
ipv4,23.227.203.6,text_feeds:threatfox_c2,2026-05-01T02:43:20Z,CLEAR,0.5,c2;threatfox_c2,https://threatfox.abuse.ch/export/csv/recent/
ipv4,23.238.82.42,text_feeds:threatfox_c2,2026-09-26T13:47:02Z,CLEAR,0.5,c2;threatfox_c2,https://threatfox.abuse.ch/export/csv/recent/
ipv4,23.254.202.107,text_feeds:threatfox_c2,2026-09-29T06:28:35Z,CLEAR,0.5,c2;threatfox_c2,https://threatfox.abuse.ch/export/csv/recent/
ipv4,23.27.143.19,text_feeds:threatfox_c2,2026-09-23T13:48:01Z,CLEAR,0.5,c2;threatfox_c2,https://threatfox.abuse.ch/export/csv/recent/
ipv4,23.27.52.106,text_feeds:threatfox_c2,2026-07-13T19:44:48Z,CLEAR,0.5,c2;threatfox_c2,https://threatfox.abuse.ch/export/csv/recent/
ipv4,23.88.110.42,text_feeds:threatfox_c2,2026-02-24T23:00:43Z,CLEAR,0.5,c2;threatfox_c2,https://threatfox.abuse.ch/export/csv/recent/
ipv4,23.94.145.121,text_feeds:threatfox_c2,2026-07-24T09:45:54Z,CLEAR,0.5,c2;threatfox_c2,https://threatfox.abuse.ch/export/csv/recent/
ipv4,23.94.197.128,text_feeds:threatfox_c2,2026-09-17T19:46:05Z,CLEAR,0.5,c2;threatfox_c2,https://threatfox.abuse.ch/export/csv/recent/
ipv4,23.94.197.13,text_feeds:threatfox_c2,2026-09-18T19:45:48Z,CLEAR,0.5,c2;threatfox_c2,https://threatfox.abuse.ch/export/csv/recent/
ipv4,23.94.206.113,text_feeds:threatfox_c2,2026-09-09T09:46:34Z,CLEAR,0.5,c2;threatfox_c2,https://threatfox.abuse.ch/export/csv/recent/
ipv4,23.94.252.16,text_feeds:threatfox_c2,2026-08-11T09:46:08Z,CLEAR,0.5,c2;threatfox_c2,https://threatfox.abuse.ch/export/csv/recent/
ipv4,23.94.252.55,text_feeds:threatfox_c2,2026-07-28T09:45:41Z,CLEAR,0.5,c2;threatfox_c2,https://threatfox.abuse.ch/export/csv/recent/
ipv4,23.94.252.7,text_feeds:threatfox_c2,2026-07-24T19:44:59Z,CLEAR,0.5,c2;threatfox_c2,https://threatfox.abuse.ch/export/csv/recent/
ipv4,23.94.252.80,text_feeds:threatfox_c2,2026-07-29T09:45:17Z,CLEAR,0.5,c2;threatfox_c2,https://threatfox.abuse.ch/export/csv/recent/
ipv4,23.94.252.87,text_feeds:threatfox_c2,2026-07-28T09:45:42Z,CLEAR,0.5,c2;threatfox_c2,https://threatfox.abuse.ch/export/csv/recent/
ipv4,23.95.170.223,text_feeds:threatfox_c2,2026-06-15T15:46:19Z,CLEAR,0.5,c2;threatfox_c2,https://threatfox.abuse.ch/export/csv/recent/
ipv4,27.124.36.136,text_feeds:threatfox_c2,2026-08-19T19:45:50Z,CLEAR,0.5,c2;threatfox_c2,https://threatfox.abuse.ch/export/csv/recent/
ipv4,27.124.36.151,text_feeds:threatfox_c2,2026-07-30T09:45:43Z,CLEAR,0.5,c2;threatfox_c2,https://threatfox.abuse.ch/export/csv/recent/
ipv4,27.124.36.153,text_feeds:threatfox_c2,2026-08-02T19:45:35Z,CLEAR,0.5,c2;threatfox_c2,https://threatfox.abuse.ch/export/csv/recent/
ipv4,27.71.16.98,text_feeds:threatfox_c2,2026-07-31T05:45:43Z,CLEAR,0.5,c2;threatfox_c2,https://threatfox.abuse.ch/export/csv/recent/
ipv4,3.113.147.16,text_feeds:threatfox_c2,2026-08-29T19:46:03Z,CLEAR,0.5,c2;threatfox_c2,https://threatfox.abuse.ch/export/csv/recent/
ipv4,3.121.234.29,text_feeds:threatfox_c2,2026-02-04T15:54:23Z,CLEAR,0.5,c2;threatfox_c2,https://threatfox.abuse.ch/export/csv/recent/
ipv4,3.19.1.60,text_feeds:threatfox_c2,2023-10-25T19:08:36Z,CLEAR,0.5,c2;threatfox_c2,https://threatfox.abuse.ch/export/csv/recent/
ipv4,3.209.12.178,text_feeds:threatfox_c2,2023-05-04T06:46:30Z,CLEAR,0.5,c2;threatfox_c2,https://threatfox.abuse.ch/export/csv/recent/
ipv4,3.39.249.68,text_feeds:threatfox_c2,2026-08-12T19:45:47Z,CLEAR,0.5,c2;threatfox_c2,https://threatfox.abuse.ch/export/csv/recent/
ipv4,3.6.16.126,text_feeds:threatfox_c2,2026-09-09T09:46:38Z,CLEAR,0.5,c2;threatfox_c2,https://threatfox.abuse.ch/export/csv/recent/
ipv4,3.7.162.17,text_feeds:threatfox_c2,2026-09-28T10:00:37Z,CLEAR,0.5,c2;threatfox_c2,https://threatfox.abuse.ch/export/csv/recent/
ipv4,31.13.190.58,text_feeds:threatfox_c2,2026-09-09T15:26:29Z,CLEAR,0.5,c2;threatfox_c2,https://threatfox.abuse.ch/export/csv/recent/
ipv4,31.156.181.5,text_feeds:threatfox_c2,2026-09-14T11:18:36Z,CLEAR,0.5,c2;threatfox_c2,https://threatfox.abuse.ch/export/csv/recent/
ipv4,31.177.110.9,text_feeds:threatfox_c2,2026-08-31T08:40:31Z,CLEAR,0.5,c2;threatfox_c2,https://threatfox.abuse.ch/export/csv/recent/
ipv4,31.220.93.222,text_feeds:threatfox_c2,2026-07-05T19:45:18Z,CLEAR,0.5,c2;threatfox_c2,https://threatfox.abuse.ch/export/csv/recent/
ipv4,31.31.219.87,text_feeds:threatfox_c2,2026-09-28T10:00:39Z,CLEAR,0.5,c2;threatfox_c2,https://threatfox.abuse.ch/export/csv/recent/
ipv4,31.40.204.219,text_feeds:threatfox_c2,2026-08-27T14:54:24Z,CLEAR,0.5,c2;threatfox_c2,https://threatfox.abuse.ch/export/csv/recent/
ipv4,31.40.204.52,text_feeds:threatfox_c2,2026-09-10T17:55:53Z,CLEAR,0.5,c2;threatfox_c2,https://threatfox.abuse.ch/export/csv/recent/
ipv4,31.56.209.139,text_feeds:threatfox_c2,2026-09-21T19:45:55Z,CLEAR,0.5,c2;threatfox_c2,https://threatfox.abuse.ch/export/csv/recent/
ipv4,31.56.209.140,text_feeds:threatfox_c2,2026-09-29T19:45:07Z,CLEAR,0.5,c2;threatfox_c2,https://threatfox.abuse.ch/export/csv/recent/
ipv4,31.56.209.155,text_feeds:threatfox_c2,2026-09-23T17:20:36Z,CLEAR,0.5,c2;threatfox_c2,https://threatfox.abuse.ch/export/csv/recent/
ipv4,31.56.209.161,text_feeds:threatfox_c2,2026-09-26T19:54:07Z,CLEAR,0.5,c2;threatfox_c2,https://threatfox.abuse.ch/export/csv/recent/
ipv4,31.56.209.245,text_feeds:threatfox_c2,2026-09-10T19:46:20Z,CLEAR,0.5,c2;threatfox_c2,https://threatfox.abuse.ch/export/csv/recent/
ipv4,31.56.209.53,text_feeds:threatfox_c2,2026-09-19T19:46:42Z,CLEAR,0.5,c2;threatfox_c2,https://threatfox.abuse.ch/export/csv/recent/
ipv4,31.56.209.63,text_feeds:threatfox_c2,2026-09-13T09:46:17Z,CLEAR,0.5,c2;threatfox_c2,https://threatfox.abuse.ch/export/csv/recent/
ipv4,31.56.209.74,text_feeds:threatfox_c2,2026-09-17T05:41:33Z,CLEAR,0.5,c2;threatfox_c2,https://threatfox.abuse.ch/export/csv/recent/
ipv4,31.57.147.200,text_feeds:threatfox_c2,2026-09-02T19:46:47Z,CLEAR,0.5,c2;threatfox_c2,https://threatfox.abuse.ch/export/csv/recent/
ipv4,31.57.147.246,text_feeds:threatfox_c2,2026-09-15T19:46:05Z,CLEAR,0.5,c2;threatfox_c2,https://threatfox.abuse.ch/export/csv/recent/
ipv4,31.57.184.154,text_feeds:threatfox_c2,2026-08-21T19:46:05Z,CLEAR,0.5,c2;threatfox_c2,https://threatfox.abuse.ch/export/csv/recent/
ipv4,31.57.184.17,text_feeds:threatfox_c2,2026-09-07T08:10:55Z,CLEAR,0.5,c2;threatfox_c2,https://threatfox.abuse.ch/export/csv/recent/
ipv4,31.57.184.6,text_feeds:threatfox_c2,2026-09-14T13:57:57Z,CLEAR,0.5,c2;threatfox_c2,https://threatfox.abuse.ch/export/csv/recent/
ipv4,31.57.216.27,text_feeds:threatfox_c2,2026-04-13T11:38:41Z,CLEAR,0.5,c2;threatfox_c2,https://threatfox.abuse.ch/export/csv/recent/
ipv4,31.57.216.28,text_feeds:threatfox_c2,2026-04-13T11:38:41Z,CLEAR,0.5,c2;threatfox_c2,https://threatfox.abuse.ch/export/csv/recent/
ipv4,31.57.38.139,text_feeds:threatfox_c2,2026-09-16T19:46:27Z,CLEAR,0.5,c2;threatfox_c2,https://threatfox.abuse.ch/export/csv/recent/
ipv4,31.57.38.195,text_feeds:threatfox_c2,2026-09-07T19:46:08Z,CLEAR,0.5,c2;threatfox_c2,https://threatfox.abuse.ch/export/csv/recent/
ipv4,31.57.38.7,text_feeds:threatfox_c2,2026-09-06T19:46:04Z,CLEAR,0.5,c2;threatfox_c2,https://threatfox.abuse.ch/export/csv/recent/
ipv4,31.57.51.110,text_feeds:threatfox_c2,2026-09-12T19:46:05Z,CLEAR,0.5,c2;threatfox_c2,https://threatfox.abuse.ch/export/csv/recent/
ipv4,31.59.118.107,text_feeds:threatfox_c2,2026-09-05T19:45:54Z,CLEAR,0.5,c2;threatfox_c2,https://threatfox.abuse.ch/export/csv/recent/
ipv4,31.6.11.231,text_feeds:threatfox_c2,2026-09-29T19:45:10Z,CLEAR,0.5,c2;threatfox_c2,https://threatfox.abuse.ch/export/csv/recent/
ipv4,31.70.103.174,text_feeds:threatfox_c2,2026-09-12T07:55:31Z,CLEAR,0.5,c2;threatfox_c2,https://threatfox.abuse.ch/export/csv/recent/
ipv4,31.70.81.171,text_feeds:threatfox_c2,2026-09-07T19:46:09Z,CLEAR,0.5,c2;threatfox_c2,https://threatfox.abuse.ch/export/csv/recent/
ipv4,31.76.100.3,text_feeds:threatfox_c2,2026-08-29T19:46:07Z,CLEAR,0.5,c2;threatfox_c2,https://threatfox.abuse.ch/export/csv/recent/
ipv4,31.76.102.46,text_feeds:threatfox_c2,2026-08-31T09:05:06Z,CLEAR,0.5,c2;threatfox_c2,https://threatfox.abuse.ch/export/csv/recent/
ipv4,31.76.103.200,text_feeds:threatfox_c2,2026-09-09T19:46:24Z,CLEAR,0.5,c2;threatfox_c2,https://threatfox.abuse.ch/export/csv/recent/
ipv4,31.76.125.10,text_feeds:threatfox_c2,2026-09-01T19:45:46Z,CLEAR,0.5,c2;threatfox_c2,https://threatfox.abuse.ch/export/csv/recent/
ipv4,31.76.125.14,text_feeds:threatfox_c2,2026-09-16T19:46:29Z,CLEAR,0.5,c2;threatfox_c2,https://threatfox.abuse.ch/export/csv/recent/
ipv4,31.76.125.23,text_feeds:threatfox_c2,2026-09-27T09:45:12Z,CLEAR,0.5,c2;threatfox_c2,https://threatfox.abuse.ch/export/csv/recent/
ipv4,31.76.125.3,text_feeds:threatfox_c2,2026-09-15T19:46:09Z,CLEAR,0.5,c2;threatfox_c2,https://threatfox.abuse.ch/export/csv/recent/
ipv4,31.76.45.234,text_feeds:threatfox_c2,2026-09-24T09:46:00Z,CLEAR,0.5,c2;threatfox_c2,https://threatfox.abuse.ch/export/csv/recent/
ipv4,31.76.96.193,text_feeds:threatfox_c2,2026-08-04T19:45:42Z,CLEAR,0.5,c2;threatfox_c2,https://threatfox.abuse.ch/export/csv/recent/
ipv4,31.76.96.194,text_feeds:threatfox_c2,2026-07-25T09:45:30Z,CLEAR,0.5,c2;threatfox_c2,https://threatfox.abuse.ch/export/csv/recent/
ipv4,31.76.96.195,text_feeds:threatfox_c2,2026-07-25T09:45:30Z,CLEAR,0.5,c2;threatfox_c2,https://threatfox.abuse.ch/export/csv/recent/
ipv4,31.77.12.106,text_feeds:threatfox_c2,2026-09-21T09:46:06Z,CLEAR,0.5,c2;threatfox_c2,https://threatfox.abuse.ch/export/csv/recent/
ipv4,31.77.138.10,text_feeds:threatfox_c2,2026-09-27T19:45:03Z,CLEAR,0.5,c2;threatfox_c2,https://threatfox.abuse.ch/export/csv/recent/
ipv4,31.77.145.53,text_feeds:threatfox_c2,2026-08-08T09:45:41Z,CLEAR,0.5,c2;threatfox_c2,https://threatfox.abuse.ch/export/csv/recent/
ipv4,31.77.161.250,text_feeds:threatfox_c2,2026-09-08T09:46:16Z,CLEAR,0.5,c2;threatfox_c2,https://threatfox.abuse.ch/export/csv/recent/
ipv4,31.77.220.78,text_feeds:threatfox_c2,2026-09-23T19:46:25Z,CLEAR,0.5,c2;threatfox_c2,https://threatfox.abuse.ch/export/csv/recent/
ipv4,31.77.78.43,text_feeds:threatfox_c2,2026-09-28T06:09:19Z,CLEAR,0.5,c2;threatfox_c2,https://threatfox.abuse.ch/export/csv/recent/
ipv4,32.188.73.249,text_feeds:threatfox_c2,2026-09-28T10:00:41Z,CLEAR,0.5,c2;threatfox_c2,https://threatfox.abuse.ch/export/csv/recent/
ipv4,34.101.80.31,text_feeds:threatfox_c2,2024-12-02T21:42:34Z,CLEAR,0.5,c2;threatfox_c2,https://threatfox.abuse.ch/export/csv/recent/
ipv4,34.116.132.157,text_feeds:threatfox_c2,2026-09-28T19:45:52Z,CLEAR,0.5,c2;threatfox_c2,https://threatfox.abuse.ch/export/csv/recent/
ipv4,34.122.131.42,text_feeds:threatfox_c2,2026-09-04T09:47:31Z,CLEAR,0.5,c2;threatfox_c2,https://threatfox.abuse.ch/export/csv/recent/
ipv4,34.134.117.89,text_feeds:threatfox_c2,2026-09-08T09:46:17Z,CLEAR,0.5,c2;threatfox_c2,https://threatfox.abuse.ch/export/csv/recent/
ipv4,34.150.91.139,text_feeds:threatfox_c2,2026-08-17T06:05:05Z,CLEAR,0.5,c2;threatfox_c2,https://threatfox.abuse.ch/export/csv/recent/
ipv4,34.186.150.169,text_feeds:threatfox_c2,2026-08-19T19:45:55Z,CLEAR,0.5,c2;threatfox_c2,https://threatfox.abuse.ch/export/csv/recent/
ipv4,34.202.161.96,text_feeds:threatfox_c2,2026-06-04T23:45:28Z,CLEAR,0.5,c2;threatfox_c2,https://threatfox.abuse.ch/export/csv/recent/
ipv4,34.203.56.25,text_feeds:threatfox_c2,2026-09-28T10:00:46Z,CLEAR,0.5,c2;threatfox_c2,https://threatfox.abuse.ch/export/csv/recent/
ipv4,34.222.23.196,text_feeds:threatfox_c2,2026-09-13T19:45:46Z,CLEAR,0.5,c2;threatfox_c2,https://threatfox.abuse.ch/export/csv/recent/
ipv4,34.24.127.255,text_feeds:threatfox_c2,2026-08-28T14:05:05Z,CLEAR,0.5,c2;threatfox_c2,https://threatfox.abuse.ch/export/csv/recent/
ipv4,34.45.74.63,text_feeds:threatfox_c2,2026-08-26T12:05:07Z,CLEAR,0.5,c2;threatfox_c2,https://threatfox.abuse.ch/export/csv/recent/
ipv4,34.46.180.128,text_feeds:threatfox_c2,2025-03-14T07:07:25Z,CLEAR,0.5,c2;threatfox_c2,https://threatfox.abuse.ch/export/csv/recent/
ipv4,34.51.203.250,text_feeds:threatfox_c2,2026-09-25T19:46:10Z,CLEAR,0.5,c2;threatfox_c2,https://threatfox.abuse.ch/export/csv/recent/
ipv4,34.57.136.30,text_feeds:threatfox_c2,2026-09-28T10:00:49Z,CLEAR,0.5,c2;threatfox_c2,https://threatfox.abuse.ch/export/csv/recent/
ipv4,34.69.130.10,text_feeds:threatfox_c2,2026-05-15T19:44:19Z,CLEAR,0.5,c2;threatfox_c2,https://threatfox.abuse.ch/export/csv/recent/
ipv4,34.73.4.161,text_feeds:threatfox_c2,2026-09-09T09:46:47Z,CLEAR,0.5,c2;threatfox_c2,https://threatfox.abuse.ch/export/csv/recent/
ipv4,34.79.13.195,text_feeds:threatfox_c2,2025-09-19T04:01:08Z,CLEAR,0.5,c2;threatfox_c2,https://threatfox.abuse.ch/export/csv/recent/
ipv4,34.79.18.204,text_feeds:threatfox_c2,2026-01-27T23:01:04Z,CLEAR,0.5,c2;threatfox_c2,https://threatfox.abuse.ch/export/csv/recent/
ipv4,34.87.129.214,text_feeds:threatfox_c2,2026-09-22T09:46:19Z,CLEAR,0.5,c2;threatfox_c2,https://threatfox.abuse.ch/export/csv/recent/
ipv4,34.92.128.98,text_feeds:threatfox_c2,2026-06-10T07:18:53Z,CLEAR,0.5,c2;threatfox_c2,https://threatfox.abuse.ch/export/csv/recent/
ipv4,34.92.131.12,text_feeds:threatfox_c2,2022-09-22T11:26:18Z,CLEAR,0.5,c2;threatfox_c2,https://threatfox.abuse.ch/export/csv/recent/
ipv4,35.179.229.71,text_feeds:threatfox_c2,2026-03-16T20:01:10Z,CLEAR,0.5,c2;threatfox_c2,https://threatfox.abuse.ch/export/csv/recent/
ipv4,35.213.187.40,text_feeds:threatfox_c2,2026-09-23T15:05:07Z,CLEAR,0.5,c2;threatfox_c2,https://threatfox.abuse.ch/export/csv/recent/
ipv4,35.213.77.199,text_feeds:threatfox_c2,2026-09-28T10:00:55Z,CLEAR,0.5,c2;threatfox_c2,https://threatfox.abuse.ch/export/csv/recent/
ipv4,35.72.170.195,text_feeds:threatfox_c2,2026-07-30T19:45:39Z,CLEAR,0.5,c2;threatfox_c2,https://threatfox.abuse.ch/export/csv/recent/
ipv4,35.73.165.146,text_feeds:threatfox_c2,2026-08-22T19:46:00Z,CLEAR,0.5,c2;threatfox_c2,https://threatfox.abuse.ch/export/csv/recent/
ipv4,36.140.162.173,text_feeds:threatfox_c2,2026-02-08T15:42:09Z,CLEAR,0.5,c2;threatfox_c2,https://threatfox.abuse.ch/export/csv/recent/
ipv4,36.248.232.160,text_feeds:threatfox_c2,2026-09-22T09:46:19Z,CLEAR,0.5,c2;threatfox_c2,https://threatfox.abuse.ch/export/csv/recent/
ipv4,36.248.232.184,text_feeds:threatfox_c2,2026-09-20T09:46:27Z,CLEAR,0.5,c2;threatfox_c2,https://threatfox.abuse.ch/export/csv/recent/
ipv4,36.248.232.190,text_feeds:threatfox_c2,2026-09-28T10:45:12Z,CLEAR,0.5,c2;threatfox_c2,https://threatfox.abuse.ch/export/csv/recent/
ipv4,36.255.97.162,text_feeds:threatfox_c2,2026-09-27T18:03:40Z,CLEAR,0.5,c2;threatfox_c2,https://threatfox.abuse.ch/export/csv/recent/
ipv4,36.255.97.175,text_feeds:threatfox_c2,2026-09-06T19:46:09Z,CLEAR,0.5,c2;threatfox_c2,https://threatfox.abuse.ch/export/csv/recent/
ipv4,36.255.97.37,text_feeds:threatfox_c2,2026-09-20T06:16:54Z,CLEAR,0.5,c2;threatfox_c2,https://threatfox.abuse.ch/export/csv/recent/
ipv4,36.255.97.47,text_feeds:threatfox_c2,2026-09-29T09:45:21Z,CLEAR,0.5,c2;threatfox_c2,https://threatfox.abuse.ch/export/csv/recent/
ipv4,36.95.131.171,text_feeds:threatfox_c2,2023-05-04T06:46:41Z,CLEAR,0.5,c2;threatfox_c2,https://threatfox.abuse.ch/export/csv/recent/
ipv4,37.119.57.195,text_feeds:threatfox_c2,2023-02-14T18:50:35Z,CLEAR,0.5,c2;threatfox_c2,https://threatfox.abuse.ch/export/csv/recent/
ipv4,37.120.222.88,text_feeds:threatfox_c2,2026-09-07T19:46:15Z,CLEAR,0.5,c2;threatfox_c2,https://threatfox.abuse.ch/export/csv/recent/
ipv4,37.16.74.19,text_feeds:threatfox_c2,2026-09-08T19:46:35Z,CLEAR,0.5,c2;threatfox_c2,https://threatfox.abuse.ch/export/csv/recent/
ipv4,37.220.31.123,text_feeds:threatfox_c2,2026-09-21T09:46:09Z,CLEAR,0.5,c2;threatfox_c2,https://threatfox.abuse.ch/export/csv/recent/
ipv4,37.235.54.142,text_feeds:threatfox_c2,2026-07-13T19:44:54Z,CLEAR,0.5,c2;threatfox_c2,https://threatfox.abuse.ch/export/csv/recent/
ipv4,37.244.231.231,text_feeds:threatfox_c2,2026-09-05T09:46:29Z,CLEAR,0.5,c2;threatfox_c2,https://threatfox.abuse.ch/export/csv/recent/
ipv4,37.244.231.39,text_feeds:threatfox_c2,2026-09-23T19:46:28Z,CLEAR,0.5,c2;threatfox_c2,https://threatfox.abuse.ch/export/csv/recent/
ipv4,37.244.232.113,text_feeds:threatfox_c2,2026-09-12T09:46:41Z,CLEAR,0.5,c2;threatfox_c2,https://threatfox.abuse.ch/export/csv/recent/
ipv4,37.244.243.56,text_feeds:threatfox_c2,2026-08-30T09:46:25Z,CLEAR,0.5,c2;threatfox_c2,https://threatfox.abuse.ch/export/csv/recent/
ipv4,37.72.168.163,text_feeds:threatfox_c2,2026-09-08T19:46:36Z,CLEAR,0.5,c2;threatfox_c2,https://threatfox.abuse.ch/export/csv/recent/
ipv4,37.72.168.189,text_feeds:threatfox_c2,2026-01-20T20:05:01Z,CLEAR,0.5,c2;threatfox_c2,https://threatfox.abuse.ch/export/csv/recent/
ipv4,37.72.168.212,text_feeds:threatfox_c2,2026-08-08T18:05:07Z,CLEAR,0.5,c2;threatfox_c2,https://threatfox.abuse.ch/export/csv/recent/
ipv4,37.72.172.110,text_feeds:threatfox_c2,2022-03-24T22:55:12Z,CLEAR,0.5,c2;threatfox_c2,https://threatfox.abuse.ch/export/csv/recent/
ipv4,37.72.172.58,text_feeds:threatfox_c2,2026-07-09T19:45:23Z,CLEAR,0.5,c2;threatfox_c2,https://threatfox.abuse.ch/export/csv/recent/
ipv4,37.77.150.174,text_feeds:threatfox_c2,2026-05-25T19:44:52Z,CLEAR,0.5,c2;threatfox_c2,https://threatfox.abuse.ch/export/csv/recent/
ipv4,38.132.122.141,text_feeds:threatfox_c2,2025-07-01T04:02:16Z,CLEAR,0.5,c2;threatfox_c2,https://threatfox.abuse.ch/export/csv/recent/
ipv4,38.132.122.145,text_feeds:threatfox_c2,2025-06-16T20:02:54Z,CLEAR,0.5,c2;threatfox_c2,https://threatfox.abuse.ch/export/csv/recent/
ipv4,38.132.122.161,text_feeds:threatfox_c2,2025-06-08T21:18:40Z,CLEAR,0.5,c2;threatfox_c2,https://threatfox.abuse.ch/export/csv/recent/
ipv4,38.146.28.93,text_feeds:threatfox_c2,2025-01-30T08:47:19Z,CLEAR,0.5,c2;threatfox_c2,https://threatfox.abuse.ch/export/csv/recent/
ipv4,38.147.185.54,text_feeds:threatfox_c2,2026-08-25T15:16:32Z,CLEAR,0.5,c2;threatfox_c2,https://threatfox.abuse.ch/export/csv/recent/
ipv4,38.147.188.28,text_feeds:threatfox_c2,2026-08-26T09:46:11Z,CLEAR,0.5,c2;threatfox_c2,https://threatfox.abuse.ch/export/csv/recent/
ipv4,38.147.189.199,text_feeds:threatfox_c2,2026-05-18T19:44:31Z,CLEAR,0.5,c2;threatfox_c2,https://threatfox.abuse.ch/export/csv/recent/
ipv4,38.180.146.89,text_feeds:threatfox_c2,2026-09-13T19:45:51Z,CLEAR,0.5,c2;threatfox_c2,https://threatfox.abuse.ch/export/csv/recent/
ipv4,38.180.250.214,text_feeds:threatfox_c2,2026-08-29T19:46:14Z,CLEAR,0.5,c2;threatfox_c2,https://threatfox.abuse.ch/export/csv/recent/
ipv4,38.190.196.25,text_feeds:threatfox_c2,2026-09-27T13:46:34Z,CLEAR,0.5,c2;threatfox_c2,https://threatfox.abuse.ch/export/csv/recent/
ipv4,38.190.198.56,text_feeds:threatfox_c2,2026-09-10T03:48:54Z,CLEAR,0.5,c2;threatfox_c2,https://threatfox.abuse.ch/export/csv/recent/
ipv4,38.190.224.63,text_feeds:threatfox_c2,2026-02-08T15:42:33Z,CLEAR,0.5,c2;threatfox_c2,https://threatfox.abuse.ch/export/csv/recent/
ipv4,38.207.177.71,text_feeds:threatfox_c2,2026-06-24T09:45:14Z,CLEAR,0.5,c2;threatfox_c2,https://threatfox.abuse.ch/export/csv/recent/
ipv4,38.207.177.73,text_feeds:threatfox_c2,2026-08-27T11:48:43Z,CLEAR,0.5,c2;threatfox_c2,https://threatfox.abuse.ch/export/csv/recent/
ipv4,38.240.48.155,text_feeds:threatfox_c2,2026-08-27T09:46:35Z,CLEAR,0.5,c2;threatfox_c2,https://threatfox.abuse.ch/export/csv/recent/
ipv4,38.240.49.89,text_feeds:threatfox_c2,2026-09-25T19:46:15Z,CLEAR,0.5,c2;threatfox_c2,https://threatfox.abuse.ch/export/csv/recent/
ipv4,38.240.57.198,text_feeds:threatfox_c2,2026-08-13T09:46:22Z,CLEAR,0.5,c2;threatfox_c2,https://threatfox.abuse.ch/export/csv/recent/
ipv4,38.242.151.91,text_feeds:threatfox_c2,2024-05-23T18:47:48Z,CLEAR,0.5,c2;threatfox_c2,https://threatfox.abuse.ch/export/csv/recent/
ipv4,38.242.209.29,text_feeds:threatfox_c2,2026-09-18T09:56:36Z,CLEAR,0.5,c2;threatfox_c2,https://threatfox.abuse.ch/export/csv/recent/
ipv4,38.247.165.127,text_feeds:threatfox_c2,2026-09-09T19:46:33Z,CLEAR,0.5,c2;threatfox_c2,https://threatfox.abuse.ch/export/csv/recent/
ipv4,38.255.52.49,text_feeds:threatfox_c2,2026-09-03T19:46:10Z,CLEAR,0.5,c2;threatfox_c2,https://threatfox.abuse.ch/export/csv/recent/
ipv4,38.38.250.99,text_feeds:threatfox_c2,2025-12-30T16:21:08Z,CLEAR,0.5,c2;threatfox_c2,https://threatfox.abuse.ch/export/csv/recent/
ipv4,38.46.218.34,text_feeds:threatfox_c2,2026-07-06T10:58:18Z,CLEAR,0.5,c2;threatfox_c2,https://threatfox.abuse.ch/export/csv/recent/
ipv4,38.46.218.36,text_feeds:threatfox_c2,2025-04-02T10:08:14Z,CLEAR,0.5,c2;threatfox_c2,https://threatfox.abuse.ch/export/csv/recent/
ipv4,38.46.218.38,text_feeds:threatfox_c2,2025-04-02T10:08:13Z,CLEAR,0.5,c2;threatfox_c2,https://threatfox.abuse.ch/export/csv/recent/
ipv4,38.46.218.39,text_feeds:threatfox_c2,2025-04-02T10:08:12Z,CLEAR,0.5,c2;threatfox_c2,https://threatfox.abuse.ch/export/csv/recent/
ipv4,38.49.57.15,text_feeds:threatfox_c2,2026-01-07T20:02:36Z,CLEAR,0.5,c2;threatfox_c2,https://threatfox.abuse.ch/export/csv/recent/
ipv4,38.54.112.234,text_feeds:threatfox_c2,2025-05-12T20:58:42Z,CLEAR,0.5,c2;threatfox_c2,https://threatfox.abuse.ch/export/csv/recent/
ipv4,38.54.13.48,text_feeds:threatfox_c2,2026-09-13T19:45:52Z,CLEAR,0.5,c2;threatfox_c2,https://threatfox.abuse.ch/export/csv/recent/
ipv4,38.54.23.241,text_feeds:threatfox_c2,2025-05-26T06:29:51Z,CLEAR,0.5,c2;threatfox_c2,https://threatfox.abuse.ch/export/csv/recent/
ipv4,38.54.63.135,text_feeds:threatfox_c2,2026-05-30T09:45:23Z,CLEAR,0.5,c2;threatfox_c2,https://threatfox.abuse.ch/export/csv/recent/
ipv4,38.54.8.74,text_feeds:threatfox_c2,2026-07-12T09:45:25Z,CLEAR,0.5,c2;threatfox_c2,https://threatfox.abuse.ch/export/csv/recent/
ipv4,38.54.88.188,text_feeds:threatfox_c2,2026-09-15T09:46:13Z,CLEAR,0.5,c2;threatfox_c2,https://threatfox.abuse.ch/export/csv/recent/
ipv4,38.54.97.169,text_feeds:threatfox_c2,2026-09-10T09:46:39Z,CLEAR,0.5,c2;threatfox_c2,https://threatfox.abuse.ch/export/csv/recent/
ipv4,38.60.136.202,text_feeds:threatfox_c2,2026-09-21T19:46:09Z,CLEAR,0.5,c2;threatfox_c2,https://threatfox.abuse.ch/export/csv/recent/
ipv4,38.60.252.124,text_feeds:threatfox_c2,2026-08-29T19:46:17Z,CLEAR,0.5,c2;threatfox_c2,https://threatfox.abuse.ch/export/csv/recent/
ipv4,38.76.183.197,text_feeds:threatfox_c2,2026-09-12T13:48:26Z,CLEAR,0.5,c2;threatfox_c2,https://threatfox.abuse.ch/export/csv/recent/
ipv4,38.76.190.209,text_feeds:threatfox_c2,2026-09-27T18:03:41Z,CLEAR,0.5,c2;threatfox_c2,https://threatfox.abuse.ch/export/csv/recent/
ipv4,38.9.96.236,text_feeds:threatfox_c2,2026-09-29T07:15:55Z,CLEAR,0.5,c2;threatfox_c2,https://threatfox.abuse.ch/export/csv/recent/
ipv4,38.97.63.242,text_feeds:threatfox_c2,2026-08-10T14:24:09Z,CLEAR,0.5,c2;threatfox_c2,https://threatfox.abuse.ch/export/csv/recent/
ipv4,38.97.63.243,text_feeds:threatfox_c2,2026-08-10T19:31:02Z,CLEAR,0.5,c2;threatfox_c2,https://threatfox.abuse.ch/export/csv/recent/
ipv4,39.100.66.238,text_feeds:threatfox_c2,2026-04-20T10:52:12Z,CLEAR,0.5,c2;threatfox_c2,https://threatfox.abuse.ch/export/csv/recent/
ipv4,39.102.125.11,text_feeds:threatfox_c2,2026-04-09T14:48:47Z,CLEAR,0.5,c2;threatfox_c2,https://threatfox.abuse.ch/export/csv/recent/
ipv4,39.104.25.164,text_feeds:threatfox_c2,2022-01-07T10:30:52Z,CLEAR,0.5,c2;threatfox_c2,https://threatfox.abuse.ch/export/csv/recent/
ipv4,39.104.78.25,text_feeds:threatfox_c2,2025-06-12T08:56:19Z,CLEAR,0.5,c2;threatfox_c2,https://threatfox.abuse.ch/export/csv/recent/
ipv4,39.105.16.200,text_feeds:threatfox_c2,2026-09-24T09:46:11Z,CLEAR,0.5,c2;threatfox_c2,https://threatfox.abuse.ch/export/csv/recent/
ipv4,39.105.160.175,text_feeds:threatfox_c2,2025-12-30T16:21:08Z,CLEAR,0.5,c2;threatfox_c2,https://threatfox.abuse.ch/export/csv/recent/
ipv4,39.105.165.37,text_feeds:threatfox_c2,2026-02-08T15:42:09Z,CLEAR,0.5,c2;threatfox_c2,https://threatfox.abuse.ch/export/csv/recent/
ipv4,39.106.144.162,text_feeds:threatfox_c2,2026-02-08T15:42:32Z,CLEAR,0.5,c2;threatfox_c2,https://threatfox.abuse.ch/export/csv/recent/
ipv4,39.106.205.6,text_feeds:threatfox_c2,2026-06-16T11:00:15Z,CLEAR,0.5,c2;threatfox_c2,https://threatfox.abuse.ch/export/csv/recent/
ipv4,39.106.219.216,text_feeds:threatfox_c2,2026-09-28T08:27:04Z,CLEAR,0.5,c2;threatfox_c2,https://threatfox.abuse.ch/export/csv/recent/
ipv4,39.106.36.96,text_feeds:threatfox_c2,2023-05-04T06:46:43Z,CLEAR,0.5,c2;threatfox_c2,https://threatfox.abuse.ch/export/csv/recent/
ipv4,39.107.242.130,text_feeds:threatfox_c2,2026-01-08T11:00:08Z,CLEAR,0.5,c2;threatfox_c2,https://threatfox.abuse.ch/export/csv/recent/
ipv4,39.107.85.83,text_feeds:threatfox_c2,2026-02-08T15:42:32Z,CLEAR,0.5,c2;threatfox_c2,https://threatfox.abuse.ch/export/csv/recent/
ipv4,39.97.57.155,text_feeds:threatfox_c2,2026-08-27T11:48:44Z,CLEAR,0.5,c2;threatfox_c2,https://threatfox.abuse.ch/export/csv/recent/
ipv4,39.98.120.223,text_feeds:threatfox_c2,2026-09-26T14:36:13Z,CLEAR,0.5,c2;threatfox_c2,https://threatfox.abuse.ch/export/csv/recent/
ipv4,39.98.48.153,text_feeds:threatfox_c2,2022-01-10T16:24:49Z,CLEAR,0.5,c2;threatfox_c2,https://threatfox.abuse.ch/export/csv/recent/
ipv4,4.193.136.143,text_feeds:threatfox_c2,2026-08-20T09:46:04Z,CLEAR,0.5,c2;threatfox_c2,https://threatfox.abuse.ch/export/csv/recent/
ipv4,4.231.16.194,text_feeds:threatfox_c2,2026-09-17T09:47:28Z,CLEAR,0.5,c2;threatfox_c2,https://threatfox.abuse.ch/export/csv/recent/
ipv4,40.76.104.170,text_feeds:threatfox_c2,2026-09-28T10:00:56Z,CLEAR,0.5,c2;threatfox_c2,https://threatfox.abuse.ch/export/csv/recent/
ipv4,41.68.226.249,text_feeds:threatfox_c2,2026-09-22T09:46:27Z,CLEAR,0.5,c2;threatfox_c2,https://threatfox.abuse.ch/export/csv/recent/
ipv4,42.121.150.29,text_feeds:threatfox_c2,2026-05-21T19:45:14Z,CLEAR,0.5,c2;threatfox_c2,https://threatfox.abuse.ch/export/csv/recent/
ipv4,42.192.21.181,text_feeds:threatfox_c2,2022-07-02T13:06:49Z,CLEAR,0.5,c2;threatfox_c2,https://threatfox.abuse.ch/export/csv/recent/
ipv4,42.192.49.72,text_feeds:threatfox_c2,2026-02-08T15:42:32Z,CLEAR,0.5,c2;threatfox_c2,https://threatfox.abuse.ch/export/csv/recent/
ipv4,42.193.123.90,text_feeds:threatfox_c2,2026-09-09T03:47:41Z,CLEAR,0.5,c2;threatfox_c2,https://threatfox.abuse.ch/export/csv/recent/
ipv4,42.193.169.176,text_feeds:threatfox_c2,2026-09-19T09:47:56Z,CLEAR,0.5,c2;threatfox_c2,https://threatfox.abuse.ch/export/csv/recent/
ipv4,42.193.238.29,text_feeds:threatfox_c2,2026-09-19T17:48:49Z,CLEAR,0.5,c2;threatfox_c2,https://threatfox.abuse.ch/export/csv/recent/
ipv4,42.193.239.217,text_feeds:threatfox_c2,2026-09-16T03:47:43Z,CLEAR,0.5,c2;threatfox_c2,https://threatfox.abuse.ch/export/csv/recent/
ipv4,42.194.241.92,text_feeds:threatfox_c2,2026-09-08T05:04:48Z,CLEAR,0.5,c2;threatfox_c2,https://threatfox.abuse.ch/export/csv/recent/
ipv4,42.51.44.173,text_feeds:threatfox_c2,2026-09-25T05:47:58Z,CLEAR,0.5,c2;threatfox_c2,https://threatfox.abuse.ch/export/csv/recent/
ipv4,43.108.51.124,text_feeds:threatfox_c2,2026-08-05T06:05:05Z,CLEAR,0.5,c2;threatfox_c2,https://threatfox.abuse.ch/export/csv/recent/
ipv4,43.129.7.189,text_feeds:threatfox_c2,2022-12-30T19:48:36Z,CLEAR,0.5,c2;threatfox_c2,https://threatfox.abuse.ch/export/csv/recent/
ipv4,43.130.251.228,text_feeds:threatfox_c2,2026-09-17T12:42:05Z,CLEAR,0.5,c2;threatfox_c2,https://threatfox.abuse.ch/export/csv/recent/
ipv4,43.133.164.200,text_feeds:threatfox_c2,2026-09-02T09:46:17Z,CLEAR,0.5,c2;threatfox_c2,https://threatfox.abuse.ch/export/csv/recent/
ipv4,43.133.41.106,text_feeds:threatfox_c2,2026-02-08T15:42:32Z,CLEAR,0.5,c2;threatfox_c2,https://threatfox.abuse.ch/export/csv/recent/
ipv4,43.134.38.218,text_feeds:threatfox_c2,2026-07-22T17:05:52Z,CLEAR,0.5,c2;threatfox_c2,https://threatfox.abuse.ch/export/csv/recent/
ipv4,43.134.42.247,text_feeds:threatfox_c2,2026-08-20T09:05:06Z,CLEAR,0.5,c2;threatfox_c2,https://threatfox.abuse.ch/export/csv/recent/
ipv4,43.135.26.173,text_feeds:threatfox_c2,2026-09-19T19:47:01Z,CLEAR,0.5,c2;threatfox_c2,https://threatfox.abuse.ch/export/csv/recent/
ipv4,43.135.34.69,text_feeds:threatfox_c2,2026-08-07T19:45:42Z,CLEAR,0.5,c2;threatfox_c2,https://threatfox.abuse.ch/export/csv/recent/
ipv4,43.136.38.59,text_feeds:threatfox_c2,2023-09-05T21:52:59Z,CLEAR,0.5,c2;threatfox_c2,https://threatfox.abuse.ch/export/csv/recent/
ipv4,43.136.69.37,text_feeds:threatfox_c2,2026-09-25T03:47:21Z,CLEAR,0.5,c2;threatfox_c2,https://threatfox.abuse.ch/export/csv/recent/
ipv4,43.138.0.179,text_feeds:threatfox_c2,2024-07-09T19:05:36Z,CLEAR,0.5,c2;threatfox_c2,https://threatfox.abuse.ch/export/csv/recent/
ipv4,43.138.116.60,text_feeds:threatfox_c2,2026-08-07T19:05:06Z,CLEAR,0.5,c2;threatfox_c2,https://threatfox.abuse.ch/export/csv/recent/
ipv4,43.138.153.161,text_feeds:threatfox_c2,2026-09-17T03:48:19Z,CLEAR,0.5,c2;threatfox_c2,https://threatfox.abuse.ch/export/csv/recent/
ipv4,43.139.108.161,text_feeds:threatfox_c2,2026-04-06T18:49:49Z,CLEAR,0.5,c2;threatfox_c2,https://threatfox.abuse.ch/export/csv/recent/
ipv4,43.139.146.100,text_feeds:threatfox_c2,2026-02-08T15:42:32Z,CLEAR,0.5,c2;threatfox_c2,https://threatfox.abuse.ch/export/csv/recent/
ipv4,43.139.169.60,text_feeds:threatfox_c2,2026-02-08T15:42:31Z,CLEAR,0.5,c2;threatfox_c2,https://threatfox.abuse.ch/export/csv/recent/
ipv4,43.140.219.182,text_feeds:threatfox_c2,2026-08-24T05:05:06Z,CLEAR,0.5,c2;threatfox_c2,https://threatfox.abuse.ch/export/csv/recent/
ipv4,43.140.219.30,text_feeds:threatfox_c2,2026-05-29T19:45:33Z,CLEAR,0.5,c2;threatfox_c2,https://threatfox.abuse.ch/export/csv/recent/
ipv4,43.142.137.169,text_feeds:threatfox_c2,2026-05-19T20:46:09Z,CLEAR,0.5,c2;threatfox_c2,https://threatfox.abuse.ch/export/csv/recent/
ipv4,43.142.77.170,text_feeds:threatfox_c2,2026-05-01T02:43:22Z,CLEAR,0.5,c2;threatfox_c2,https://threatfox.abuse.ch/export/csv/recent/
ipv4,43.143.229.126,text_feeds:threatfox_c2,2025-04-01T10:24:30Z,CLEAR,0.5,c2;threatfox_c2,https://threatfox.abuse.ch/export/csv/recent/
ipv4,43.143.57.45,text_feeds:threatfox_c2,2026-09-09T09:46:57Z,CLEAR,0.5,c2;threatfox_c2,https://threatfox.abuse.ch/export/csv/recent/
ipv4,43.144.19.224,text_feeds:threatfox_c2,2026-07-01T07:05:06Z,CLEAR,0.5,c2;threatfox_c2,https://threatfox.abuse.ch/export/csv/recent/
ipv4,43.153.222.28,text_feeds:threatfox_c2,2023-08-23T11:56:21Z,CLEAR,0.5,c2;threatfox_c2,https://threatfox.abuse.ch/export/csv/recent/
ipv4,43.155.168.253,text_feeds:threatfox_c2,2026-08-22T05:05:04Z,CLEAR,0.5,c2;threatfox_c2,https://threatfox.abuse.ch/export/csv/recent/
ipv4,43.155.169.245,text_feeds:threatfox_c2,2026-03-16T12:00:11Z,CLEAR,0.5,c2;threatfox_c2,https://threatfox.abuse.ch/export/csv/recent/
ipv4,43.155.204.228,text_feeds:threatfox_c2,2026-09-17T12:42:05Z,CLEAR,0.5,c2;threatfox_c2,https://threatfox.abuse.ch/export/csv/recent/
ipv4,43.155.9.112,text_feeds:threatfox_c2,2026-09-03T21:05:05Z,CLEAR,0.5,c2;threatfox_c2,https://threatfox.abuse.ch/export/csv/recent/
ipv4,43.156.187.96,text_feeds:threatfox_c2,2026-09-25T06:28:11Z,CLEAR,0.5,c2;threatfox_c2,https://threatfox.abuse.ch/export/csv/recent/
ipv4,43.156.47.240,text_feeds:threatfox_c2,2026-09-17T12:42:05Z,CLEAR,0.5,c2;threatfox_c2,https://threatfox.abuse.ch/export/csv/recent/
ipv4,43.156.82.233,text_feeds:threatfox_c2,2026-09-17T12:49:55Z,CLEAR,0.5,c2;threatfox_c2,https://threatfox.abuse.ch/export/csv/recent/
ipv4,43.157.142.78,text_feeds:threatfox_c2,2026-09-17T12:42:04Z,CLEAR,0.5,c2;threatfox_c2,https://threatfox.abuse.ch/export/csv/recent/
ipv4,43.157.181.156,text_feeds:threatfox_c2,2026-09-17T12:42:04Z,CLEAR,0.5,c2;threatfox_c2,https://threatfox.abuse.ch/export/csv/recent/
ipv4,43.157.198.200,text_feeds:threatfox_c2,2026-09-17T12:42:04Z,CLEAR,0.5,c2;threatfox_c2,https://threatfox.abuse.ch/export/csv/recent/
ipv4,43.157.228.92,text_feeds:threatfox_c2,2026-09-28T09:59:09Z,CLEAR,0.5,c2;threatfox_c2,https://threatfox.abuse.ch/export/csv/recent/
ipv4,43.157.78.243,text_feeds:threatfox_c2,2026-09-17T12:42:02Z,CLEAR,0.5,c2;threatfox_c2,https://threatfox.abuse.ch/export/csv/recent/
ipv4,43.160.225.40,text_feeds:threatfox_c2,2026-05-01T02:43:22Z,CLEAR,0.5,c2;threatfox_c2,https://threatfox.abuse.ch/export/csv/recent/
ipv4,43.162.108.133,text_feeds:threatfox_c2,2025-09-21T16:01:22Z,CLEAR,0.5,c2;threatfox_c2,https://threatfox.abuse.ch/export/csv/recent/
ipv4,43.162.114.107,text_feeds:threatfox_c2,2025-09-23T04:00:59Z,CLEAR,0.5,c2;threatfox_c2,https://threatfox.abuse.ch/export/csv/recent/
ipv4,43.162.114.240,text_feeds:threatfox_c2,2025-09-24T08:02:13Z,CLEAR,0.5,c2;threatfox_c2,https://threatfox.abuse.ch/export/csv/recent/
ipv4,43.163.112.217,text_feeds:threatfox_c2,2025-08-25T00:00:27Z,CLEAR,0.5,c2;threatfox_c2,https://threatfox.abuse.ch/export/csv/recent/
ipv4,43.163.88.35,text_feeds:threatfox_c2,2026-08-05T06:37:44Z,CLEAR,0.5,c2;threatfox_c2,https://threatfox.abuse.ch/export/csv/recent/
ipv4,43.165.168.164,text_feeds:threatfox_c2,2026-09-29T02:05:04Z,CLEAR,0.5,c2;threatfox_c2,https://threatfox.abuse.ch/export/csv/recent/
ipv4,43.166.153.58,text_feeds:threatfox_c2,2026-09-17T12:42:03Z,CLEAR,0.5,c2;threatfox_c2,https://threatfox.abuse.ch/export/csv/recent/
ipv4,43.166.252.222,text_feeds:threatfox_c2,2026-09-19T15:47:21Z,CLEAR,0.5,c2;threatfox_c2,https://threatfox.abuse.ch/export/csv/recent/
ipv4,43.166.68.17,text_feeds:threatfox_c2,2026-09-17T12:42:02Z,CLEAR,0.5,c2;threatfox_c2,https://threatfox.abuse.ch/export/csv/recent/
ipv4,43.167.177.224,text_feeds:threatfox_c2,2026-04-16T10:56:58Z,CLEAR,0.5,c2;threatfox_c2,https://threatfox.abuse.ch/export/csv/recent/
ipv4,43.173.124.27,text_feeds:threatfox_c2,2026-09-17T12:42:02Z,CLEAR,0.5,c2;threatfox_c2,https://threatfox.abuse.ch/export/csv/recent/
ipv4,43.198.116.85,text_feeds:threatfox_c2,2026-09-09T09:46:58Z,CLEAR,0.5,c2;threatfox_c2,https://threatfox.abuse.ch/export/csv/recent/
ipv4,43.199.78.142,text_feeds:threatfox_c2,2025-08-29T22:50:45Z,CLEAR,0.5,c2;threatfox_c2,https://threatfox.abuse.ch/export/csv/recent/
ipv4,43.225.157.17,text_feeds:threatfox_c2,2026-09-29T12:43:46Z,CLEAR,0.5,c2;threatfox_c2,https://threatfox.abuse.ch/export/csv/recent/
ipv4,43.228.157.171,text_feeds:threatfox_c2,2026-09-13T12:35:02Z,CLEAR,0.5,c2;threatfox_c2,https://threatfox.abuse.ch/export/csv/recent/
ipv4,43.228.157.194,text_feeds:threatfox_c2,2026-09-07T07:16:03Z,CLEAR,0.5,c2;threatfox_c2,https://threatfox.abuse.ch/export/csv/recent/
ipv4,43.228.157.252,text_feeds:threatfox_c2,2026-07-22T19:45:15Z,CLEAR,0.5,c2;threatfox_c2,https://threatfox.abuse.ch/export/csv/recent/
ipv4,44.195.190.174,text_feeds:threatfox_c2,2026-09-28T10:00:58Z,CLEAR,0.5,c2;threatfox_c2,https://threatfox.abuse.ch/export/csv/recent/
ipv4,45.11.230.111,text_feeds:threatfox_c2,2026-09-05T19:46:09Z,CLEAR,0.5,c2;threatfox_c2,https://threatfox.abuse.ch/export/csv/recent/
ipv4,45.112.206.54,text_feeds:threatfox_c2,2026-09-17T09:47:32Z,CLEAR,0.5,c2;threatfox_c2,https://threatfox.abuse.ch/export/csv/recent/
ipv4,45.115.236.152,text_feeds:threatfox_c2,2026-02-08T15:42:10Z,CLEAR,0.5,c2;threatfox_c2,https://threatfox.abuse.ch/export/csv/recent/
ipv4,45.12.1.24,text_feeds:threatfox_c2,2022-03-06T16:43:33Z,CLEAR,0.5,c2;threatfox_c2,https://threatfox.abuse.ch/export/csv/recent/
ipv4,45.12.1.25,text_feeds:threatfox_c2,2022-03-05T16:45:53Z,CLEAR,0.5,c2;threatfox_c2,https://threatfox.abuse.ch/export/csv/recent/
ipv4,45.12.1.26,text_feeds:threatfox_c2,2022-03-05T16:43:28Z,CLEAR,0.5,c2;threatfox_c2,https://threatfox.abuse.ch/export/csv/recent/
ipv4,45.125.67.171,text_feeds:threatfox_c2,2026-05-01T02:43:23Z,CLEAR,0.5,c2;threatfox_c2,https://threatfox.abuse.ch/export/csv/recent/
ipv4,45.125.67.196,text_feeds:threatfox_c2,2026-08-29T09:46:20Z,CLEAR,0.5,c2;threatfox_c2,https://threatfox.abuse.ch/export/csv/recent/
ipv4,45.127.32.150,text_feeds:threatfox_c2,2026-09-29T09:45:29Z,CLEAR,0.5,c2;threatfox_c2,https://threatfox.abuse.ch/export/csv/recent/
ipv4,45.127.35.199,text_feeds:threatfox_c2,2026-09-15T09:46:18Z,CLEAR,0.5,c2;threatfox_c2,https://threatfox.abuse.ch/export/csv/recent/
ipv4,45.128.156.112,text_feeds:threatfox_c2,2026-09-25T09:46:27Z,CLEAR,0.5,c2;threatfox_c2,https://threatfox.abuse.ch/export/csv/recent/
ipv4,45.13.239.249,text_feeds:threatfox_c2,2026-09-11T09:46:41Z,CLEAR,0.5,c2;threatfox_c2,https://threatfox.abuse.ch/export/csv/recent/
ipv4,45.131.182.88,text_feeds:threatfox_c2,2026-08-26T19:46:05Z,CLEAR,0.5,c2;threatfox_c2,https://threatfox.abuse.ch/export/csv/recent/
ipv4,45.133.180.138,text_feeds:threatfox_c2,2025-05-15T06:10:52Z,CLEAR,0.5,c2;threatfox_c2,https://threatfox.abuse.ch/export/csv/recent/
ipv4,45.133.180.18,text_feeds:threatfox_c2,2026-09-28T18:39:13Z,CLEAR,0.5,c2;threatfox_c2,https://threatfox.abuse.ch/export/csv/recent/
ipv4,45.133.73.56,text_feeds:threatfox_c2,2026-09-26T06:20:36Z,CLEAR,0.5,c2;threatfox_c2,https://threatfox.abuse.ch/export/csv/recent/
ipv4,45.139.104.180,text_feeds:threatfox_c2,2026-09-28T19:46:04Z,CLEAR,0.5,c2;threatfox_c2,https://threatfox.abuse.ch/export/csv/recent/
ipv4,45.139.104.194,text_feeds:threatfox_c2,2026-09-24T13:14:43Z,CLEAR,0.5,c2;threatfox_c2,https://threatfox.abuse.ch/export/csv/recent/
ipv4,45.139.104.204,text_feeds:threatfox_c2,2026-09-02T09:46:21Z,CLEAR,0.5,c2;threatfox_c2,https://threatfox.abuse.ch/export/csv/recent/
ipv4,45.139.104.222,text_feeds:threatfox_c2,2026-09-18T09:56:47Z,CLEAR,0.5,c2;threatfox_c2,https://threatfox.abuse.ch/export/csv/recent/
ipv4,45.139.104.226,text_feeds:threatfox_c2,2026-09-06T19:46:19Z,CLEAR,0.5,c2;threatfox_c2,https://threatfox.abuse.ch/export/csv/recent/
ipv4,45.139.104.26,text_feeds:threatfox_c2,2026-09-20T09:46:40Z,CLEAR,0.5,c2;threatfox_c2,https://threatfox.abuse.ch/export/csv/recent/
ipv4,45.139.104.29,text_feeds:threatfox_c2,2026-09-18T19:46:12Z,CLEAR,0.5,c2;threatfox_c2,https://threatfox.abuse.ch/export/csv/recent/
ipv4,45.139.226.224,text_feeds:threatfox_c2,2026-08-04T09:45:57Z,CLEAR,0.5,c2;threatfox_c2,https://threatfox.abuse.ch/export/csv/recent/
ipv4,45.140.204.12,text_feeds:threatfox_c2,2026-08-09T19:45:38Z,CLEAR,0.5,c2;threatfox_c2,https://threatfox.abuse.ch/export/csv/recent/
ipv4,45.140.205.28,text_feeds:threatfox_c2,2026-09-29T06:28:08Z,CLEAR,0.5,c2;threatfox_c2,https://threatfox.abuse.ch/export/csv/recent/
ipv4,45.140.213.2,text_feeds:threatfox_c2,2026-08-29T15:05:05Z,CLEAR,0.5,c2;threatfox_c2,https://threatfox.abuse.ch/export/csv/recent/
ipv4,45.141.21.177,text_feeds:threatfox_c2,2026-09-06T09:46:24Z,CLEAR,0.5,c2;threatfox_c2,https://threatfox.abuse.ch/export/csv/recent/
ipv4,45.142.30.100,text_feeds:threatfox_c2,2026-09-08T09:46:31Z,CLEAR,0.5,c2;threatfox_c2,https://threatfox.abuse.ch/export/csv/recent/
ipv4,45.142.31.82,text_feeds:threatfox_c2,2026-08-31T19:46:18Z,CLEAR,0.5,c2;threatfox_c2,https://threatfox.abuse.ch/export/csv/recent/
ipv4,45.144.136.97,text_feeds:threatfox_c2,2026-09-11T03:48:17Z,CLEAR,0.5,c2;threatfox_c2,https://threatfox.abuse.ch/export/csv/recent/
ipv4,45.145.171.151,text_feeds:threatfox_c2,2026-09-11T09:46:43Z,CLEAR,0.5,c2;threatfox_c2,https://threatfox.abuse.ch/export/csv/recent/
ipv4,45.145.228.16,text_feeds:threatfox_c2,2026-07-31T05:05:06Z,CLEAR,0.5,c2;threatfox_c2,https://threatfox.abuse.ch/export/csv/recent/
ipv4,45.146.90.209,text_feeds:threatfox_c2,2026-09-29T19:45:24Z,CLEAR,0.5,c2;threatfox_c2,https://threatfox.abuse.ch/export/csv/recent/
ipv4,45.146.90.210,text_feeds:threatfox_c2,2026-09-29T19:45:24Z,CLEAR,0.5,c2;threatfox_c2,https://threatfox.abuse.ch/export/csv/recent/
ipv4,45.150.109.209,text_feeds:threatfox_c2,2026-09-16T19:46:49Z,CLEAR,0.5,c2;threatfox_c2,https://threatfox.abuse.ch/export/csv/recent/
ipv4,45.150.38.95,text_feeds:threatfox_c2,2026-06-28T19:44:54Z,CLEAR,0.5,c2;threatfox_c2,https://threatfox.abuse.ch/export/csv/recent/
ipv4,45.152.242.129,text_feeds:threatfox_c2,2026-09-21T09:46:23Z,CLEAR,0.5,c2;threatfox_c2,https://threatfox.abuse.ch/export/csv/recent/
ipv4,45.152.242.130,text_feeds:threatfox_c2,2026-09-28T19:46:07Z,CLEAR,0.5,c2;threatfox_c2,https://threatfox.abuse.ch/export/csv/recent/
ipv4,45.153.127.224,text_feeds:threatfox_c2,2026-06-13T19:45:04Z,CLEAR,0.5,c2;threatfox_c2,https://threatfox.abuse.ch/export/csv/recent/
ipv4,45.153.34.191,text_feeds:threatfox_c2,2026-09-29T07:20:40Z,CLEAR,0.5,c2;threatfox_c2,https://threatfox.abuse.ch/export/csv/recent/
ipv4,45.154.12.150,text_feeds:threatfox_c2,2026-05-24T14:46:49Z,CLEAR,0.5,c2;threatfox_c2,https://threatfox.abuse.ch/export/csv/recent/
ipv4,45.154.98.207,text_feeds:threatfox_c2,2026-08-15T19:46:12Z,CLEAR,0.5,c2;threatfox_c2,https://threatfox.abuse.ch/export/csv/recent/
ipv4,45.154.98.38,text_feeds:threatfox_c2,2026-09-03T09:46:39Z,CLEAR,0.5,c2;threatfox_c2,https://threatfox.abuse.ch/export/csv/recent/
ipv4,45.155.69.153,text_feeds:threatfox_c2,2026-05-16T19:45:35Z,CLEAR,0.5,c2;threatfox_c2,https://threatfox.abuse.ch/export/csv/recent/
ipv4,45.155.69.175,text_feeds:threatfox_c2,2026-05-01T02:43:24Z,CLEAR,0.5,c2;threatfox_c2,https://threatfox.abuse.ch/export/csv/recent/
ipv4,45.156.87.134,text_feeds:threatfox_c2,2026-09-17T19:46:30Z,CLEAR,0.5,c2;threatfox_c2,https://threatfox.abuse.ch/export/csv/recent/
ipv4,45.156.87.215,text_feeds:threatfox_c2,2026-08-30T09:46:38Z,CLEAR,0.5,c2;threatfox_c2,https://threatfox.abuse.ch/export/csv/recent/
ipv4,45.156.87.224,text_feeds:threatfox_c2,2026-08-16T09:45:53Z,CLEAR,0.5,c2;threatfox_c2,https://threatfox.abuse.ch/export/csv/recent/
ipv4,45.157.117.186,text_feeds:threatfox_c2,2026-08-08T09:45:54Z,CLEAR,0.5,c2;threatfox_c2,https://threatfox.abuse.ch/export/csv/recent/
ipv4,45.158.116.86,text_feeds:threatfox_c2,2026-09-02T09:46:24Z,CLEAR,0.5,c2;threatfox_c2,https://threatfox.abuse.ch/export/csv/recent/
ipv4,45.192.169.186,text_feeds:threatfox_c2,2026-09-12T19:46:24Z,CLEAR,0.5,c2;threatfox_c2,https://threatfox.abuse.ch/export/csv/recent/
ipv4,45.192.169.254,text_feeds:threatfox_c2,2026-08-29T19:46:25Z,CLEAR,0.5,c2;threatfox_c2,https://threatfox.abuse.ch/export/csv/recent/
ipv4,45.192.169.57,text_feeds:threatfox_c2,2026-09-12T19:46:25Z,CLEAR,0.5,c2;threatfox_c2,https://threatfox.abuse.ch/export/csv/recent/
ipv4,45.192.169.58,text_feeds:threatfox_c2,2026-09-12T19:46:25Z,CLEAR,0.5,c2;threatfox_c2,https://threatfox.abuse.ch/export/csv/recent/
ipv4,45.192.211.116,text_feeds:threatfox_c2,2026-09-08T19:46:51Z,CLEAR,0.5,c2;threatfox_c2,https://threatfox.abuse.ch/export/csv/recent/
ipv4,45.192.211.126,text_feeds:threatfox_c2,2026-09-18T19:46:16Z,CLEAR,0.5,c2;threatfox_c2,https://threatfox.abuse.ch/export/csv/recent/
ipv4,45.192.211.19,text_feeds:threatfox_c2,2026-07-28T16:59:28Z,CLEAR,0.5,c2;threatfox_c2,https://threatfox.abuse.ch/export/csv/recent/
ipv4,45.192.211.59,text_feeds:threatfox_c2,2026-06-25T15:17:46Z,CLEAR,0.5,c2;threatfox_c2,https://threatfox.abuse.ch/export/csv/recent/
ipv4,45.192.211.63,text_feeds:threatfox_c2,2026-07-29T08:59:16Z,CLEAR,0.5,c2;threatfox_c2,https://threatfox.abuse.ch/export/csv/recent/
ipv4,45.192.211.64,text_feeds:threatfox_c2,2026-06-25T18:54:02Z,CLEAR,0.5,c2;threatfox_c2,https://threatfox.abuse.ch/export/csv/recent/
ipv4,45.192.211.7,text_feeds:threatfox_c2,2026-07-29T07:42:09Z,CLEAR,0.5,c2;threatfox_c2,https://threatfox.abuse.ch/export/csv/recent/
ipv4,45.192.214.54,text_feeds:threatfox_c2,2026-09-14T19:47:08Z,CLEAR,0.5,c2;threatfox_c2,https://threatfox.abuse.ch/export/csv/recent/
ipv4,45.192.214.55,text_feeds:threatfox_c2,2026-09-08T19:46:54Z,CLEAR,0.5,c2;threatfox_c2,https://threatfox.abuse.ch/export/csv/recent/
ipv4,45.192.226.20,text_feeds:threatfox_c2,2026-09-12T19:46:28Z,CLEAR,0.5,c2;threatfox_c2,https://threatfox.abuse.ch/export/csv/recent/
ipv4,45.192.248.45,text_feeds:threatfox_c2,2026-09-17T03:48:22Z,CLEAR,0.5,c2;threatfox_c2,https://threatfox.abuse.ch/export/csv/recent/
ipv4,45.195.8.27,text_feeds:threatfox_c2,2026-09-07T13:48:28Z,CLEAR,0.5,c2;threatfox_c2,https://threatfox.abuse.ch/export/csv/recent/
ipv4,45.195.8.67,text_feeds:threatfox_c2,2026-07-29T19:45:46Z,CLEAR,0.5,c2;threatfox_c2,https://threatfox.abuse.ch/export/csv/recent/
ipv4,45.198.224.102,text_feeds:threatfox_c2,2026-09-28T11:34:55Z,CLEAR,0.5,c2;threatfox_c2,https://threatfox.abuse.ch/export/csv/recent/
ipv4,45.202.0.111,text_feeds:threatfox_c2,2026-09-16T19:46:54Z,CLEAR,0.5,c2;threatfox_c2,https://threatfox.abuse.ch/export/csv/recent/
ipv4,45.202.0.116,text_feeds:threatfox_c2,2026-09-16T09:47:19Z,CLEAR,0.5,c2;threatfox_c2,https://threatfox.abuse.ch/export/csv/recent/
ipv4,45.202.0.24,text_feeds:threatfox_c2,2026-09-11T09:46:49Z,CLEAR,0.5,c2;threatfox_c2,https://threatfox.abuse.ch/export/csv/recent/
ipv4,45.202.0.25,text_feeds:threatfox_c2,2026-09-11T09:46:49Z,CLEAR,0.5,c2;threatfox_c2,https://threatfox.abuse.ch/export/csv/recent/
ipv4,45.202.0.48,text_feeds:threatfox_c2,2026-09-18T09:56:59Z,CLEAR,0.5,c2;threatfox_c2,https://threatfox.abuse.ch/export/csv/recent/
ipv4,45.202.0.55,text_feeds:threatfox_c2,2026-09-18T09:56:59Z,CLEAR,0.5,c2;threatfox_c2,https://threatfox.abuse.ch/export/csv/recent/
ipv4,45.202.1.16,text_feeds:threatfox_c2,2026-09-21T09:46:29Z,CLEAR,0.5,c2;threatfox_c2,https://threatfox.abuse.ch/export/csv/recent/
ipv4,45.203.213.168,text_feeds:threatfox_c2,2026-09-22T15:05:07Z,CLEAR,0.5,c2;threatfox_c2,https://threatfox.abuse.ch/export/csv/recent/
ipv4,45.204.216.24,text_feeds:threatfox_c2,2025-08-11T08:01:15Z,CLEAR,0.5,c2;threatfox_c2,https://threatfox.abuse.ch/export/csv/recent/
ipv4,45.207.211.207,text_feeds:threatfox_c2,2026-09-24T09:46:25Z,CLEAR,0.5,c2;threatfox_c2,https://threatfox.abuse.ch/export/csv/recent/
ipv4,45.207.241.27,text_feeds:threatfox_c2,2026-09-15T09:46:26Z,CLEAR,0.5,c2;threatfox_c2,https://threatfox.abuse.ch/export/csv/recent/
ipv4,45.207.241.47,text_feeds:threatfox_c2,2026-09-17T09:47:45Z,CLEAR,0.5,c2;threatfox_c2,https://threatfox.abuse.ch/export/csv/recent/
ipv4,45.221.118.69,text_feeds:threatfox_c2,2026-07-28T02:05:05Z,CLEAR,0.5,c2;threatfox_c2,https://threatfox.abuse.ch/export/csv/recent/
ipv4,45.225.135.115,text_feeds:threatfox_c2,2026-09-22T17:21:35Z,CLEAR,0.5,c2;threatfox_c2,https://threatfox.abuse.ch/export/csv/recent/
ipv4,45.225.135.156,text_feeds:threatfox_c2,2026-08-30T19:45:59Z,CLEAR,0.5,c2;threatfox_c2,https://threatfox.abuse.ch/export/csv/recent/
ipv4,45.225.135.90,text_feeds:threatfox_c2,2026-09-05T19:46:15Z,CLEAR,0.5,c2;threatfox_c2,https://threatfox.abuse.ch/export/csv/recent/
ipv4,45.227.253.132,text_feeds:threatfox_c2,2026-09-25T03:47:23Z,CLEAR,0.5,c2;threatfox_c2,https://threatfox.abuse.ch/export/csv/recent/
ipv4,45.249.89.172,text_feeds:threatfox_c2,2026-09-16T09:47:20Z,CLEAR,0.5,c2;threatfox_c2,https://threatfox.abuse.ch/export/csv/recent/
ipv4,45.254.246.140,text_feeds:threatfox_c2,2026-09-25T19:46:32Z,CLEAR,0.5,c2;threatfox_c2,https://threatfox.abuse.ch/export/csv/recent/
ipv4,45.38.20.38,text_feeds:threatfox_c2,2026-08-05T09:46:29Z,CLEAR,0.5,c2;threatfox_c2,https://threatfox.abuse.ch/export/csv/recent/
ipv4,45.55.36.143,text_feeds:threatfox_c2,2022-02-20T16:42:59Z,CLEAR,0.5,c2;threatfox_c2,https://threatfox.abuse.ch/export/csv/recent/
ipv4,45.55.98.175,text_feeds:threatfox_c2,2026-07-18T09:46:14Z,CLEAR,0.5,c2;threatfox_c2,https://threatfox.abuse.ch/export/csv/recent/
ipv4,45.56.165.197,text_feeds:threatfox_c2,2026-09-05T09:46:47Z,CLEAR,0.5,c2;threatfox_c2,https://threatfox.abuse.ch/export/csv/recent/
ipv4,45.56.91.55,text_feeds:threatfox_c2,2026-05-08T08:43:45Z,CLEAR,0.5,c2;threatfox_c2,https://threatfox.abuse.ch/export/csv/recent/
ipv4,45.58.56.34,text_feeds:threatfox_c2,2025-12-30T16:21:07Z,CLEAR,0.5,c2;threatfox_c2,https://threatfox.abuse.ch/export/csv/recent/
ipv4,45.59.120.82,text_feeds:threatfox_c2,2026-08-05T19:46:26Z,CLEAR,0.5,c2;threatfox_c2,https://threatfox.abuse.ch/export/csv/recent/
ipv4,45.59.170.162,text_feeds:threatfox_c2,2026-09-25T19:46:33Z,CLEAR,0.5,c2;threatfox_c2,https://threatfox.abuse.ch/export/csv/recent/
ipv4,45.61.170.105,text_feeds:threatfox_c2,2026-08-27T10:05:10Z,CLEAR,0.5,c2;threatfox_c2,https://threatfox.abuse.ch/export/csv/recent/
ipv4,45.61.170.191,text_feeds:threatfox_c2,2026-09-16T03:47:45Z,CLEAR,0.5,c2;threatfox_c2,https://threatfox.abuse.ch/export/csv/recent/
ipv4,45.61.177.135,text_feeds:threatfox_c2,2026-08-29T09:46:28Z,CLEAR,0.5,c2;threatfox_c2,https://threatfox.abuse.ch/export/csv/recent/
ipv4,45.66.248.82,text_feeds:threatfox_c2,2026-05-04T10:43:59Z,CLEAR,0.5,c2;threatfox_c2,https://threatfox.abuse.ch/export/csv/recent/
ipv4,45.74.15.196,text_feeds:threatfox_c2,2026-09-08T19:46:57Z,CLEAR,0.5,c2;threatfox_c2,https://threatfox.abuse.ch/export/csv/recent/
ipv4,45.74.34.32,text_feeds:threatfox_c2,2024-09-27T16:02:26Z,CLEAR,0.5,c2;threatfox_c2,https://threatfox.abuse.ch/export/csv/recent/
ipv4,45.77.203.212,text_feeds:threatfox_c2,2026-09-06T09:46:32Z,CLEAR,0.5,c2;threatfox_c2,https://threatfox.abuse.ch/export/csv/recent/
ipv4,45.77.33.25,text_feeds:threatfox_c2,2024-11-27T19:45:55Z,CLEAR,0.5,c2;threatfox_c2,https://threatfox.abuse.ch/export/csv/recent/
ipv4,45.8.158.25,text_feeds:threatfox_c2,2022-04-21T16:54:57Z,CLEAR,0.5,c2;threatfox_c2,https://threatfox.abuse.ch/export/csv/recent/
ipv4,45.81.115.197,text_feeds:threatfox_c2,2026-09-05T19:46:18Z,CLEAR,0.5,c2;threatfox_c2,https://threatfox.abuse.ch/export/csv/recent/
ipv4,45.86.229.111,text_feeds:threatfox_c2,2026-09-21T09:46:32Z,CLEAR,0.5,c2;threatfox_c2,https://threatfox.abuse.ch/export/csv/recent/
ipv4,45.87.53.6,text_feeds:threatfox_c2,2026-06-11T06:43:05Z,CLEAR,0.5,c2;threatfox_c2,https://threatfox.abuse.ch/export/csv/recent/
ipv4,45.88.186.207,text_feeds:threatfox_c2,2026-09-18T19:46:23Z,CLEAR,0.5,c2;threatfox_c2,https://threatfox.abuse.ch/export/csv/recent/
ipv4,45.88.91.164,text_feeds:threatfox_c2,2026-09-28T19:46:15Z,CLEAR,0.5,c2;threatfox_c2,https://threatfox.abuse.ch/export/csv/recent/
ipv4,45.88.91.165,text_feeds:threatfox_c2,2026-09-20T09:46:53Z,CLEAR,0.5,c2;threatfox_c2,https://threatfox.abuse.ch/export/csv/recent/
ipv4,45.88.91.50,text_feeds:threatfox_c2,2026-08-31T19:46:26Z,CLEAR,0.5,c2;threatfox_c2,https://threatfox.abuse.ch/export/csv/recent/
ipv4,45.88.91.54,text_feeds:threatfox_c2,2026-09-22T19:46:30Z,CLEAR,0.5,c2;threatfox_c2,https://threatfox.abuse.ch/export/csv/recent/
ipv4,45.9.12.6,text_feeds:threatfox_c2,2026-08-26T09:46:30Z,CLEAR,0.5,c2;threatfox_c2,https://threatfox.abuse.ch/export/csv/recent/
ipv4,45.9.150.176,text_feeds:threatfox_c2,2026-09-27T10:00:37Z,CLEAR,0.5,c2;threatfox_c2,https://threatfox.abuse.ch/export/csv/recent/
ipv4,45.92.158.150,text_feeds:threatfox_c2,2026-06-29T09:45:31Z,CLEAR,0.5,c2;threatfox_c2,https://threatfox.abuse.ch/export/csv/recent/
ipv4,45.95.233.131,text_feeds:threatfox_c2,2026-09-29T06:28:25Z,CLEAR,0.5,c2;threatfox_c2,https://threatfox.abuse.ch/export/csv/recent/
ipv4,46.101.77.223,text_feeds:threatfox_c2,2026-05-01T02:43:25Z,CLEAR,0.5,c2;threatfox_c2,https://threatfox.abuse.ch/export/csv/recent/
ipv4,46.101.96.230,text_feeds:threatfox_c2,2026-09-29T07:42:56Z,CLEAR,0.5,c2;threatfox_c2,https://threatfox.abuse.ch/export/csv/recent/
ipv4,46.109.235.15,text_feeds:threatfox_c2,2026-08-29T09:46:31Z,CLEAR,0.5,c2;threatfox_c2,https://threatfox.abuse.ch/export/csv/recent/
ipv4,46.151.182.16,text_feeds:threatfox_c2,2026-07-30T09:46:11Z,CLEAR,0.5,c2;threatfox_c2,https://threatfox.abuse.ch/export/csv/recent/
ipv4,46.151.182.19,text_feeds:threatfox_c2,2026-04-15T07:10:10Z,CLEAR,0.5,c2;threatfox_c2,https://threatfox.abuse.ch/export/csv/recent/
ipv4,46.151.182.190,text_feeds:threatfox_c2,2026-09-03T15:05:07Z,CLEAR,0.5,c2;threatfox_c2,https://threatfox.abuse.ch/export/csv/recent/
ipv4,46.151.182.205,text_feeds:threatfox_c2,2026-03-13T04:01:11Z,CLEAR,0.5,c2;threatfox_c2,https://threatfox.abuse.ch/export/csv/recent/
ipv4,46.151.182.21,text_feeds:threatfox_c2,2026-09-29T19:45:31Z,CLEAR,0.5,c2;threatfox_c2,https://threatfox.abuse.ch/export/csv/recent/
ipv4,46.151.182.237,text_feeds:threatfox_c2,2026-09-14T07:25:19Z,CLEAR,0.5,c2;threatfox_c2,https://threatfox.abuse.ch/export/csv/recent/
ipv4,46.151.182.243,text_feeds:threatfox_c2,2026-06-06T19:44:30Z,CLEAR,0.5,c2;threatfox_c2,https://threatfox.abuse.ch/export/csv/recent/
ipv4,46.151.182.30,text_feeds:threatfox_c2,2026-08-19T06:06:10Z,CLEAR,0.5,c2;threatfox_c2,https://threatfox.abuse.ch/export/csv/recent/
ipv4,46.151.182.5,text_feeds:threatfox_c2,2026-09-27T09:45:32Z,CLEAR,0.5,c2;threatfox_c2,https://threatfox.abuse.ch/export/csv/recent/
ipv4,46.151.182.6,text_feeds:threatfox_c2,2026-09-14T03:05:21Z,CLEAR,0.5,c2;threatfox_c2,https://threatfox.abuse.ch/export/csv/recent/
ipv4,46.151.182.67,text_feeds:threatfox_c2,2026-09-21T19:46:27Z,CLEAR,0.5,c2;threatfox_c2,https://threatfox.abuse.ch/export/csv/recent/
ipv4,46.151.182.76,text_feeds:threatfox_c2,2026-07-28T09:46:09Z,CLEAR,0.5,c2;threatfox_c2,https://threatfox.abuse.ch/export/csv/recent/
ipv4,46.151.182.98,text_feeds:threatfox_c2,2026-08-30T09:46:48Z,CLEAR,0.5,c2;threatfox_c2,https://threatfox.abuse.ch/export/csv/recent/
ipv4,46.175.147.67,text_feeds:threatfox_c2,2026-09-28T10:01:00Z,CLEAR,0.5,c2;threatfox_c2,https://threatfox.abuse.ch/export/csv/recent/
ipv4,46.183.223.30,text_feeds:threatfox_c2,2026-09-22T08:30:54Z,CLEAR,0.5,c2;threatfox_c2,https://threatfox.abuse.ch/export/csv/recent/
ipv4,46.19.140.50,text_feeds:threatfox_c2,2026-09-29T08:05:07Z,CLEAR,0.5,c2;threatfox_c2,https://threatfox.abuse.ch/export/csv/recent/
ipv4,46.21.153.146,text_feeds:threatfox_c2,2025-09-23T20:01:59Z,CLEAR,0.5,c2;threatfox_c2,https://threatfox.abuse.ch/export/csv/recent/
ipv4,46.21.153.148,text_feeds:threatfox_c2,2025-09-23T20:01:59Z,CLEAR,0.5,c2;threatfox_c2,https://threatfox.abuse.ch/export/csv/recent/
ipv4,46.225.119.0,text_feeds:threatfox_c2,2026-09-16T09:47:26Z,CLEAR,0.5,c2;threatfox_c2,https://threatfox.abuse.ch/export/csv/recent/
ipv4,46.246.12.27,text_feeds:threatfox_c2,2026-09-01T19:46:10Z,CLEAR,0.5,c2;threatfox_c2,https://threatfox.abuse.ch/export/csv/recent/
ipv4,46.246.14.10,text_feeds:threatfox_c2,2026-09-29T12:10:42Z,CLEAR,0.5,c2;threatfox_c2,https://threatfox.abuse.ch/export/csv/recent/
ipv4,46.246.4.10,text_feeds:threatfox_c2,2026-09-12T09:47:08Z,CLEAR,0.5,c2;threatfox_c2,https://threatfox.abuse.ch/export/csv/recent/
ipv4,46.246.6.15,text_feeds:threatfox_c2,2026-09-29T09:45:40Z,CLEAR,0.5,c2;threatfox_c2,https://threatfox.abuse.ch/export/csv/recent/
ipv4,46.246.6.18,text_feeds:threatfox_c2,2026-09-18T09:57:09Z,CLEAR,0.5,c2;threatfox_c2,https://threatfox.abuse.ch/export/csv/recent/
ipv4,46.246.82.10,text_feeds:threatfox_c2,2025-08-28T20:01:21Z,CLEAR,0.5,c2;threatfox_c2,https://threatfox.abuse.ch/export/csv/recent/
ipv4,46.246.84.6,text_feeds:threatfox_c2,2026-09-22T09:46:49Z,CLEAR,0.5,c2;threatfox_c2,https://threatfox.abuse.ch/export/csv/recent/
ipv4,46.246.84.8,text_feeds:threatfox_c2,2026-09-09T09:47:20Z,CLEAR,0.5,c2;threatfox_c2,https://threatfox.abuse.ch/export/csv/recent/
ipv4,46.246.93.245,text_feeds:threatfox_c2,2026-08-29T19:46:36Z,CLEAR,0.5,c2;threatfox_c2,https://threatfox.abuse.ch/export/csv/recent/
ipv4,46.250.228.119,text_feeds:threatfox_c2,2026-09-26T08:05:21Z,CLEAR,0.5,c2;threatfox_c2,https://threatfox.abuse.ch/export/csv/recent/
ipv4,46.32.37.132,text_feeds:threatfox_c2,2023-11-06T09:07:38Z,CLEAR,0.5,c2;threatfox_c2,https://threatfox.abuse.ch/export/csv/recent/
ipv4,46.36.40.185,text_feeds:threatfox_c2,2026-09-20T09:46:57Z,CLEAR,0.5,c2;threatfox_c2,https://threatfox.abuse.ch/export/csv/recent/
ipv4,46.40.193.169,text_feeds:threatfox_c2,2026-09-22T09:46:50Z,CLEAR,0.5,c2;threatfox_c2,https://threatfox.abuse.ch/export/csv/recent/
ipv4,46.40.228.158,text_feeds:threatfox_c2,2026-09-15T09:46:33Z,CLEAR,0.5,c2;threatfox_c2,https://threatfox.abuse.ch/export/csv/recent/
ipv4,47.100.168.4,text_feeds:threatfox_c2,2026-02-08T15:42:31Z,CLEAR,0.5,c2;threatfox_c2,https://threatfox.abuse.ch/export/csv/recent/
ipv4,47.100.87.177,text_feeds:threatfox_c2,2024-03-09T20:54:40Z,CLEAR,0.5,c2;threatfox_c2,https://threatfox.abuse.ch/export/csv/recent/
ipv4,47.103.106.26,text_feeds:threatfox_c2,2026-05-01T08:43:44Z,CLEAR,0.5,c2;threatfox_c2,https://threatfox.abuse.ch/export/csv/recent/
ipv4,47.104.248.7,text_feeds:threatfox_c2,2026-04-12T06:34:43Z,CLEAR,0.5,c2;threatfox_c2,https://threatfox.abuse.ch/export/csv/recent/
ipv4,47.105.36.109,text_feeds:threatfox_c2,2025-08-05T08:53:36Z,CLEAR,0.5,c2;threatfox_c2,https://threatfox.abuse.ch/export/csv/recent/
ipv4,47.105.68.108,text_feeds:threatfox_c2,2026-09-26T14:36:02Z,CLEAR,0.5,c2;threatfox_c2,https://threatfox.abuse.ch/export/csv/recent/
ipv4,47.105.69.34,text_feeds:threatfox_c2,2024-03-27T07:57:29Z,CLEAR,0.5,c2;threatfox_c2,https://threatfox.abuse.ch/export/csv/recent/
ipv4,47.107.136.106,text_feeds:threatfox_c2,2026-02-08T15:42:10Z,CLEAR,0.5,c2;threatfox_c2,https://threatfox.abuse.ch/export/csv/recent/
ipv4,47.108.140.10,text_feeds:threatfox_c2,2025-05-09T05:36:03Z,CLEAR,0.5,c2;threatfox_c2,https://threatfox.abuse.ch/export/csv/recent/
ipv4,47.108.180.121,text_feeds:threatfox_c2,2022-08-16T11:38:21Z,CLEAR,0.5,c2;threatfox_c2,https://threatfox.abuse.ch/export/csv/recent/
ipv4,47.108.25.113,text_feeds:threatfox_c2,2026-05-25T22:46:18Z,CLEAR,0.5,c2;threatfox_c2,https://threatfox.abuse.ch/export/csv/recent/
ipv4,47.109.145.121,text_feeds:threatfox_c2,2026-02-08T15:42:10Z,CLEAR,0.5,c2;threatfox_c2,https://threatfox.abuse.ch/export/csv/recent/
ipv4,47.109.198.8,text_feeds:threatfox_c2,2026-02-08T15:42:11Z,CLEAR,0.5,c2;threatfox_c2,https://threatfox.abuse.ch/export/csv/recent/
ipv4,47.109.23.77,text_feeds:threatfox_c2,2026-04-16T06:43:30Z,CLEAR,0.5,c2;threatfox_c2,https://threatfox.abuse.ch/export/csv/recent/
ipv4,47.109.48.57,text_feeds:threatfox_c2,2025-06-13T20:01:30Z,CLEAR,0.5,c2;threatfox_c2,https://threatfox.abuse.ch/export/csv/recent/
ipv4,47.109.69.135,text_feeds:threatfox_c2,2024-06-01T13:08:25Z,CLEAR,0.5,c2;threatfox_c2,https://threatfox.abuse.ch/export/csv/recent/
ipv4,47.110.67.64,text_feeds:threatfox_c2,2025-10-21T20:01:59Z,CLEAR,0.5,c2;threatfox_c2,https://threatfox.abuse.ch/export/csv/recent/
ipv4,47.111.146.110,text_feeds:threatfox_c2,2026-02-08T15:42:30Z,CLEAR,0.5,c2;threatfox_c2,https://threatfox.abuse.ch/export/csv/recent/
ipv4,47.113.186.138,text_feeds:threatfox_c2,2025-09-24T20:00:10Z,CLEAR,0.5,c2;threatfox_c2,https://threatfox.abuse.ch/export/csv/recent/
ipv4,47.113.206.140,text_feeds:threatfox_c2,2026-09-03T11:48:34Z,CLEAR,0.5,c2;threatfox_c2,https://threatfox.abuse.ch/export/csv/recent/
ipv4,47.114.83.19,text_feeds:threatfox_c2,2026-09-29T09:05:04Z,CLEAR,0.5,c2;threatfox_c2,https://threatfox.abuse.ch/export/csv/recent/
ipv4,47.115.193.52,text_feeds:threatfox_c2,2026-01-30T18:54:11Z,CLEAR,0.5,c2;threatfox_c2,https://threatfox.abuse.ch/export/csv/recent/
ipv4,47.116.130.234,text_feeds:threatfox_c2,2026-09-20T08:29:11Z,CLEAR,0.5,c2;threatfox_c2,https://threatfox.abuse.ch/export/csv/recent/
ipv4,47.116.208.81,text_feeds:threatfox_c2,2025-03-20T12:01:27Z,CLEAR,0.5,c2;threatfox_c2,https://threatfox.abuse.ch/export/csv/recent/
ipv4,47.120.32.72,text_feeds:threatfox_c2,2026-01-23T08:04:06Z,CLEAR,0.5,c2;threatfox_c2,https://threatfox.abuse.ch/export/csv/recent/
ipv4,47.120.46.230,text_feeds:threatfox_c2,2026-01-26T23:00:09Z,CLEAR,0.5,c2;threatfox_c2,https://threatfox.abuse.ch/export/csv/recent/
ipv4,47.120.70.161,text_feeds:threatfox_c2,2026-02-08T15:42:11Z,CLEAR,0.5,c2;threatfox_c2,https://threatfox.abuse.ch/export/csv/recent/
ipv4,47.121.135.201,text_feeds:threatfox_c2,2025-10-25T04:00:11Z,CLEAR,0.5,c2;threatfox_c2,https://threatfox.abuse.ch/export/csv/recent/
ipv4,47.121.137.8,text_feeds:threatfox_c2,2026-02-08T15:42:11Z,CLEAR,0.5,c2;threatfox_c2,https://threatfox.abuse.ch/export/csv/recent/
ipv4,47.121.29.60,text_feeds:threatfox_c2,2026-02-08T15:42:11Z,CLEAR,0.5,c2;threatfox_c2,https://threatfox.abuse.ch/export/csv/recent/
ipv4,47.122.1.243,text_feeds:threatfox_c2,2026-02-08T15:42:29Z,CLEAR,0.5,c2;threatfox_c2,https://threatfox.abuse.ch/export/csv/recent/
ipv4,47.122.30.177,text_feeds:threatfox_c2,2026-02-08T15:42:29Z,CLEAR,0.5,c2;threatfox_c2,https://threatfox.abuse.ch/export/csv/recent/
ipv4,47.129.171.26,text_feeds:threatfox_c2,2025-03-01T20:47:46Z,CLEAR,0.5,c2;threatfox_c2,https://threatfox.abuse.ch/export/csv/recent/
ipv4,47.129.2.130,text_feeds:threatfox_c2,2025-10-16T22:50:54Z,CLEAR,0.5,c2;threatfox_c2,https://threatfox.abuse.ch/export/csv/recent/
ipv4,47.236.130.154,text_feeds:threatfox_c2,2025-07-25T10:51:18Z,CLEAR,0.5,c2;threatfox_c2,https://threatfox.abuse.ch/export/csv/recent/
ipv4,47.236.149.142,text_feeds:threatfox_c2,2025-11-17T23:00:18Z,CLEAR,0.5,c2;threatfox_c2,https://threatfox.abuse.ch/export/csv/recent/
ipv4,47.236.159.248,text_feeds:threatfox_c2,2025-09-02T18:52:55Z,CLEAR,0.5,c2;threatfox_c2,https://threatfox.abuse.ch/export/csv/recent/
ipv4,47.236.56.15,text_feeds:threatfox_c2,2025-11-29T12:00:52Z,CLEAR,0.5,c2;threatfox_c2,https://threatfox.abuse.ch/export/csv/recent/
ipv4,47.239.188.48,text_feeds:threatfox_c2,2026-02-08T15:42:29Z,CLEAR,0.5,c2;threatfox_c2,https://threatfox.abuse.ch/export/csv/recent/
ipv4,47.239.61.167,text_feeds:threatfox_c2,2026-09-05T09:46:55Z,CLEAR,0.5,c2;threatfox_c2,https://threatfox.abuse.ch/export/csv/recent/
ipv4,47.243.175.24,text_feeds:threatfox_c2,2026-02-08T15:42:29Z,CLEAR,0.5,c2;threatfox_c2,https://threatfox.abuse.ch/export/csv/recent/
ipv4,47.243.96.54,text_feeds:threatfox_c2,2026-09-23T09:46:37Z,CLEAR,0.5,c2;threatfox_c2,https://threatfox.abuse.ch/export/csv/recent/
ipv4,47.254.73.23,text_feeds:threatfox_c2,2026-07-06T13:05:06Z,CLEAR,0.5,c2;threatfox_c2,https://threatfox.abuse.ch/export/csv/recent/
ipv4,47.79.21.106,text_feeds:threatfox_c2,2026-08-27T11:48:51Z,CLEAR,0.5,c2;threatfox_c2,https://threatfox.abuse.ch/export/csv/recent/
ipv4,47.79.90.0,text_feeds:threatfox_c2,2026-09-28T10:01:02Z,CLEAR,0.5,c2;threatfox_c2,https://threatfox.abuse.ch/export/csv/recent/
ipv4,47.83.134.97,text_feeds:threatfox_c2,2025-04-15T16:02:30Z,CLEAR,0.5,c2;threatfox_c2,https://threatfox.abuse.ch/export/csv/recent/
ipv4,47.83.3.103,text_feeds:threatfox_c2,2026-08-05T11:47:40Z,CLEAR,0.5,c2;threatfox_c2,https://threatfox.abuse.ch/export/csv/recent/
ipv4,47.86.184.71,text_feeds:threatfox_c2,2026-09-23T13:48:10Z,CLEAR,0.5,c2;threatfox_c2,https://threatfox.abuse.ch/export/csv/recent/
ipv4,47.86.9.253,text_feeds:threatfox_c2,2026-08-29T23:47:01Z,CLEAR,0.5,c2;threatfox_c2,https://threatfox.abuse.ch/export/csv/recent/
ipv4,47.87.84.177,text_feeds:threatfox_c2,2026-08-01T09:46:18Z,CLEAR,0.5,c2;threatfox_c2,https://threatfox.abuse.ch/export/csv/recent/
ipv4,47.90.142.15,text_feeds:threatfox_c2,2024-11-27T19:47:54Z,CLEAR,0.5,c2;threatfox_c2,https://threatfox.abuse.ch/export/csv/recent/
ipv4,47.92.127.53,text_feeds:threatfox_c2,2024-05-24T13:15:35Z,CLEAR,0.5,c2;threatfox_c2,https://threatfox.abuse.ch/export/csv/recent/
ipv4,47.92.208.27,text_feeds:threatfox_c2,2026-03-24T12:00:35Z,CLEAR,0.5,c2;threatfox_c2,https://threatfox.abuse.ch/export/csv/recent/
ipv4,47.93.28.103,text_feeds:threatfox_c2,2026-02-08T15:42:12Z,CLEAR,0.5,c2;threatfox_c2,https://threatfox.abuse.ch/export/csv/recent/
ipv4,47.94.224.229,text_feeds:threatfox_c2,2026-08-11T11:48:37Z,CLEAR,0.5,c2;threatfox_c2,https://threatfox.abuse.ch/export/csv/recent/
ipv4,47.95.201.24,text_feeds:threatfox_c2,2026-09-04T15:48:28Z,CLEAR,0.5,c2;threatfox_c2,https://threatfox.abuse.ch/export/csv/recent/
ipv4,47.95.207.79,text_feeds:threatfox_c2,2021-09-18T17:39:24Z,CLEAR,0.5,c2;threatfox_c2,https://threatfox.abuse.ch/export/csv/recent/
ipv4,47.98.124.244,text_feeds:threatfox_c2,2026-09-27T18:03:42Z,CLEAR,0.5,c2;threatfox_c2,https://threatfox.abuse.ch/export/csv/recent/
ipv4,47.98.134.252,text_feeds:threatfox_c2,2025-01-10T08:18:28Z,CLEAR,0.5,c2;threatfox_c2,https://threatfox.abuse.ch/export/csv/recent/
ipv4,47.99.196.178,text_feeds:threatfox_c2,2025-09-02T04:01:38Z,CLEAR,0.5,c2;threatfox_c2,https://threatfox.abuse.ch/export/csv/recent/
ipv4,49.232.135.25,text_feeds:threatfox_c2,2026-08-26T19:46:20Z,CLEAR,0.5,c2;threatfox_c2,https://threatfox.abuse.ch/export/csv/recent/
ipv4,49.232.21.222,text_feeds:threatfox_c2,2026-09-17T13:50:39Z,CLEAR,0.5,c2;threatfox_c2,https://threatfox.abuse.ch/export/csv/recent/
ipv4,49.233.202.218,text_feeds:threatfox_c2,2026-09-13T04:49:06Z,CLEAR,0.5,c2;threatfox_c2,https://threatfox.abuse.ch/export/csv/recent/
ipv4,49.235.130.208,text_feeds:threatfox_c2,2026-08-26T09:46:34Z,CLEAR,0.5,c2;threatfox_c2,https://threatfox.abuse.ch/export/csv/recent/
ipv4,49.235.153.53,text_feeds:threatfox_c2,2026-08-09T19:45:52Z,CLEAR,0.5,c2;threatfox_c2,https://threatfox.abuse.ch/export/csv/recent/
ipv4,49.235.177.231,text_feeds:threatfox_c2,2026-02-08T15:42:28Z,CLEAR,0.5,c2;threatfox_c2,https://threatfox.abuse.ch/export/csv/recent/
ipv4,49.235.50.231,text_feeds:threatfox_c2,2026-07-28T09:46:12Z,CLEAR,0.5,c2;threatfox_c2,https://threatfox.abuse.ch/export/csv/recent/
ipv4,49.51.230.17,text_feeds:threatfox_c2,2026-09-12T13:48:33Z,CLEAR,0.5,c2;threatfox_c2,https://threatfox.abuse.ch/export/csv/recent/
ipv4,5.104.86.108,text_feeds:threatfox_c2,2026-09-13T04:49:06Z,CLEAR,0.5,c2;threatfox_c2,https://threatfox.abuse.ch/export/csv/recent/
ipv4,5.133.102.33,text_feeds:threatfox_c2,2026-08-10T19:46:16Z,CLEAR,0.5,c2;threatfox_c2,https://threatfox.abuse.ch/export/csv/recent/
ipv4,5.163.239.119,text_feeds:threatfox_c2,2026-09-18T09:57:14Z,CLEAR,0.5,c2;threatfox_c2,https://threatfox.abuse.ch/export/csv/recent/
ipv4,5.175.169.133,text_feeds:threatfox_c2,2026-09-29T08:20:34Z,CLEAR,0.5,c2;threatfox_c2,https://threatfox.abuse.ch/export/csv/recent/
ipv4,5.175.169.148,text_feeds:threatfox_c2,2026-09-22T09:46:52Z,CLEAR,0.5,c2;threatfox_c2,https://threatfox.abuse.ch/export/csv/recent/
ipv4,5.175.169.199,text_feeds:threatfox_c2,2026-09-20T19:46:45Z,CLEAR,0.5,c2;threatfox_c2,https://threatfox.abuse.ch/export/csv/recent/
ipv4,5.175.169.212,text_feeds:threatfox_c2,2026-09-24T19:46:57Z,CLEAR,0.5,c2;threatfox_c2,https://threatfox.abuse.ch/export/csv/recent/
ipv4,5.175.182.184,text_feeds:threatfox_c2,2026-08-31T19:46:32Z,CLEAR,0.5,c2;threatfox_c2,https://threatfox.abuse.ch/export/csv/recent/
ipv4,5.175.188.199,text_feeds:threatfox_c2,2026-09-08T09:46:49Z,CLEAR,0.5,c2;threatfox_c2,https://threatfox.abuse.ch/export/csv/recent/
ipv4,5.175.192.24,text_feeds:threatfox_c2,2026-09-29T11:18:53Z,CLEAR,0.5,c2;threatfox_c2,https://threatfox.abuse.ch/export/csv/recent/
ipv4,5.175.192.52,text_feeds:threatfox_c2,2026-09-29T11:18:53Z,CLEAR,0.5,c2;threatfox_c2,https://threatfox.abuse.ch/export/csv/recent/
ipv4,5.175.222.230,text_feeds:threatfox_c2,2026-09-11T19:46:57Z,CLEAR,0.5,c2;threatfox_c2,https://threatfox.abuse.ch/export/csv/recent/
ipv4,5.180.20.26,text_feeds:threatfox_c2,2026-09-20T19:46:46Z,CLEAR,0.5,c2;threatfox_c2,https://threatfox.abuse.ch/export/csv/recent/
ipv4,5.181.2.159,text_feeds:threatfox_c2,2026-09-29T12:10:48Z,CLEAR,0.5,c2;threatfox_c2,https://threatfox.abuse.ch/export/csv/recent/
ipv4,5.182.206.88,text_feeds:threatfox_c2,2026-09-29T07:02:01Z,CLEAR,0.5,c2;threatfox_c2,https://threatfox.abuse.ch/export/csv/recent/
ipv4,5.21.239.104,text_feeds:threatfox_c2,2026-09-02T09:46:36Z,CLEAR,0.5,c2;threatfox_c2,https://threatfox.abuse.ch/export/csv/recent/
ipv4,5.230.155.140,text_feeds:threatfox_c2,2026-09-19T19:47:28Z,CLEAR,0.5,c2;threatfox_c2,https://threatfox.abuse.ch/export/csv/recent/
ipv4,5.230.201.220,text_feeds:threatfox_c2,2026-06-25T18:53:55Z,CLEAR,0.5,c2;threatfox_c2,https://threatfox.abuse.ch/export/csv/recent/
ipv4,5.230.201.242,text_feeds:threatfox_c2,2026-07-09T09:46:09Z,CLEAR,0.5,c2;threatfox_c2,https://threatfox.abuse.ch/export/csv/recent/
ipv4,5.230.201.54,text_feeds:threatfox_c2,2026-08-20T19:46:12Z,CLEAR,0.5,c2;threatfox_c2,https://threatfox.abuse.ch/export/csv/recent/
ipv4,5.230.253.51,text_feeds:threatfox_c2,2026-09-29T12:40:37Z,CLEAR,0.5,c2;threatfox_c2,https://threatfox.abuse.ch/export/csv/recent/
ipv4,5.253.86.251,text_feeds:threatfox_c2,2026-07-29T08:59:27Z,CLEAR,0.5,c2;threatfox_c2,https://threatfox.abuse.ch/export/csv/recent/
ipv4,5.56.25.180,text_feeds:threatfox_c2,2026-09-16T09:47:31Z,CLEAR,0.5,c2;threatfox_c2,https://threatfox.abuse.ch/export/csv/recent/
ipv4,50.114.179.215,text_feeds:threatfox_c2,2026-09-28T19:46:22Z,CLEAR,0.5,c2;threatfox_c2,https://threatfox.abuse.ch/export/csv/recent/
ipv4,50.114.184.63,text_feeds:threatfox_c2,2026-07-30T09:46:18Z,CLEAR,0.5,c2;threatfox_c2,https://threatfox.abuse.ch/export/csv/recent/
ipv4,50.60.157.152,text_feeds:threatfox_c2,2026-09-08T09:46:50Z,CLEAR,0.5,c2;threatfox_c2,https://threatfox.abuse.ch/export/csv/recent/
ipv4,51.15.16.116,text_feeds:threatfox_c2,2024-05-21T18:51:48Z,CLEAR,0.5,c2;threatfox_c2,https://threatfox.abuse.ch/export/csv/recent/
ipv4,51.15.238.70,text_feeds:threatfox_c2,2026-09-28T10:01:04Z,CLEAR,0.5,c2;threatfox_c2,https://threatfox.abuse.ch/export/csv/recent/
ipv4,51.15.8.6,text_feeds:threatfox_c2,2026-05-20T09:45:05Z,CLEAR,0.5,c2;threatfox_c2,https://threatfox.abuse.ch/export/csv/recent/
ipv4,51.159.21.191,text_feeds:threatfox_c2,2026-09-28T09:58:52Z,CLEAR,0.5,c2;threatfox_c2,https://threatfox.abuse.ch/export/csv/recent/
ipv4,51.161.145.1,text_feeds:threatfox_c2,2026-09-28T09:59:03Z,CLEAR,0.5,c2;threatfox_c2,https://threatfox.abuse.ch/export/csv/recent/
ipv4,51.222.87.92,text_feeds:threatfox_c2,2026-09-19T19:47:30Z,CLEAR,0.5,c2;threatfox_c2,https://threatfox.abuse.ch/export/csv/recent/
ipv4,51.250.17.147,text_feeds:threatfox_c2,2026-08-31T19:46:33Z,CLEAR,0.5,c2;threatfox_c2,https://threatfox.abuse.ch/export/csv/recent/
ipv4,51.38.34.102,text_feeds:threatfox_c2,2026-09-28T10:01:05Z,CLEAR,0.5,c2;threatfox_c2,https://threatfox.abuse.ch/export/csv/recent/
ipv4,51.54.125.210,text_feeds:threatfox_c2,2026-09-29T07:05:07Z,CLEAR,0.5,c2;threatfox_c2,https://threatfox.abuse.ch/export/csv/recent/
ipv4,51.77.54.76,text_feeds:threatfox_c2,2026-05-11T19:45:01Z,CLEAR,0.5,c2;threatfox_c2,https://threatfox.abuse.ch/export/csv/recent/
ipv4,51.79.169.74,text_feeds:threatfox_c2,2026-08-16T19:46:17Z,CLEAR,0.5,c2;threatfox_c2,https://threatfox.abuse.ch/export/csv/recent/
ipv4,51.81.171.234,text_feeds:threatfox_c2,2025-07-12T00:01:36Z,CLEAR,0.5,c2;threatfox_c2,https://threatfox.abuse.ch/export/csv/recent/
ipv4,52.141.89.123,text_feeds:threatfox_c2,2026-09-12T19:46:40Z,CLEAR,0.5,c2;threatfox_c2,https://threatfox.abuse.ch/export/csv/recent/
ipv4,52.196.79.161,text_feeds:threatfox_c2,2026-08-29T19:46:40Z,CLEAR,0.5,c2;threatfox_c2,https://threatfox.abuse.ch/export/csv/recent/
ipv4,52.197.194.156,text_feeds:threatfox_c2,2026-09-28T10:45:35Z,CLEAR,0.5,c2;threatfox_c2,https://threatfox.abuse.ch/export/csv/recent/
ipv4,52.221.246.243,text_feeds:threatfox_c2,2026-08-28T09:46:55Z,CLEAR,0.5,c2;threatfox_c2,https://threatfox.abuse.ch/export/csv/recent/
ipv4,52.47.77.229,text_feeds:threatfox_c2,2026-09-21T09:46:42Z,CLEAR,0.5,c2;threatfox_c2,https://threatfox.abuse.ch/export/csv/recent/
ipv4,54.145.56.188,text_feeds:threatfox_c2,2026-01-21T20:04:36Z,CLEAR,0.5,c2;threatfox_c2,https://threatfox.abuse.ch/export/csv/recent/
ipv4,54.164.43.64,text_feeds:threatfox_c2,2026-09-28T10:01:07Z,CLEAR,0.5,c2;threatfox_c2,https://threatfox.abuse.ch/export/csv/recent/
ipv4,54.165.230.182,text_feeds:threatfox_c2,2025-11-12T04:02:31Z,CLEAR,0.5,c2;threatfox_c2,https://threatfox.abuse.ch/export/csv/recent/
ipv4,54.187.35.128,text_feeds:threatfox_c2,2026-05-22T09:45:08Z,CLEAR,0.5,c2;threatfox_c2,https://threatfox.abuse.ch/export/csv/recent/
ipv4,54.199.206.9,text_feeds:threatfox_c2,2026-08-29T19:46:41Z,CLEAR,0.5,c2;threatfox_c2,https://threatfox.abuse.ch/export/csv/recent/
ipv4,54.206.240.39,text_feeds:threatfox_c2,2026-09-28T10:01:11Z,CLEAR,0.5,c2;threatfox_c2,https://threatfox.abuse.ch/export/csv/recent/
ipv4,54.212.105.108,text_feeds:threatfox_c2,2026-09-28T10:01:13Z,CLEAR,0.5,c2;threatfox_c2,https://threatfox.abuse.ch/export/csv/recent/
ipv4,54.244.240.205,text_feeds:threatfox_c2,2026-09-21T09:46:43Z,CLEAR,0.5,c2;threatfox_c2,https://threatfox.abuse.ch/export/csv/recent/
ipv4,54.247.42.8,text_feeds:threatfox_c2,2026-09-28T09:58:53Z,CLEAR,0.5,c2;threatfox_c2,https://threatfox.abuse.ch/export/csv/recent/
ipv4,54.37.128.55,text_feeds:threatfox_c2,2026-09-02T05:49:54Z,CLEAR,0.5,c2;threatfox_c2,https://threatfox.abuse.ch/export/csv/recent/
ipv4,54.38.203.62,text_feeds:threatfox_c2,2026-09-28T10:01:15Z,CLEAR,0.5,c2;threatfox_c2,https://threatfox.abuse.ch/export/csv/recent/
ipv4,54.38.94.225,text_feeds:threatfox_c2,2026-06-18T09:45:43Z,CLEAR,0.5,c2;threatfox_c2,https://threatfox.abuse.ch/export/csv/recent/
ipv4,54.87.15.178,text_feeds:threatfox_c2,2026-09-02T19:47:25Z,CLEAR,0.5,c2;threatfox_c2,https://threatfox.abuse.ch/export/csv/recent/
ipv4,54.95.208.190,text_feeds:threatfox_c2,2025-02-19T04:01:34Z,CLEAR,0.5,c2;threatfox_c2,https://threatfox.abuse.ch/export/csv/recent/
ipv4,56.69.232.66,text_feeds:threatfox_c2,2026-09-02T09:46:40Z,CLEAR,0.5,c2;threatfox_c2,https://threatfox.abuse.ch/export/csv/recent/
ipv4,56.69.248.141,text_feeds:threatfox_c2,2026-09-02T09:46:41Z,CLEAR,0.5,c2;threatfox_c2,https://threatfox.abuse.ch/export/csv/recent/
ipv4,56.69.251.23,text_feeds:threatfox_c2,2026-08-27T09:47:06Z,CLEAR,0.5,c2;threatfox_c2,https://threatfox.abuse.ch/export/csv/recent/
ipv4,57.154.15.252,text_feeds:threatfox_c2,2026-09-15T09:46:40Z,CLEAR,0.5,c2;threatfox_c2,https://threatfox.abuse.ch/export/csv/recent/
ipv4,57.158.27.132,text_feeds:threatfox_c2,2026-05-10T09:44:56Z,CLEAR,0.5,c2;threatfox_c2,https://threatfox.abuse.ch/export/csv/recent/
ipv4,57.182.163.105,text_feeds:threatfox_c2,2026-09-26T12:46:27Z,CLEAR,0.5,c2;threatfox_c2,https://threatfox.abuse.ch/export/csv/recent/
ipv4,59.110.28.230,text_feeds:threatfox_c2,2025-11-04T20:01:04Z,CLEAR,0.5,c2;threatfox_c2,https://threatfox.abuse.ch/export/csv/recent/
ipv4,59.110.7.32,text_feeds:threatfox_c2,2025-05-31T07:45:38Z,CLEAR,0.5,c2;threatfox_c2,https://threatfox.abuse.ch/export/csv/recent/
ipv4,59.152.212.164,text_feeds:threatfox_c2,2026-05-01T18:43:53Z,CLEAR,0.5,c2;threatfox_c2,https://threatfox.abuse.ch/export/csv/recent/
ipv4,60.204.169.16,text_feeds:threatfox_c2,2025-05-15T21:14:47Z,CLEAR,0.5,c2;threatfox_c2,https://threatfox.abuse.ch/export/csv/recent/
ipv4,60.205.115.92,text_feeds:threatfox_c2,2023-11-28T13:32:35Z,CLEAR,0.5,c2;threatfox_c2,https://threatfox.abuse.ch/export/csv/recent/
ipv4,60.205.139.210,text_feeds:threatfox_c2,2026-02-08T15:42:12Z,CLEAR,0.5,c2;threatfox_c2,https://threatfox.abuse.ch/export/csv/recent/
ipv4,60.217.23.146,text_feeds:threatfox_c2,2026-09-22T15:48:08Z,CLEAR,0.5,c2;threatfox_c2,https://threatfox.abuse.ch/export/csv/recent/
ipv4,60.247.206.23,text_feeds:threatfox_c2,2026-03-11T07:03:38Z,CLEAR,0.5,c2;threatfox_c2,https://threatfox.abuse.ch/export/csv/recent/
ipv4,60.251.0.151,text_feeds:threatfox_c2,2026-09-28T10:01:17Z,CLEAR,0.5,c2;threatfox_c2,https://threatfox.abuse.ch/export/csv/recent/
ipv4,61.158.61.184,text_feeds:threatfox_c2,2026-09-11T09:47:08Z,CLEAR,0.5,c2;threatfox_c2,https://threatfox.abuse.ch/export/csv/recent/
ipv4,61.166.154.109,text_feeds:threatfox_c2,2026-02-08T15:42:28Z,CLEAR,0.5,c2;threatfox_c2,https://threatfox.abuse.ch/export/csv/recent/
ipv4,61.96.204.117,text_feeds:threatfox_c2,2024-07-01T10:05:19Z,CLEAR,0.5,c2;threatfox_c2,https://threatfox.abuse.ch/export/csv/recent/
ipv4,62.113.255.12,text_feeds:threatfox_c2,2021-11-22T16:01:01Z,CLEAR,0.5,c2;threatfox_c2,https://threatfox.abuse.ch/export/csv/recent/
ipv4,62.117.98.115,text_feeds:threatfox_c2,2025-08-12T12:01:59Z,CLEAR,0.5,c2;threatfox_c2,https://threatfox.abuse.ch/export/csv/recent/
ipv4,62.164.177.14,text_feeds:threatfox_c2,2026-09-20T13:48:14Z,CLEAR,0.5,c2;threatfox_c2,https://threatfox.abuse.ch/export/csv/recent/
ipv4,62.171.148.175,text_feeds:threatfox_c2,2026-09-10T19:47:06Z,CLEAR,0.5,c2;threatfox_c2,https://threatfox.abuse.ch/export/csv/recent/
ipv4,62.204.41.11,text_feeds:threatfox_c2,2024-04-21T15:09:17Z,CLEAR,0.5,c2;threatfox_c2,https://threatfox.abuse.ch/export/csv/recent/
ipv4,62.233.51.136,text_feeds:threatfox_c2,2026-09-18T19:46:35Z,CLEAR,0.5,c2;threatfox_c2,https://threatfox.abuse.ch/export/csv/recent/
ipv4,62.234.27.204,text_feeds:threatfox_c2,2023-12-18T05:00:11Z,CLEAR,0.5,c2;threatfox_c2,https://threatfox.abuse.ch/export/csv/recent/
ipv4,62.238.110.216,text_feeds:threatfox_c2,2026-08-27T09:47:08Z,CLEAR,0.5,c2;threatfox_c2,https://threatfox.abuse.ch/export/csv/recent/
ipv4,62.4.0.66,text_feeds:threatfox_c2,2025-11-15T08:48:18Z,CLEAR,0.5,c2;threatfox_c2,https://threatfox.abuse.ch/export/csv/recent/
ipv4,62.60.155.33,text_feeds:threatfox_c2,2026-09-28T19:46:28Z,CLEAR,0.5,c2;threatfox_c2,https://threatfox.abuse.ch/export/csv/recent/
ipv4,62.60.226.173,text_feeds:threatfox_c2,2026-09-18T13:17:38Z,CLEAR,0.5,c2;threatfox_c2,https://threatfox.abuse.ch/export/csv/recent/
ipv4,62.60.226.183,text_feeds:threatfox_c2,2026-06-25T05:28:29Z,CLEAR,0.5,c2;threatfox_c2,https://threatfox.abuse.ch/export/csv/recent/
ipv4,62.72.42.58,text_feeds:threatfox_c2,2026-09-01T04:05:06Z,CLEAR,0.5,c2;threatfox_c2,https://threatfox.abuse.ch/export/csv/recent/
ipv4,62.81.188.1,text_feeds:threatfox_c2,2026-05-01T02:43:26Z,CLEAR,0.5,c2;threatfox_c2,https://threatfox.abuse.ch/export/csv/recent/
ipv4,63.176.174.154,text_feeds:threatfox_c2,2026-09-28T17:20:33Z,CLEAR,0.5,c2;threatfox_c2,https://threatfox.abuse.ch/export/csv/recent/
ipv4,64.118.128.131,text_feeds:threatfox_c2,2026-09-29T14:05:09Z,CLEAR,0.5,c2;threatfox_c2,https://threatfox.abuse.ch/export/csv/recent/
ipv4,64.176.62.60,text_feeds:threatfox_c2,2026-09-28T00:05:05Z,CLEAR,0.5,c2;threatfox_c2,https://threatfox.abuse.ch/export/csv/recent/
ipv4,64.176.73.125,text_feeds:threatfox_c2,2026-05-31T09:45:39Z,CLEAR,0.5,c2;threatfox_c2,https://threatfox.abuse.ch/export/csv/recent/
ipv4,64.177.112.21,text_feeds:threatfox_c2,2026-08-30T09:47:00Z,CLEAR,0.5,c2;threatfox_c2,https://threatfox.abuse.ch/export/csv/recent/
ipv4,64.177.41.198,text_feeds:threatfox_c2,2026-09-01T14:05:07Z,CLEAR,0.5,c2;threatfox_c2,https://threatfox.abuse.ch/export/csv/recent/
ipv4,64.181.194.179,text_feeds:threatfox_c2,2026-09-17T09:48:11Z,CLEAR,0.5,c2;threatfox_c2,https://threatfox.abuse.ch/export/csv/recent/
ipv4,64.188.59.224,text_feeds:threatfox_c2,2026-09-27T07:05:05Z,CLEAR,0.5,c2;threatfox_c2,https://threatfox.abuse.ch/export/csv/recent/
ipv4,64.199.252.59,text_feeds:threatfox_c2,2026-05-11T19:45:07Z,CLEAR,0.5,c2;threatfox_c2,https://threatfox.abuse.ch/export/csv/recent/
ipv4,64.20.61.215,text_feeds:threatfox_c2,2026-08-05T09:46:50Z,CLEAR,0.5,c2;threatfox_c2,https://threatfox.abuse.ch/export/csv/recent/
ipv4,64.225.102.218,text_feeds:threatfox_c2,2026-06-14T09:45:07Z,CLEAR,0.5,c2;threatfox_c2,https://threatfox.abuse.ch/export/csv/recent/
ipv4,64.225.112.113,text_feeds:threatfox_c2,2026-09-01T19:46:20Z,CLEAR,0.5,c2;threatfox_c2,https://threatfox.abuse.ch/export/csv/recent/
ipv4,64.225.28.168,text_feeds:threatfox_c2,2026-09-28T09:59:18Z,CLEAR,0.5,c2;threatfox_c2,https://threatfox.abuse.ch/export/csv/recent/
ipv4,64.227.0.177,text_feeds:threatfox_c2,2022-02-21T16:51:26Z,CLEAR,0.5,c2;threatfox_c2,https://threatfox.abuse.ch/export/csv/recent/
ipv4,64.227.105.70,text_feeds:threatfox_c2,2026-03-16T20:01:02Z,CLEAR,0.5,c2;threatfox_c2,https://threatfox.abuse.ch/export/csv/recent/
ipv4,64.227.117.205,text_feeds:threatfox_c2,2026-09-29T06:28:29Z,CLEAR,0.5,c2;threatfox_c2,https://threatfox.abuse.ch/export/csv/recent/
ipv4,64.227.159.29,text_feeds:threatfox_c2,2026-08-05T09:46:51Z,CLEAR,0.5,c2;threatfox_c2,https://threatfox.abuse.ch/export/csv/recent/
ipv4,64.227.178.198,text_feeds:threatfox_c2,2026-09-23T09:46:48Z,CLEAR,0.5,c2;threatfox_c2,https://threatfox.abuse.ch/export/csv/recent/
ipv4,64.227.59.213,text_feeds:threatfox_c2,2026-09-01T19:46:20Z,CLEAR,0.5,c2;threatfox_c2,https://threatfox.abuse.ch/export/csv/recent/
ipv4,64.23.182.12,text_feeds:threatfox_c2,2026-07-15T19:46:03Z,CLEAR,0.5,c2;threatfox_c2,https://threatfox.abuse.ch/export/csv/recent/
ipv4,64.7.198.58,text_feeds:threatfox_c2,2024-05-14T10:14:21Z,CLEAR,0.5,c2;threatfox_c2,https://threatfox.abuse.ch/export/csv/recent/
ipv4,64.81.30.27,text_feeds:threatfox_c2,2026-09-08T19:47:16Z,CLEAR,0.5,c2;threatfox_c2,https://threatfox.abuse.ch/export/csv/recent/
ipv4,64.83.47.231,text_feeds:threatfox_c2,2026-09-03T19:46:42Z,CLEAR,0.5,c2;threatfox_c2,https://threatfox.abuse.ch/export/csv/recent/
ipv4,64.84.56.233,text_feeds:threatfox_c2,2026-09-19T09:46:50Z,CLEAR,0.5,c2;threatfox_c2,https://threatfox.abuse.ch/export/csv/recent/
ipv4,64.89.160.140,text_feeds:threatfox_c2,2026-08-25T19:47:14Z,CLEAR,0.5,c2;threatfox_c2,https://threatfox.abuse.ch/export/csv/recent/
ipv4,64.89.160.15,text_feeds:threatfox_c2,2026-09-13T11:45:58Z,CLEAR,0.5,c2;threatfox_c2,https://threatfox.abuse.ch/export/csv/recent/
ipv4,64.89.160.44,text_feeds:threatfox_c2,2026-05-31T15:04:22Z,CLEAR,0.5,c2;threatfox_c2,https://threatfox.abuse.ch/export/csv/recent/
ipv4,64.89.160.77,text_feeds:threatfox_c2,2026-08-26T09:46:43Z,CLEAR,0.5,c2;threatfox_c2,https://threatfox.abuse.ch/export/csv/recent/
ipv4,64.89.161.196,text_feeds:threatfox_c2,2026-08-14T19:46:22Z,CLEAR,0.5,c2;threatfox_c2,https://threatfox.abuse.ch/export/csv/recent/
ipv4,64.89.161.92,text_feeds:threatfox_c2,2026-09-26T19:56:52Z,CLEAR,0.5,c2;threatfox_c2,https://threatfox.abuse.ch/export/csv/recent/
ipv4,64.89.162.117,text_feeds:threatfox_c2,2026-06-10T09:45:40Z,CLEAR,0.5,c2;threatfox_c2,https://threatfox.abuse.ch/export/csv/recent/
ipv4,64.89.163.114,text_feeds:threatfox_c2,2026-05-01T08:43:48Z,CLEAR,0.5,c2;threatfox_c2,https://threatfox.abuse.ch/export/csv/recent/
ipv4,64.94.85.173,text_feeds:threatfox_c2,2026-09-28T19:46:31Z,CLEAR,0.5,c2;threatfox_c2,https://threatfox.abuse.ch/export/csv/recent/
ipv4,65.1.70.222,text_feeds:threatfox_c2,2026-08-05T09:46:52Z,CLEAR,0.5,c2;threatfox_c2,https://threatfox.abuse.ch/export/csv/recent/
ipv4,65.108.13.44,text_feeds:threatfox_c2,2026-09-12T09:47:23Z,CLEAR,0.5,c2;threatfox_c2,https://threatfox.abuse.ch/export/csv/recent/
ipv4,65.109.113.253,text_feeds:threatfox_c2,2026-09-28T14:16:54Z,CLEAR,0.5,c2;threatfox_c2,https://threatfox.abuse.ch/export/csv/recent/
ipv4,65.73.250.246,text_feeds:threatfox_c2,2026-03-16T16:32:43Z,CLEAR,0.5,c2;threatfox_c2,https://threatfox.abuse.ch/export/csv/recent/
ipv4,65.87.7.11,text_feeds:threatfox_c2,2026-09-09T19:47:12Z,CLEAR,0.5,c2;threatfox_c2,https://threatfox.abuse.ch/export/csv/recent/
ipv4,66.135.7.129,text_feeds:threatfox_c2,2026-09-28T10:01:21Z,CLEAR,0.5,c2;threatfox_c2,https://threatfox.abuse.ch/export/csv/recent/
ipv4,66.179.29.5,text_feeds:threatfox_c2,2026-09-24T09:46:44Z,CLEAR,0.5,c2;threatfox_c2,https://threatfox.abuse.ch/export/csv/recent/
ipv4,66.179.30.218,text_feeds:threatfox_c2,2026-09-07T09:46:56Z,CLEAR,0.5,c2;threatfox_c2,https://threatfox.abuse.ch/export/csv/recent/
ipv4,66.29.134.188,text_feeds:threatfox_c2,2026-09-16T09:47:44Z,CLEAR,0.5,c2;threatfox_c2,https://threatfox.abuse.ch/export/csv/recent/
ipv4,66.78.40.93,text_feeds:threatfox_c2,2026-09-08T19:47:20Z,CLEAR,0.5,c2;threatfox_c2,https://threatfox.abuse.ch/export/csv/recent/
ipv4,66.94.113.10,text_feeds:threatfox_c2,2026-09-12T09:47:25Z,CLEAR,0.5,c2;threatfox_c2,https://threatfox.abuse.ch/export/csv/recent/
ipv4,67.205.148.159,text_feeds:threatfox_c2,2026-09-15T19:46:56Z,CLEAR,0.5,c2;threatfox_c2,https://threatfox.abuse.ch/export/csv/recent/
ipv4,67.205.187.242,text_feeds:threatfox_c2,2026-09-28T09:58:40Z,CLEAR,0.5,c2;threatfox_c2,https://threatfox.abuse.ch/export/csv/recent/
ipv4,67.210.97.40,text_feeds:threatfox_c2,2026-07-29T19:46:10Z,CLEAR,0.5,c2;threatfox_c2,https://threatfox.abuse.ch/export/csv/recent/
ipv4,67.215.229.22,text_feeds:threatfox_c2,2026-09-29T12:40:38Z,CLEAR,0.5,c2;threatfox_c2,https://threatfox.abuse.ch/export/csv/recent/
ipv4,67.219.102.244,text_feeds:threatfox_c2,2025-12-12T02:50:28Z,CLEAR,0.5,c2;threatfox_c2,https://threatfox.abuse.ch/export/csv/recent/
ipv4,67.43.56.25,text_feeds:threatfox_c2,2026-09-19T19:47:44Z,CLEAR,0.5,c2;threatfox_c2,https://threatfox.abuse.ch/export/csv/recent/
ipv4,68.178.202.150,text_feeds:threatfox_c2,2026-09-12T09:47:25Z,CLEAR,0.5,c2;threatfox_c2,https://threatfox.abuse.ch/export/csv/recent/
ipv4,68.178.205.17,text_feeds:threatfox_c2,2026-09-12T09:47:25Z,CLEAR,0.5,c2;threatfox_c2,https://threatfox.abuse.ch/export/csv/recent/
ipv4,68.183.200.63,text_feeds:threatfox_c2,2022-02-21T16:58:18Z,CLEAR,0.5,c2;threatfox_c2,https://threatfox.abuse.ch/export/csv/recent/
ipv4,68.183.248.32,text_feeds:threatfox_c2,2026-08-16T19:46:27Z,CLEAR,0.5,c2;threatfox_c2,https://threatfox.abuse.ch/export/csv/recent/
ipv4,68.64.176.42,text_feeds:threatfox_c2,2025-06-06T16:00:50Z,CLEAR,0.5,c2;threatfox_c2,https://threatfox.abuse.ch/export/csv/recent/
ipv4,68.64.177.24,text_feeds:threatfox_c2,2026-09-16T19:47:20Z,CLEAR,0.5,c2;threatfox_c2,https://threatfox.abuse.ch/export/csv/recent/
ipv4,69.10.49.136,text_feeds:threatfox_c2,2026-09-11T09:47:15Z,CLEAR,0.5,c2;threatfox_c2,https://threatfox.abuse.ch/export/csv/recent/
ipv4,69.164.245.180,text_feeds:threatfox_c2,2026-08-09T09:46:39Z,CLEAR,0.5,c2;threatfox_c2,https://threatfox.abuse.ch/export/csv/recent/
ipv4,69.167.41.16,text_feeds:threatfox_c2,2026-09-01T09:47:35Z,CLEAR,0.5,c2;threatfox_c2,https://threatfox.abuse.ch/export/csv/recent/
ipv4,69.48.229.91,text_feeds:threatfox_c2,2026-09-10T09:47:19Z,CLEAR,0.5,c2;threatfox_c2,https://threatfox.abuse.ch/export/csv/recent/
ipv4,70.153.18.45,text_feeds:threatfox_c2,2026-03-04T04:01:12Z,CLEAR,0.5,c2;threatfox_c2,https://threatfox.abuse.ch/export/csv/recent/
ipv4,70.34.196.238,text_feeds:threatfox_c2,2025-01-10T08:18:43Z,CLEAR,0.5,c2;threatfox_c2,https://threatfox.abuse.ch/export/csv/recent/
ipv4,70.34.251.19,text_feeds:threatfox_c2,2026-07-02T09:45:42Z,CLEAR,0.5,c2;threatfox_c2,https://threatfox.abuse.ch/export/csv/recent/
ipv4,72.14.136.55,text_feeds:threatfox_c2,2026-08-05T19:46:50Z,CLEAR,0.5,c2;threatfox_c2,https://threatfox.abuse.ch/export/csv/recent/
ipv4,72.14.136.90,text_feeds:threatfox_c2,2026-09-10T21:47:09Z,CLEAR,0.5,c2;threatfox_c2,https://threatfox.abuse.ch/export/csv/recent/
ipv4,72.51.59.132,text_feeds:threatfox_c2,2026-09-28T19:46:34Z,CLEAR,0.5,c2;threatfox_c2,https://threatfox.abuse.ch/export/csv/recent/
ipv4,72.83.221.122,text_feeds:threatfox_c2,2026-09-21T19:46:45Z,CLEAR,0.5,c2;threatfox_c2,https://threatfox.abuse.ch/export/csv/recent/
ipv4,74.0.32.137,text_feeds:threatfox_c2,2026-07-15T09:46:18Z,CLEAR,0.5,c2;threatfox_c2,https://threatfox.abuse.ch/export/csv/recent/
ipv4,74.115.172.254,text_feeds:threatfox_c2,2026-09-28T07:30:52Z,CLEAR,0.5,c2;threatfox_c2,https://threatfox.abuse.ch/export/csv/recent/
ipv4,74.201.173.189,text_feeds:threatfox_c2,2026-09-14T07:47:18Z,CLEAR,0.5,c2;threatfox_c2,https://threatfox.abuse.ch/export/csv/recent/
ipv4,74.204.158.81,text_feeds:threatfox_c2,2026-09-24T19:47:14Z,CLEAR,0.5,c2;threatfox_c2,https://threatfox.abuse.ch/export/csv/recent/
ipv4,74.208.146.77,text_feeds:threatfox_c2,2026-09-23T19:47:18Z,CLEAR,0.5,c2;threatfox_c2,https://threatfox.abuse.ch/export/csv/recent/
ipv4,76.164.192.173,text_feeds:threatfox_c2,2026-09-03T19:46:47Z,CLEAR,0.5,c2;threatfox_c2,https://threatfox.abuse.ch/export/csv/recent/
ipv4,77.110.114.115,text_feeds:threatfox_c2,2026-09-29T18:05:39Z,CLEAR,0.5,c2;threatfox_c2,https://threatfox.abuse.ch/export/csv/recent/
ipv4,77.232.37.55,text_feeds:threatfox_c2,2026-09-18T05:04:38Z,CLEAR,0.5,c2;threatfox_c2,https://threatfox.abuse.ch/export/csv/recent/
ipv4,77.232.41.119,text_feeds:threatfox_c2,2026-09-18T05:04:37Z,CLEAR,0.5,c2;threatfox_c2,https://threatfox.abuse.ch/export/csv/recent/
ipv4,77.232.42.76,text_feeds:threatfox_c2,2026-09-18T05:04:36Z,CLEAR,0.5,c2;threatfox_c2,https://threatfox.abuse.ch/export/csv/recent/
ipv4,77.237.102.203,text_feeds:threatfox_c2,2026-09-04T19:46:59Z,CLEAR,0.5,c2;threatfox_c2,https://threatfox.abuse.ch/export/csv/recent/
ipv4,77.238.236.123,text_feeds:threatfox_c2,2025-01-10T13:55:47Z,CLEAR,0.5,c2;threatfox_c2,https://threatfox.abuse.ch/export/csv/recent/
ipv4,77.239.107.93,text_feeds:threatfox_c2,2026-09-24T19:47:15Z,CLEAR,0.5,c2;threatfox_c2,https://threatfox.abuse.ch/export/csv/recent/
ipv4,77.242.250.36,text_feeds:threatfox_c2,2023-04-15T12:28:52Z,CLEAR,0.5,c2;threatfox_c2,https://threatfox.abuse.ch/export/csv/recent/
ipv4,77.37.41.59,text_feeds:threatfox_c2,2026-09-28T20:15:27Z,CLEAR,0.5,c2;threatfox_c2,https://threatfox.abuse.ch/export/csv/recent/
ipv4,77.73.129.82,text_feeds:threatfox_c2,2025-04-18T08:02:32Z,CLEAR,0.5,c2;threatfox_c2,https://threatfox.abuse.ch/export/csv/recent/
ipv4,77.74.208.123,text_feeds:threatfox_c2,2023-08-25T06:48:54Z,CLEAR,0.5,c2;threatfox_c2,https://threatfox.abuse.ch/export/csv/recent/
ipv4,77.83.246.5,text_feeds:threatfox_c2,2026-08-25T12:20:11Z,CLEAR,0.5,c2;threatfox_c2,https://threatfox.abuse.ch/export/csv/recent/
ipv4,77.83.36.54,text_feeds:threatfox_c2,2021-12-16T10:42:30Z,CLEAR,0.5,c2;threatfox_c2,https://threatfox.abuse.ch/export/csv/recent/
ipv4,77.83.39.141,text_feeds:threatfox_c2,2026-09-01T19:46:26Z,CLEAR,0.5,c2;threatfox_c2,https://threatfox.abuse.ch/export/csv/recent/
ipv4,77.90.14.60,text_feeds:threatfox_c2,2026-09-15T19:47:00Z,CLEAR,0.5,c2;threatfox_c2,https://threatfox.abuse.ch/export/csv/recent/
ipv4,78.17.212.127,text_feeds:threatfox_c2,2026-09-21T13:48:25Z,CLEAR,0.5,c2;threatfox_c2,https://threatfox.abuse.ch/export/csv/recent/
ipv4,78.17.93.159,text_feeds:threatfox_c2,2026-09-28T09:58:54Z,CLEAR,0.5,c2;threatfox_c2,https://threatfox.abuse.ch/export/csv/recent/
ipv4,78.17.93.96,text_feeds:threatfox_c2,2026-09-11T09:47:18Z,CLEAR,0.5,c2;threatfox_c2,https://threatfox.abuse.ch/export/csv/recent/
ipv4,78.39.51.23,text_feeds:threatfox_c2,2026-09-08T09:47:07Z,CLEAR,0.5,c2;threatfox_c2,https://threatfox.abuse.ch/export/csv/recent/
ipv4,78.46.210.40,text_feeds:threatfox_c2,2026-03-25T16:17:25Z,CLEAR,0.5,c2;threatfox_c2,https://threatfox.abuse.ch/export/csv/recent/
ipv4,79.135.160.20,text_feeds:threatfox_c2,2026-05-01T02:43:28Z,CLEAR,0.5,c2;threatfox_c2,https://threatfox.abuse.ch/export/csv/recent/
ipv4,79.76.35.195,text_feeds:threatfox_c2,2026-09-09T19:47:17Z,CLEAR,0.5,c2;threatfox_c2,https://threatfox.abuse.ch/export/csv/recent/
ipv4,8.130.26.216,text_feeds:threatfox_c2,2025-12-30T16:21:05Z,CLEAR,0.5,c2;threatfox_c2,https://threatfox.abuse.ch/export/csv/recent/
ipv4,8.130.80.145,text_feeds:threatfox_c2,2025-12-30T16:21:05Z,CLEAR,0.5,c2;threatfox_c2,https://threatfox.abuse.ch/export/csv/recent/
ipv4,8.133.234.121,text_feeds:threatfox_c2,2026-09-26T14:36:13Z,CLEAR,0.5,c2;threatfox_c2,https://threatfox.abuse.ch/export/csv/recent/
ipv4,8.134.11.7,text_feeds:threatfox_c2,2024-04-25T22:12:56Z,CLEAR,0.5,c2;threatfox_c2,https://threatfox.abuse.ch/export/csv/recent/
ipv4,8.134.132.94,text_feeds:threatfox_c2,2026-09-28T01:05:05Z,CLEAR,0.5,c2;threatfox_c2,https://threatfox.abuse.ch/export/csv/recent/
ipv4,8.134.166.14,text_feeds:threatfox_c2,2026-08-28T23:47:33Z,CLEAR,0.5,c2;threatfox_c2,https://threatfox.abuse.ch/export/csv/recent/
ipv4,8.134.70.73,text_feeds:threatfox_c2,2026-07-10T23:46:33Z,CLEAR,0.5,c2;threatfox_c2,https://threatfox.abuse.ch/export/csv/recent/
ipv4,8.136.13.87,text_feeds:threatfox_c2,2026-03-20T00:02:12Z,CLEAR,0.5,c2;threatfox_c2,https://threatfox.abuse.ch/export/csv/recent/
ipv4,8.137.111.232,text_feeds:threatfox_c2,2026-09-23T09:46:57Z,CLEAR,0.5,c2;threatfox_c2,https://threatfox.abuse.ch/export/csv/recent/
ipv4,8.137.114.210,text_feeds:threatfox_c2,2024-11-27T19:47:07Z,CLEAR,0.5,c2;threatfox_c2,https://threatfox.abuse.ch/export/csv/recent/
ipv4,8.137.149.67,text_feeds:threatfox_c2,2026-02-08T15:42:13Z,CLEAR,0.5,c2;threatfox_c2,https://threatfox.abuse.ch/export/csv/recent/
ipv4,8.138.167.123,text_feeds:threatfox_c2,2025-08-16T15:22:26Z,CLEAR,0.5,c2;threatfox_c2,https://threatfox.abuse.ch/export/csv/recent/
ipv4,8.138.180.67,text_feeds:threatfox_c2,2026-05-27T07:09:08Z,CLEAR,0.5,c2;threatfox_c2,https://threatfox.abuse.ch/export/csv/recent/
ipv4,8.138.222.215,text_feeds:threatfox_c2,2025-09-06T20:01:18Z,CLEAR,0.5,c2;threatfox_c2,https://threatfox.abuse.ch/export/csv/recent/
ipv4,8.140.203.92,text_feeds:threatfox_c2,2023-12-26T06:46:27Z,CLEAR,0.5,c2;threatfox_c2,https://threatfox.abuse.ch/export/csv/recent/
ipv4,8.140.239.162,text_feeds:threatfox_c2,2025-05-23T05:34:51Z,CLEAR,0.5,c2;threatfox_c2,https://threatfox.abuse.ch/export/csv/recent/
ipv4,8.146.227.247,text_feeds:threatfox_c2,2026-09-15T17:05:06Z,CLEAR,0.5,c2;threatfox_c2,https://threatfox.abuse.ch/export/csv/recent/
ipv4,8.147.128.54,text_feeds:threatfox_c2,2025-06-17T03:12:25Z,CLEAR,0.5,c2;threatfox_c2,https://threatfox.abuse.ch/export/csv/recent/
ipv4,8.148.194.157,text_feeds:threatfox_c2,2025-09-04T07:40:17Z,CLEAR,0.5,c2;threatfox_c2,https://threatfox.abuse.ch/export/csv/recent/
ipv4,8.152.212.104,text_feeds:threatfox_c2,2026-06-27T07:05:05Z,CLEAR,0.5,c2;threatfox_c2,https://threatfox.abuse.ch/export/csv/recent/
ipv4,8.152.99.85,text_feeds:threatfox_c2,2025-07-06T20:00:32Z,CLEAR,0.5,c2;threatfox_c2,https://threatfox.abuse.ch/export/csv/recent/
ipv4,8.153.205.30,text_feeds:threatfox_c2,2026-02-08T15:42:14Z,CLEAR,0.5,c2;threatfox_c2,https://threatfox.abuse.ch/export/csv/recent/
ipv4,8.153.97.202,text_feeds:threatfox_c2,2024-12-24T08:00:43Z,CLEAR,0.5,c2;threatfox_c2,https://threatfox.abuse.ch/export/csv/recent/
ipv4,8.155.0.238,text_feeds:threatfox_c2,2025-06-10T16:01:13Z,CLEAR,0.5,c2;threatfox_c2,https://threatfox.abuse.ch/export/csv/recent/
ipv4,8.159.146.72,text_feeds:threatfox_c2,2025-12-23T03:00:34Z,CLEAR,0.5,c2;threatfox_c2,https://threatfox.abuse.ch/export/csv/recent/
ipv4,8.162.1.240,text_feeds:threatfox_c2,2026-08-27T11:48:55Z,CLEAR,0.5,c2;threatfox_c2,https://threatfox.abuse.ch/export/csv/recent/
ipv4,8.163.49.50,text_feeds:threatfox_c2,2026-05-27T07:09:22Z,CLEAR,0.5,c2;threatfox_c2,https://threatfox.abuse.ch/export/csv/recent/
ipv4,8.163.59.20,text_feeds:threatfox_c2,2026-06-10T06:00:25Z,CLEAR,0.5,c2;threatfox_c2,https://threatfox.abuse.ch/export/csv/recent/
ipv4,8.163.98.217,text_feeds:threatfox_c2,2026-09-27T20:14:50Z,CLEAR,0.5,c2;threatfox_c2,https://threatfox.abuse.ch/export/csv/recent/
ipv4,8.17.56.128,text_feeds:threatfox_c2,2025-10-29T02:49:59Z,CLEAR,0.5,c2;threatfox_c2,https://threatfox.abuse.ch/export/csv/recent/
ipv4,8.210.78.137,text_feeds:threatfox_c2,2026-02-08T15:42:27Z,CLEAR,0.5,c2;threatfox_c2,https://threatfox.abuse.ch/export/csv/recent/
ipv4,8.210.84.56,text_feeds:threatfox_c2,2026-06-15T09:45:46Z,CLEAR,0.5,c2;threatfox_c2,https://threatfox.abuse.ch/export/csv/recent/
ipv4,8.210.9.201,text_feeds:threatfox_c2,2024-05-29T10:17:04Z,CLEAR,0.5,c2;threatfox_c2,https://threatfox.abuse.ch/export/csv/recent/
ipv4,8.212.49.116,text_feeds:threatfox_c2,2022-12-13T11:43:38Z,CLEAR,0.5,c2;threatfox_c2,https://threatfox.abuse.ch/export/csv/recent/
ipv4,8.217.217.243,text_feeds:threatfox_c2,2023-09-20T18:47:20Z,CLEAR,0.5,c2;threatfox_c2,https://threatfox.abuse.ch/export/csv/recent/
ipv4,8.218.26.114,text_feeds:threatfox_c2,2023-05-04T06:46:33Z,CLEAR,0.5,c2;threatfox_c2,https://threatfox.abuse.ch/export/csv/recent/
ipv4,8.219.134.47,text_feeds:threatfox_c2,2026-09-04T15:48:32Z,CLEAR,0.5,c2;threatfox_c2,https://threatfox.abuse.ch/export/csv/recent/
ipv4,8.219.76.168,text_feeds:threatfox_c2,2025-08-06T12:54:26Z,CLEAR,0.5,c2;threatfox_c2,https://threatfox.abuse.ch/export/csv/recent/
ipv4,8.219.78.159,text_feeds:threatfox_c2,2025-01-10T08:18:57Z,CLEAR,0.5,c2;threatfox_c2,https://threatfox.abuse.ch/export/csv/recent/
ipv4,80.190.77.86,text_feeds:threatfox_c2,2026-09-28T10:45:45Z,CLEAR,0.5,c2;threatfox_c2,https://threatfox.abuse.ch/export/csv/recent/
ipv4,80.66.75.9,text_feeds:threatfox_c2,2024-04-23T18:05:49Z,CLEAR,0.5,c2;threatfox_c2,https://threatfox.abuse.ch/export/csv/recent/
ipv4,80.76.49.129,text_feeds:threatfox_c2,2026-09-15T19:47:04Z,CLEAR,0.5,c2;threatfox_c2,https://threatfox.abuse.ch/export/csv/recent/
ipv4,80.76.49.209,text_feeds:threatfox_c2,2026-09-18T09:57:46Z,CLEAR,0.5,c2;threatfox_c2,https://threatfox.abuse.ch/export/csv/recent/
ipv4,80.76.49.3,text_feeds:threatfox_c2,2026-07-28T16:59:29Z,CLEAR,0.5,c2;threatfox_c2,https://threatfox.abuse.ch/export/csv/recent/
ipv4,80.76.49.47,text_feeds:threatfox_c2,2026-08-25T09:46:47Z,CLEAR,0.5,c2;threatfox_c2,https://threatfox.abuse.ch/export/csv/recent/
ipv4,80.76.49.48,text_feeds:threatfox_c2,2026-09-29T19:45:49Z,CLEAR,0.5,c2;threatfox_c2,https://threatfox.abuse.ch/export/csv/recent/
ipv4,80.96.108.225,text_feeds:threatfox_c2,2026-09-10T09:47:25Z,CLEAR,0.5,c2;threatfox_c2,https://threatfox.abuse.ch/export/csv/recent/
ipv4,80.96.109.107,text_feeds:threatfox_c2,2026-08-04T19:46:26Z,CLEAR,0.5,c2;threatfox_c2,https://threatfox.abuse.ch/export/csv/recent/
ipv4,80.97.160.38,text_feeds:threatfox_c2,2026-09-04T19:47:05Z,CLEAR,0.5,c2;threatfox_c2,https://threatfox.abuse.ch/export/csv/recent/
ipv4,81.68.225.136,text_feeds:threatfox_c2,2022-01-13T22:28:33Z,CLEAR,0.5,c2;threatfox_c2,https://threatfox.abuse.ch/export/csv/recent/
ipv4,81.69.98.230,text_feeds:threatfox_c2,2026-02-08T15:42:27Z,CLEAR,0.5,c2;threatfox_c2,https://threatfox.abuse.ch/export/csv/recent/
ipv4,81.70.21.163,text_feeds:threatfox_c2,2026-09-21T00:05:05Z,CLEAR,0.5,c2;threatfox_c2,https://threatfox.abuse.ch/export/csv/recent/
ipv4,81.70.255.195,text_feeds:threatfox_c2,2026-02-08T15:42:27Z,CLEAR,0.5,c2;threatfox_c2,https://threatfox.abuse.ch/export/csv/recent/
ipv4,81.71.159.99,text_feeds:threatfox_c2,2026-02-08T15:42:26Z,CLEAR,0.5,c2;threatfox_c2,https://threatfox.abuse.ch/export/csv/recent/
ipv4,82.115.16.4,text_feeds:threatfox_c2,2026-09-08T09:47:11Z,CLEAR,0.5,c2;threatfox_c2,https://threatfox.abuse.ch/export/csv/recent/
ipv4,82.146.37.83,text_feeds:threatfox_c2,2026-09-15T19:47:05Z,CLEAR,0.5,c2;threatfox_c2,https://threatfox.abuse.ch/export/csv/recent/
ipv4,82.156.117.56,text_feeds:threatfox_c2,2026-09-29T01:05:05Z,CLEAR,0.5,c2;threatfox_c2,https://threatfox.abuse.ch/export/csv/recent/
ipv4,82.156.156.160,text_feeds:threatfox_c2,2025-06-20T06:01:32Z,CLEAR,0.5,c2;threatfox_c2,https://threatfox.abuse.ch/export/csv/recent/
ipv4,82.156.186.185,text_feeds:threatfox_c2,2026-09-24T13:48:51Z,CLEAR,0.5,c2;threatfox_c2,https://threatfox.abuse.ch/export/csv/recent/
ipv4,82.156.219.31,text_feeds:threatfox_c2,2026-04-30T18:43:45Z,CLEAR,0.5,c2;threatfox_c2,https://threatfox.abuse.ch/export/csv/recent/
ipv4,82.156.224.184,text_feeds:threatfox_c2,2026-06-07T19:45:00Z,CLEAR,0.5,c2;threatfox_c2,https://threatfox.abuse.ch/export/csv/recent/
ipv4,82.156.241.148,text_feeds:threatfox_c2,2022-12-30T19:48:36Z,CLEAR,0.5,c2;threatfox_c2,https://threatfox.abuse.ch/export/csv/recent/
ipv4,82.156.242.28,text_feeds:threatfox_c2,2026-09-27T22:05:05Z,CLEAR,0.5,c2;threatfox_c2,https://threatfox.abuse.ch/export/csv/recent/
ipv4,82.158.229.143,text_feeds:threatfox_c2,2026-07-11T19:46:04Z,CLEAR,0.5,c2;threatfox_c2,https://threatfox.abuse.ch/export/csv/recent/
ipv4,82.158.229.189,text_feeds:threatfox_c2,2026-07-11T19:46:05Z,CLEAR,0.5,c2;threatfox_c2,https://threatfox.abuse.ch/export/csv/recent/
ipv4,82.158.229.30,text_feeds:threatfox_c2,2026-07-11T19:46:05Z,CLEAR,0.5,c2;threatfox_c2,https://threatfox.abuse.ch/export/csv/recent/
ipv4,82.158.89.214,text_feeds:threatfox_c2,2026-09-24T03:48:00Z,CLEAR,0.5,c2;threatfox_c2,https://threatfox.abuse.ch/export/csv/recent/
ipv4,82.158.89.252,text_feeds:threatfox_c2,2026-09-28T22:00:37Z,CLEAR,0.5,c2;threatfox_c2,https://threatfox.abuse.ch/export/csv/recent/
ipv4,82.158.89.75,text_feeds:threatfox_c2,2026-09-23T13:48:14Z,CLEAR,0.5,c2;threatfox_c2,https://threatfox.abuse.ch/export/csv/recent/
ipv4,82.165.202.90,text_feeds:threatfox_c2,2026-08-28T19:46:23Z,CLEAR,0.5,c2;threatfox_c2,https://threatfox.abuse.ch/export/csv/recent/
ipv4,82.165.79.60,text_feeds:threatfox_c2,2026-07-02T09:45:46Z,CLEAR,0.5,c2;threatfox_c2,https://threatfox.abuse.ch/export/csv/recent/
ipv4,82.22.7.20,text_feeds:threatfox_c2,2026-09-09T19:47:23Z,CLEAR,0.5,c2;threatfox_c2,https://threatfox.abuse.ch/export/csv/recent/
ipv4,82.23.246.148,text_feeds:threatfox_c2,2026-09-05T09:47:20Z,CLEAR,0.5,c2;threatfox_c2,https://threatfox.abuse.ch/export/csv/recent/
ipv4,82.23.246.160,text_feeds:threatfox_c2,2026-06-04T09:45:35Z,CLEAR,0.5,c2;threatfox_c2,https://threatfox.abuse.ch/export/csv/recent/
ipv4,82.25.12.111,text_feeds:threatfox_c2,2026-09-27T19:45:39Z,CLEAR,0.5,c2;threatfox_c2,https://threatfox.abuse.ch/export/csv/recent/
ipv4,82.26.66.136,text_feeds:threatfox_c2,2026-09-15T19:47:07Z,CLEAR,0.5,c2;threatfox_c2,https://threatfox.abuse.ch/export/csv/recent/
ipv4,82.26.66.179,text_feeds:threatfox_c2,2026-09-14T19:47:42Z,CLEAR,0.5,c2;threatfox_c2,https://threatfox.abuse.ch/export/csv/recent/
ipv4,82.29.92.60,text_feeds:threatfox_c2,2026-09-18T18:19:57Z,CLEAR,0.5,c2;threatfox_c2,https://threatfox.abuse.ch/export/csv/recent/
ipv4,82.47.101.16,text_feeds:threatfox_c2,2026-09-23T19:47:26Z,CLEAR,0.5,c2;threatfox_c2,https://threatfox.abuse.ch/export/csv/recent/
ipv4,82.65.19.134,text_feeds:threatfox_c2,2024-01-09T05:30:32Z,CLEAR,0.5,c2;threatfox_c2,https://threatfox.abuse.ch/export/csv/recent/
ipv4,83.136.210.2,text_feeds:threatfox_c2,2026-09-28T10:45:49Z,CLEAR,0.5,c2;threatfox_c2,https://threatfox.abuse.ch/export/csv/recent/
ipv4,83.136.211.230,text_feeds:threatfox_c2,2026-09-05T19:46:44Z,CLEAR,0.5,c2;threatfox_c2,https://threatfox.abuse.ch/export/csv/recent/
ipv4,83.149.105.131,text_feeds:threatfox_c2,2026-09-28T09:59:27Z,CLEAR,0.5,c2;threatfox_c2,https://threatfox.abuse.ch/export/csv/recent/
ipv4,83.229.120.106,text_feeds:threatfox_c2,2026-08-17T19:46:42Z,CLEAR,0.5,c2;threatfox_c2,https://threatfox.abuse.ch/export/csv/recent/
ipv4,83.229.120.73,text_feeds:threatfox_c2,2024-08-22T10:04:33Z,CLEAR,0.5,c2;threatfox_c2,https://threatfox.abuse.ch/export/csv/recent/
ipv4,83.229.123.61,text_feeds:threatfox_c2,2026-02-08T15:42:15Z,CLEAR,0.5,c2;threatfox_c2,https://threatfox.abuse.ch/export/csv/recent/
ipv4,83.229.126.183,text_feeds:threatfox_c2,2026-02-08T15:42:15Z,CLEAR,0.5,c2;threatfox_c2,https://threatfox.abuse.ch/export/csv/recent/
ipv4,83.229.126.65,text_feeds:threatfox_c2,2026-02-08T15:42:26Z,CLEAR,0.5,c2;threatfox_c2,https://threatfox.abuse.ch/export/csv/recent/
ipv4,84.200.77.29,text_feeds:threatfox_c2,2026-09-07T19:47:03Z,CLEAR,0.5,c2;threatfox_c2,https://threatfox.abuse.ch/export/csv/recent/
ipv4,84.200.91.170,text_feeds:threatfox_c2,2026-09-22T09:47:17Z,CLEAR,0.5,c2;threatfox_c2,https://threatfox.abuse.ch/export/csv/recent/
ipv4,84.201.20.74,text_feeds:threatfox_c2,2026-08-28T19:46:24Z,CLEAR,0.5,c2;threatfox_c2,https://threatfox.abuse.ch/export/csv/recent/
ipv4,84.21.189.110,text_feeds:threatfox_c2,2026-09-25T19:47:04Z,CLEAR,0.5,c2;threatfox_c2,https://threatfox.abuse.ch/export/csv/recent/
ipv4,84.247.141.236,text_feeds:threatfox_c2,2026-09-12T09:47:36Z,CLEAR,0.5,c2;threatfox_c2,https://threatfox.abuse.ch/export/csv/recent/
ipv4,84.247.187.47,text_feeds:threatfox_c2,2026-09-23T19:47:27Z,CLEAR,0.5,c2;threatfox_c2,https://threatfox.abuse.ch/export/csv/recent/
ipv4,84.32.188.104,text_feeds:threatfox_c2,2022-04-14T16:59:25Z,CLEAR,0.5,c2;threatfox_c2,https://threatfox.abuse.ch/export/csv/recent/
ipv4,84.32.188.190,text_feeds:threatfox_c2,2022-04-18T18:01:52Z,CLEAR,0.5,c2;threatfox_c2,https://threatfox.abuse.ch/export/csv/recent/
ipv4,84.32.41.19,text_feeds:threatfox_c2,2026-09-21T19:46:55Z,CLEAR,0.5,c2;threatfox_c2,https://threatfox.abuse.ch/export/csv/recent/
ipv4,84.32.5.105,text_feeds:threatfox_c2,2025-12-04T16:02:10Z,CLEAR,0.5,c2;threatfox_c2,https://threatfox.abuse.ch/export/csv/recent/
ipv4,84.38.129.111,text_feeds:threatfox_c2,2026-08-19T06:06:07Z,CLEAR,0.5,c2;threatfox_c2,https://threatfox.abuse.ch/export/csv/recent/
ipv4,84.38.133.167,text_feeds:threatfox_c2,2026-09-24T12:35:43Z,CLEAR,0.5,c2;threatfox_c2,https://threatfox.abuse.ch/export/csv/recent/
ipv4,84.46.251.62,text_feeds:threatfox_c2,2026-05-14T09:51:34Z,CLEAR,0.5,c2;threatfox_c2,https://threatfox.abuse.ch/export/csv/recent/
ipv4,84.76.152.1,text_feeds:threatfox_c2,2024-12-04T05:02:57Z,CLEAR,0.5,c2;threatfox_c2,https://threatfox.abuse.ch/export/csv/recent/
ipv4,85.11.182.104,text_feeds:threatfox_c2,2026-09-24T07:05:05Z,CLEAR,0.5,c2;threatfox_c2,https://threatfox.abuse.ch/export/csv/recent/
ipv4,85.120.216.8,text_feeds:threatfox_c2,2026-09-02T09:46:57Z,CLEAR,0.5,c2;threatfox_c2,https://threatfox.abuse.ch/export/csv/recent/
ipv4,85.137.252.195,text_feeds:threatfox_c2,2026-09-15T19:47:10Z,CLEAR,0.5,c2;threatfox_c2,https://threatfox.abuse.ch/export/csv/recent/
ipv4,85.155.186.2,text_feeds:threatfox_c2,2026-05-01T02:43:30Z,CLEAR,0.5,c2;threatfox_c2,https://threatfox.abuse.ch/export/csv/recent/
ipv4,85.17.92.21,text_feeds:threatfox_c2,2026-09-29T09:46:01Z,CLEAR,0.5,c2;threatfox_c2,https://threatfox.abuse.ch/export/csv/recent/
ipv4,85.175.101.203,text_feeds:threatfox_c2,2022-06-15T20:53:40Z,CLEAR,0.5,c2;threatfox_c2,https://threatfox.abuse.ch/export/csv/recent/
ipv4,85.198.108.131,text_feeds:threatfox_c2,2026-09-28T10:45:51Z,CLEAR,0.5,c2;threatfox_c2,https://threatfox.abuse.ch/export/csv/recent/
ipv4,85.208.69.45,text_feeds:threatfox_c2,2026-07-21T19:46:19Z,CLEAR,0.5,c2;threatfox_c2,https://threatfox.abuse.ch/export/csv/recent/
ipv4,85.209.90.132,text_feeds:threatfox_c2,2026-05-28T09:46:05Z,CLEAR,0.5,c2;threatfox_c2,https://threatfox.abuse.ch/export/csv/recent/
ipv4,85.234.91.247,text_feeds:threatfox_c2,2026-09-14T08:01:50Z,CLEAR,0.5,c2;threatfox_c2,https://threatfox.abuse.ch/export/csv/recent/
ipv4,85.239.149.73,text_feeds:threatfox_c2,2026-09-15T19:47:10Z,CLEAR,0.5,c2;threatfox_c2,https://threatfox.abuse.ch/export/csv/recent/
ipv4,85.8.149.156,text_feeds:threatfox_c2,2026-07-13T19:45:28Z,CLEAR,0.5,c2;threatfox_c2,https://threatfox.abuse.ch/export/csv/recent/
ipv4,85.9.198.7,text_feeds:threatfox_c2,2026-09-04T09:48:36Z,CLEAR,0.5,c2;threatfox_c2,https://threatfox.abuse.ch/export/csv/recent/
ipv4,85.9.199.115,text_feeds:threatfox_c2,2026-09-07T09:47:09Z,CLEAR,0.5,c2;threatfox_c2,https://threatfox.abuse.ch/export/csv/recent/
ipv4,86.48.16.94,text_feeds:threatfox_c2,2026-08-17T09:47:39Z,CLEAR,0.5,c2;threatfox_c2,https://threatfox.abuse.ch/export/csv/recent/
ipv4,86.54.29.65,text_feeds:threatfox_c2,2026-09-08T09:47:17Z,CLEAR,0.5,c2;threatfox_c2,https://threatfox.abuse.ch/export/csv/recent/
ipv4,87.121.79.227,text_feeds:threatfox_c2,2026-09-28T12:51:02Z,CLEAR,0.5,c2;threatfox_c2,https://threatfox.abuse.ch/export/csv/recent/
ipv4,87.121.79.78,text_feeds:threatfox_c2,2026-09-28T12:51:01Z,CLEAR,0.5,c2;threatfox_c2,https://threatfox.abuse.ch/export/csv/recent/
ipv4,87.243.97.168,text_feeds:threatfox_c2,2026-09-29T12:42:32Z,CLEAR,0.5,c2;threatfox_c2,https://threatfox.abuse.ch/export/csv/recent/
ipv4,87.246.7.38,text_feeds:threatfox_c2,2022-09-20T16:58:14Z,CLEAR,0.5,c2;threatfox_c2,https://threatfox.abuse.ch/export/csv/recent/
ipv4,87.251.64.204,text_feeds:threatfox_c2,2026-07-24T19:45:44Z,CLEAR,0.5,c2;threatfox_c2,https://threatfox.abuse.ch/export/csv/recent/
ipv4,87.251.67.85,text_feeds:threatfox_c2,2025-12-30T16:21:03Z,CLEAR,0.5,c2;threatfox_c2,https://threatfox.abuse.ch/export/csv/recent/
ipv4,87.58.199.75,text_feeds:threatfox_c2,2026-08-28T19:46:27Z,CLEAR,0.5,c2;threatfox_c2,https://threatfox.abuse.ch/export/csv/recent/
ipv4,87.98.235.166,text_feeds:threatfox_c2,2024-12-02T21:40:35Z,CLEAR,0.5,c2;threatfox_c2,https://threatfox.abuse.ch/export/csv/recent/
ipv4,88.119.169.135,text_feeds:threatfox_c2,2026-09-21T09:47:07Z,CLEAR,0.5,c2;threatfox_c2,https://threatfox.abuse.ch/export/csv/recent/
ipv4,88.119.169.216,text_feeds:threatfox_c2,2026-09-01T09:47:48Z,CLEAR,0.5,c2;threatfox_c2,https://threatfox.abuse.ch/export/csv/recent/
ipv4,88.119.174.86,text_feeds:threatfox_c2,2026-09-22T21:47:45Z,CLEAR,0.5,c2;threatfox_c2,https://threatfox.abuse.ch/export/csv/recent/
ipv4,88.129.145.223,text_feeds:threatfox_c2,2026-08-08T09:46:32Z,CLEAR,0.5,c2;threatfox_c2,https://threatfox.abuse.ch/export/csv/recent/
ipv4,88.129.147.201,text_feeds:threatfox_c2,2025-07-07T20:54:20Z,CLEAR,0.5,c2;threatfox_c2,https://threatfox.abuse.ch/export/csv/recent/
ipv4,88.223.43.216,text_feeds:threatfox_c2,2026-09-11T09:47:28Z,CLEAR,0.5,c2;threatfox_c2,https://threatfox.abuse.ch/export/csv/recent/
ipv4,88.223.43.37,text_feeds:threatfox_c2,2026-09-11T09:47:29Z,CLEAR,0.5,c2;threatfox_c2,https://threatfox.abuse.ch/export/csv/recent/
ipv4,88.251.66.233,text_feeds:threatfox_c2,2026-09-29T06:28:18Z,CLEAR,0.5,c2;threatfox_c2,https://threatfox.abuse.ch/export/csv/recent/
ipv4,89.106.83.214,text_feeds:threatfox_c2,2026-09-26T12:46:41Z,CLEAR,0.5,c2;threatfox_c2,https://threatfox.abuse.ch/export/csv/recent/
ipv4,89.106.83.225,text_feeds:threatfox_c2,2026-09-19T19:48:04Z,CLEAR,0.5,c2;threatfox_c2,https://threatfox.abuse.ch/export/csv/recent/
ipv4,89.110.91.35,text_feeds:threatfox_c2,2026-08-12T19:46:45Z,CLEAR,0.5,c2;threatfox_c2,https://threatfox.abuse.ch/export/csv/recent/
ipv4,89.124.108.211,text_feeds:threatfox_c2,2026-09-11T09:47:29Z,CLEAR,0.5,c2;threatfox_c2,https://threatfox.abuse.ch/export/csv/recent/
ipv4,89.125.66.231,text_feeds:threatfox_c2,2026-09-27T09:45:55Z,CLEAR,0.5,c2;threatfox_c2,https://threatfox.abuse.ch/export/csv/recent/
ipv4,89.126.221.170,text_feeds:threatfox_c2,2026-09-17T19:47:11Z,CLEAR,0.5,c2;threatfox_c2,https://threatfox.abuse.ch/export/csv/recent/
ipv4,89.126.221.216,text_feeds:threatfox_c2,2026-09-17T19:47:11Z,CLEAR,0.5,c2;threatfox_c2,https://threatfox.abuse.ch/export/csv/recent/
ipv4,89.127.233.194,text_feeds:threatfox_c2,2026-08-12T00:05:05Z,CLEAR,0.5,c2;threatfox_c2,https://threatfox.abuse.ch/export/csv/recent/
ipv4,89.127.235.142,text_feeds:threatfox_c2,2026-09-24T19:47:28Z,CLEAR,0.5,c2;threatfox_c2,https://threatfox.abuse.ch/export/csv/recent/
ipv4,89.144.53.144,text_feeds:threatfox_c2,2026-08-23T09:05:05Z,CLEAR,0.5,c2;threatfox_c2,https://threatfox.abuse.ch/export/csv/recent/
ipv4,89.147.108.137,text_feeds:threatfox_c2,2026-09-16T19:47:36Z,CLEAR,0.5,c2;threatfox_c2,https://threatfox.abuse.ch/export/csv/recent/
ipv4,89.147.111.64,text_feeds:threatfox_c2,2026-09-01T14:05:07Z,CLEAR,0.5,c2;threatfox_c2,https://threatfox.abuse.ch/export/csv/recent/
ipv4,89.153.179.188,text_feeds:threatfox_c2,2026-09-20T09:47:32Z,CLEAR,0.5,c2;threatfox_c2,https://threatfox.abuse.ch/export/csv/recent/
ipv4,89.185.82.37,text_feeds:threatfox_c2,2026-09-29T16:36:51Z,CLEAR,0.5,c2;threatfox_c2,https://threatfox.abuse.ch/export/csv/recent/
ipv4,89.185.82.38,text_feeds:threatfox_c2,2026-09-29T18:28:34Z,CLEAR,0.5,c2;threatfox_c2,https://threatfox.abuse.ch/export/csv/recent/
ipv4,89.185.82.39,text_feeds:threatfox_c2,2026-09-29T18:28:33Z,CLEAR,0.5,c2;threatfox_c2,https://threatfox.abuse.ch/export/csv/recent/
ipv4,89.185.84.164,text_feeds:threatfox_c2,2026-09-03T20:17:38Z,CLEAR,0.5,c2;threatfox_c2,https://threatfox.abuse.ch/export/csv/recent/
ipv4,89.19.223.49,text_feeds:threatfox_c2,2026-09-14T08:01:50Z,CLEAR,0.5,c2;threatfox_c2,https://threatfox.abuse.ch/export/csv/recent/
ipv4,89.208.211.30,text_feeds:threatfox_c2,2025-08-21T20:00:56Z,CLEAR,0.5,c2;threatfox_c2,https://threatfox.abuse.ch/export/csv/recent/
ipv4,89.213.118.63,text_feeds:threatfox_c2,2026-07-29T08:59:48Z,CLEAR,0.5,c2;threatfox_c2,https://threatfox.abuse.ch/export/csv/recent/
ipv4,89.58.30.49,text_feeds:threatfox_c2,2025-10-14T20:02:48Z,CLEAR,0.5,c2;threatfox_c2,https://threatfox.abuse.ch/export/csv/recent/
ipv4,91.107.163.163,text_feeds:threatfox_c2,2026-09-28T14:16:54Z,CLEAR,0.5,c2;threatfox_c2,https://threatfox.abuse.ch/export/csv/recent/
ipv4,91.107.175.243,text_feeds:threatfox_c2,2026-09-28T10:01:32Z,CLEAR,0.5,c2;threatfox_c2,https://threatfox.abuse.ch/export/csv/recent/
ipv4,91.107.180.11,text_feeds:threatfox_c2,2026-09-28T14:16:54Z,CLEAR,0.5,c2;threatfox_c2,https://threatfox.abuse.ch/export/csv/recent/
ipv4,91.107.188.73,text_feeds:threatfox_c2,2026-09-28T14:16:54Z,CLEAR,0.5,c2;threatfox_c2,https://threatfox.abuse.ch/export/csv/recent/
ipv4,91.124.98.25,text_feeds:threatfox_c2,2026-08-20T16:47:18Z,CLEAR,0.5,c2;threatfox_c2,https://threatfox.abuse.ch/export/csv/recent/
ipv4,91.124.98.6,text_feeds:threatfox_c2,2026-09-08T19:47:38Z,CLEAR,0.5,c2;threatfox_c2,https://threatfox.abuse.ch/export/csv/recent/
ipv4,91.199.154.103,text_feeds:threatfox_c2,2024-12-24T04:01:34Z,CLEAR,0.5,c2;threatfox_c2,https://threatfox.abuse.ch/export/csv/recent/
ipv4,91.200.84.198,text_feeds:threatfox_c2,2026-05-27T19:45:55Z,CLEAR,0.5,c2;threatfox_c2,https://threatfox.abuse.ch/export/csv/recent/
ipv4,91.202.233.153,text_feeds:threatfox_c2,2026-05-01T02:43:31Z,CLEAR,0.5,c2;threatfox_c2,https://threatfox.abuse.ch/export/csv/recent/
ipv4,91.202.233.214,text_feeds:threatfox_c2,2026-05-19T19:45:18Z,CLEAR,0.5,c2;threatfox_c2,https://threatfox.abuse.ch/export/csv/recent/
ipv4,91.206.178.155,text_feeds:threatfox_c2,2026-08-03T09:46:43Z,CLEAR,0.5,c2;threatfox_c2,https://threatfox.abuse.ch/export/csv/recent/
ipv4,91.215.85.212,text_feeds:threatfox_c2,2026-05-28T09:46:09Z,CLEAR,0.5,c2;threatfox_c2,https://threatfox.abuse.ch/export/csv/recent/
ipv4,91.219.239.100,text_feeds:threatfox_c2,2026-09-18T19:46:57Z,CLEAR,0.5,c2;threatfox_c2,https://threatfox.abuse.ch/export/csv/recent/
ipv4,91.219.239.81,text_feeds:threatfox_c2,2026-08-30T19:46:33Z,CLEAR,0.5,c2;threatfox_c2,https://threatfox.abuse.ch/export/csv/recent/
ipv4,91.224.92.203,text_feeds:threatfox_c2,2026-09-14T08:01:43Z,CLEAR,0.5,c2;threatfox_c2,https://threatfox.abuse.ch/export/csv/recent/
ipv4,91.228.153.116,text_feeds:threatfox_c2,2026-09-26T12:46:43Z,CLEAR,0.5,c2;threatfox_c2,https://threatfox.abuse.ch/export/csv/recent/
ipv4,91.236.230.143,text_feeds:threatfox_c2,2026-08-15T19:46:52Z,CLEAR,0.5,c2;threatfox_c2,https://threatfox.abuse.ch/export/csv/recent/
ipv4,91.238.181.235,text_feeds:threatfox_c2,2024-05-15T22:13:26Z,CLEAR,0.5,c2;threatfox_c2,https://threatfox.abuse.ch/export/csv/recent/
ipv4,91.92.240.170,text_feeds:threatfox_c2,2026-09-23T06:35:27Z,CLEAR,0.5,c2;threatfox_c2,https://threatfox.abuse.ch/export/csv/recent/
ipv4,91.92.241.149,text_feeds:threatfox_c2,2026-09-23T19:47:35Z,CLEAR,0.5,c2;threatfox_c2,https://threatfox.abuse.ch/export/csv/recent/
ipv4,91.92.241.160,text_feeds:threatfox_c2,2026-04-19T11:04:19Z,CLEAR,0.5,c2;threatfox_c2,https://threatfox.abuse.ch/export/csv/recent/
ipv4,91.92.241.184,text_feeds:threatfox_c2,2026-09-06T09:47:08Z,CLEAR,0.5,c2;threatfox_c2,https://threatfox.abuse.ch/export/csv/recent/
ipv4,91.92.241.187,text_feeds:threatfox_c2,2026-09-06T09:47:09Z,CLEAR,0.5,c2;threatfox_c2,https://threatfox.abuse.ch/export/csv/recent/
ipv4,91.92.241.38,text_feeds:threatfox_c2,2026-08-28T19:46:31Z,CLEAR,0.5,c2;threatfox_c2,https://threatfox.abuse.ch/export/csv/recent/
ipv4,91.92.242.225,text_feeds:threatfox_c2,2026-09-29T06:28:29Z,CLEAR,0.5,c2;threatfox_c2,https://threatfox.abuse.ch/export/csv/recent/
ipv4,91.92.242.236,text_feeds:threatfox_c2,2026-04-26T18:36:03Z,CLEAR,0.5,c2;threatfox_c2,https://threatfox.abuse.ch/export/csv/recent/
ipv4,91.92.243.114,text_feeds:threatfox_c2,2026-09-08T19:47:42Z,CLEAR,0.5,c2;threatfox_c2,https://threatfox.abuse.ch/export/csv/recent/
ipv4,91.92.243.36,text_feeds:threatfox_c2,2026-08-20T19:46:38Z,CLEAR,0.5,c2;threatfox_c2,https://threatfox.abuse.ch/export/csv/recent/
ipv4,91.92.33.250,text_feeds:threatfox_c2,2026-07-07T09:46:08Z,CLEAR,0.5,c2;threatfox_c2,https://threatfox.abuse.ch/export/csv/recent/
ipv4,91.92.40.117,text_feeds:threatfox_c2,2026-09-24T19:47:32Z,CLEAR,0.5,c2;threatfox_c2,https://threatfox.abuse.ch/export/csv/recent/
ipv4,91.92.41.153,text_feeds:threatfox_c2,2026-09-21T05:10:23Z,CLEAR,0.5,c2;threatfox_c2,https://threatfox.abuse.ch/export/csv/recent/
ipv4,91.92.41.40,text_feeds:threatfox_c2,2026-09-28T19:46:52Z,CLEAR,0.5,c2;threatfox_c2,https://threatfox.abuse.ch/export/csv/recent/
ipv4,91.92.41.94,text_feeds:threatfox_c2,2026-05-28T06:35:37Z,CLEAR,0.5,c2;threatfox_c2,https://threatfox.abuse.ch/export/csv/recent/
ipv4,91.92.42.22,text_feeds:threatfox_c2,2026-08-10T09:46:52Z,CLEAR,0.5,c2;threatfox_c2,https://threatfox.abuse.ch/export/csv/recent/
ipv4,91.92.43.103,text_feeds:threatfox_c2,2026-08-14T19:46:41Z,CLEAR,0.5,c2;threatfox_c2,https://threatfox.abuse.ch/export/csv/recent/
ipv4,91.92.43.193,text_feeds:threatfox_c2,2026-06-30T19:46:08Z,CLEAR,0.5,c2;threatfox_c2,https://threatfox.abuse.ch/export/csv/recent/
ipv4,91.92.43.194,text_feeds:threatfox_c2,2026-06-30T19:46:09Z,CLEAR,0.5,c2;threatfox_c2,https://threatfox.abuse.ch/export/csv/recent/
ipv4,91.92.43.195,text_feeds:threatfox_c2,2026-06-30T19:46:09Z,CLEAR,0.5,c2;threatfox_c2,https://threatfox.abuse.ch/export/csv/recent/
ipv4,91.92.43.196,text_feeds:threatfox_c2,2026-06-30T19:46:09Z,CLEAR,0.5,c2;threatfox_c2,https://threatfox.abuse.ch/export/csv/recent/
ipv4,91.92.47.111,text_feeds:threatfox_c2,2026-08-19T06:06:06Z,CLEAR,0.5,c2;threatfox_c2,https://threatfox.abuse.ch/export/csv/recent/
ipv4,91.92.47.203,text_feeds:threatfox_c2,2026-09-01T19:46:40Z,CLEAR,0.5,c2;threatfox_c2,https://threatfox.abuse.ch/export/csv/recent/
ipv4,91.92.47.214,text_feeds:threatfox_c2,2026-09-02T09:47:09Z,CLEAR,0.5,c2;threatfox_c2,https://threatfox.abuse.ch/export/csv/recent/
ipv4,91.92.47.99,text_feeds:threatfox_c2,2026-09-22T13:48:28Z,CLEAR,0.5,c2;threatfox_c2,https://threatfox.abuse.ch/export/csv/recent/
ipv4,92.118.126.165,text_feeds:threatfox_c2,2026-09-18T19:47:01Z,CLEAR,0.5,c2;threatfox_c2,https://threatfox.abuse.ch/export/csv/recent/
ipv4,92.119.158.39,text_feeds:threatfox_c2,2026-09-20T14:52:16Z,CLEAR,0.5,c2;threatfox_c2,https://threatfox.abuse.ch/export/csv/recent/
ipv4,92.223.85.43,text_feeds:threatfox_c2,2026-09-11T09:47:36Z,CLEAR,0.5,c2;threatfox_c2,https://threatfox.abuse.ch/export/csv/recent/
ipv4,92.4.65.88,text_feeds:threatfox_c2,2026-07-04T19:45:47Z,CLEAR,0.5,c2;threatfox_c2,https://threatfox.abuse.ch/export/csv/recent/
ipv4,93.114.183.130,text_feeds:threatfox_c2,2026-09-03T09:47:31Z,CLEAR,0.5,c2;threatfox_c2,https://threatfox.abuse.ch/export/csv/recent/
ipv4,93.127.160.86,text_feeds:threatfox_c2,2026-09-09T15:26:28Z,CLEAR,0.5,c2;threatfox_c2,https://threatfox.abuse.ch/export/csv/recent/
ipv4,93.152.207.101,text_feeds:threatfox_c2,2026-08-25T12:24:37Z,CLEAR,0.5,c2;threatfox_c2,https://threatfox.abuse.ch/export/csv/recent/
ipv4,93.152.214.199,text_feeds:threatfox_c2,2026-09-24T19:47:35Z,CLEAR,0.5,c2;threatfox_c2,https://threatfox.abuse.ch/export/csv/recent/
ipv4,93.152.214.28,text_feeds:threatfox_c2,2026-09-22T19:47:10Z,CLEAR,0.5,c2;threatfox_c2,https://threatfox.abuse.ch/export/csv/recent/
ipv4,93.152.221.227,text_feeds:threatfox_c2,2026-08-26T12:08:12Z,CLEAR,0.5,c2;threatfox_c2,https://threatfox.abuse.ch/export/csv/recent/
ipv4,93.152.221.232,text_feeds:threatfox_c2,2026-09-26T06:20:36Z,CLEAR,0.5,c2;threatfox_c2,https://threatfox.abuse.ch/export/csv/recent/
ipv4,93.152.223.158,text_feeds:threatfox_c2,2026-07-28T09:46:44Z,CLEAR,0.5,c2;threatfox_c2,https://threatfox.abuse.ch/export/csv/recent/
ipv4,93.152.223.159,text_feeds:threatfox_c2,2026-07-23T19:46:18Z,CLEAR,0.5,c2;threatfox_c2,https://threatfox.abuse.ch/export/csv/recent/
ipv4,93.152.223.221,text_feeds:threatfox_c2,2026-07-30T09:46:46Z,CLEAR,0.5,c2;threatfox_c2,https://threatfox.abuse.ch/export/csv/recent/
ipv4,93.152.223.242,text_feeds:threatfox_c2,2026-07-31T19:46:12Z,CLEAR,0.5,c2;threatfox_c2,https://threatfox.abuse.ch/export/csv/recent/
ipv4,93.152.223.39,text_feeds:threatfox_c2,2026-08-22T09:47:02Z,CLEAR,0.5,c2;threatfox_c2,https://threatfox.abuse.ch/export/csv/recent/
ipv4,93.152.224.238,text_feeds:threatfox_c2,2026-09-15T19:47:20Z,CLEAR,0.5,c2;threatfox_c2,https://threatfox.abuse.ch/export/csv/recent/
ipv4,93.152.224.44,text_feeds:threatfox_c2,2026-07-07T09:46:09Z,CLEAR,0.5,c2;threatfox_c2,https://threatfox.abuse.ch/export/csv/recent/
ipv4,93.152.224.94,text_feeds:threatfox_c2,2026-07-23T19:46:19Z,CLEAR,0.5,c2;threatfox_c2,https://threatfox.abuse.ch/export/csv/recent/
ipv4,93.185.165.94,text_feeds:threatfox_c2,2026-09-29T03:05:05Z,CLEAR,0.5,c2;threatfox_c2,https://threatfox.abuse.ch/export/csv/recent/
ipv4,93.186.38.135,text_feeds:threatfox_c2,2026-09-17T09:48:45Z,CLEAR,0.5,c2;threatfox_c2,https://threatfox.abuse.ch/export/csv/recent/
ipv4,93.233.109.96,text_feeds:threatfox_c2,2026-09-04T09:48:49Z,CLEAR,0.5,c2;threatfox_c2,https://threatfox.abuse.ch/export/csv/recent/
ipv4,93.66.148.17,text_feeds:threatfox_c2,2026-09-04T09:48:49Z,CLEAR,0.5,c2;threatfox_c2,https://threatfox.abuse.ch/export/csv/recent/
ipv4,93.82.26.11,text_feeds:threatfox_c2,2026-09-11T09:47:38Z,CLEAR,0.5,c2;threatfox_c2,https://threatfox.abuse.ch/export/csv/recent/
ipv4,93.82.31.87,text_feeds:threatfox_c2,2026-09-13T09:47:33Z,CLEAR,0.5,c2;threatfox_c2,https://threatfox.abuse.ch/export/csv/recent/
ipv4,93.95.227.51,text_feeds:threatfox_c2,2026-08-15T09:05:05Z,CLEAR,0.5,c2;threatfox_c2,https://threatfox.abuse.ch/export/csv/recent/
ipv4,94.103.1.61,text_feeds:threatfox_c2,2026-09-04T09:48:50Z,CLEAR,0.5,c2;threatfox_c2,https://threatfox.abuse.ch/export/csv/recent/
ipv4,94.130.72.248,text_feeds:threatfox_c2,2026-09-28T19:46:55Z,CLEAR,0.5,c2;threatfox_c2,https://threatfox.abuse.ch/export/csv/recent/
ipv4,94.143.231.61,text_feeds:threatfox_c2,2026-08-17T19:46:54Z,CLEAR,0.5,c2;threatfox_c2,https://threatfox.abuse.ch/export/csv/recent/
ipv4,94.154.32.101,text_feeds:threatfox_c2,2026-09-05T19:46:57Z,CLEAR,0.5,c2;threatfox_c2,https://threatfox.abuse.ch/export/csv/recent/
ipv4,94.154.32.104,text_feeds:threatfox_c2,2026-09-15T09:47:11Z,CLEAR,0.5,c2;threatfox_c2,https://threatfox.abuse.ch/export/csv/recent/
ipv4,94.154.32.189,text_feeds:threatfox_c2,2026-09-19T19:48:17Z,CLEAR,0.5,c2;threatfox_c2,https://threatfox.abuse.ch/export/csv/recent/
ipv4,94.154.32.24,text_feeds:threatfox_c2,2026-09-13T19:46:50Z,CLEAR,0.5,c2;threatfox_c2,https://threatfox.abuse.ch/export/csv/recent/
ipv4,94.154.32.44,text_feeds:threatfox_c2,2026-09-28T19:46:56Z,CLEAR,0.5,c2;threatfox_c2,https://threatfox.abuse.ch/export/csv/recent/
ipv4,94.154.32.8,text_feeds:threatfox_c2,2026-09-04T19:47:22Z,CLEAR,0.5,c2;threatfox_c2,https://threatfox.abuse.ch/export/csv/recent/
ipv4,94.154.40.106,text_feeds:threatfox_c2,2026-09-27T09:43:14Z,CLEAR,0.5,c2;threatfox_c2,https://threatfox.abuse.ch/export/csv/recent/
ipv4,94.154.40.119,text_feeds:threatfox_c2,2026-09-29T06:28:39Z,CLEAR,0.5,c2;threatfox_c2,https://threatfox.abuse.ch/export/csv/recent/
ipv4,94.154.43.211,text_feeds:threatfox_c2,2026-09-18T19:47:06Z,CLEAR,0.5,c2;threatfox_c2,https://threatfox.abuse.ch/export/csv/recent/
ipv4,94.154.43.235,text_feeds:threatfox_c2,2026-09-17T05:41:44Z,CLEAR,0.5,c2;threatfox_c2,https://threatfox.abuse.ch/export/csv/recent/
ipv4,94.154.43.38,text_feeds:threatfox_c2,2026-09-07T19:47:17Z,CLEAR,0.5,c2;threatfox_c2,https://threatfox.abuse.ch/export/csv/recent/
ipv4,94.183.151.139,text_feeds:threatfox_c2,2026-09-08T19:47:49Z,CLEAR,0.5,c2;threatfox_c2,https://threatfox.abuse.ch/export/csv/recent/
ipv4,94.183.235.11,text_feeds:threatfox_c2,2026-09-20T14:52:16Z,CLEAR,0.5,c2;threatfox_c2,https://threatfox.abuse.ch/export/csv/recent/
ipv4,94.183.235.121,text_feeds:threatfox_c2,2026-09-17T09:48:49Z,CLEAR,0.5,c2;threatfox_c2,https://threatfox.abuse.ch/export/csv/recent/
ipv4,94.183.235.142,text_feeds:threatfox_c2,2026-09-24T16:15:41Z,CLEAR,0.5,c2;threatfox_c2,https://threatfox.abuse.ch/export/csv/recent/
ipv4,94.183.235.159,text_feeds:threatfox_c2,2026-09-20T14:52:16Z,CLEAR,0.5,c2;threatfox_c2,https://threatfox.abuse.ch/export/csv/recent/
ipv4,94.183.235.249,text_feeds:threatfox_c2,2026-09-20T14:52:15Z,CLEAR,0.5,c2;threatfox_c2,https://threatfox.abuse.ch/export/csv/recent/
ipv4,94.184.37.68,text_feeds:threatfox_c2,2026-08-29T09:47:12Z,CLEAR,0.5,c2;threatfox_c2,https://threatfox.abuse.ch/export/csv/recent/
ipv4,94.191.187.105,text_feeds:threatfox_c2,2023-11-22T03:05:10Z,CLEAR,0.5,c2;threatfox_c2,https://threatfox.abuse.ch/export/csv/recent/
ipv4,94.20.141.82,text_feeds:threatfox_c2,2026-08-19T09:46:53Z,CLEAR,0.5,c2;threatfox_c2,https://threatfox.abuse.ch/export/csv/recent/
ipv4,94.228.166.168,text_feeds:threatfox_c2,2026-08-30T19:46:39Z,CLEAR,0.5,c2;threatfox_c2,https://threatfox.abuse.ch/export/csv/recent/
ipv4,94.237.62.102,text_feeds:threatfox_c2,2026-09-13T19:46:52Z,CLEAR,0.5,c2;threatfox_c2,https://threatfox.abuse.ch/export/csv/recent/
ipv4,94.250.167.221,text_feeds:threatfox_c2,2026-08-29T09:47:13Z,CLEAR,0.5,c2;threatfox_c2,https://threatfox.abuse.ch/export/csv/recent/
ipv4,94.250.178.40,text_feeds:threatfox_c2,2026-09-01T19:46:44Z,CLEAR,0.5,c2;threatfox_c2,https://threatfox.abuse.ch/export/csv/recent/
ipv4,94.250.191.120,text_feeds:threatfox_c2,2026-09-07T19:47:18Z,CLEAR,0.5,c2;threatfox_c2,https://threatfox.abuse.ch/export/csv/recent/
ipv4,94.26.0.7,text_feeds:threatfox_c2,2026-08-16T19:46:47Z,CLEAR,0.5,c2;threatfox_c2,https://threatfox.abuse.ch/export/csv/recent/
ipv4,94.26.248.76,text_feeds:threatfox_c2,2026-09-12T09:47:52Z,CLEAR,0.5,c2;threatfox_c2,https://threatfox.abuse.ch/export/csv/recent/
ipv4,94.26.3.17,text_feeds:threatfox_c2,2026-08-31T19:47:07Z,CLEAR,0.5,c2;threatfox_c2,https://threatfox.abuse.ch/export/csv/recent/
ipv4,94.26.81.135,text_feeds:threatfox_c2,2026-09-15T19:47:25Z,CLEAR,0.5,c2;threatfox_c2,https://threatfox.abuse.ch/export/csv/recent/
ipv4,94.26.83.69,text_feeds:threatfox_c2,2026-09-29T07:14:06Z,CLEAR,0.5,c2;threatfox_c2,https://threatfox.abuse.ch/export/csv/recent/
ipv4,94.46.237.232,text_feeds:threatfox_c2,2026-09-29T11:18:53Z,CLEAR,0.5,c2;threatfox_c2,https://threatfox.abuse.ch/export/csv/recent/
ipv4,94.74.164.177,text_feeds:threatfox_c2,2025-12-30T16:21:03Z,CLEAR,0.5,c2;threatfox_c2,https://threatfox.abuse.ch/export/csv/recent/
ipv4,95.133.166.10,text_feeds:threatfox_c2,2026-08-19T19:46:59Z,CLEAR,0.5,c2;threatfox_c2,https://threatfox.abuse.ch/export/csv/recent/
ipv4,95.133.229.173,text_feeds:threatfox_c2,2026-08-17T09:47:53Z,CLEAR,0.5,c2;threatfox_c2,https://threatfox.abuse.ch/export/csv/recent/
ipv4,95.158.131.135,text_feeds:threatfox_c2,2026-09-15T19:47:25Z,CLEAR,0.5,c2;threatfox_c2,https://threatfox.abuse.ch/export/csv/recent/
ipv4,95.158.131.139,text_feeds:threatfox_c2,2026-09-15T19:47:25Z,CLEAR,0.5,c2;threatfox_c2,https://threatfox.abuse.ch/export/csv/recent/
ipv4,95.158.131.141,text_feeds:threatfox_c2,2026-09-15T19:47:26Z,CLEAR,0.5,c2;threatfox_c2,https://threatfox.abuse.ch/export/csv/recent/
ipv4,95.158.131.142,text_feeds:threatfox_c2,2026-09-15T19:47:26Z,CLEAR,0.5,c2;threatfox_c2,https://threatfox.abuse.ch/export/csv/recent/
ipv4,95.158.131.144,text_feeds:threatfox_c2,2026-09-15T09:47:15Z,CLEAR,0.5,c2;threatfox_c2,https://threatfox.abuse.ch/export/csv/recent/
ipv4,95.158.131.147,text_feeds:threatfox_c2,2026-09-15T19:47:26Z,CLEAR,0.5,c2;threatfox_c2,https://threatfox.abuse.ch/export/csv/recent/
ipv4,95.158.131.149,text_feeds:threatfox_c2,2026-09-16T09:48:22Z,CLEAR,0.5,c2;threatfox_c2,https://threatfox.abuse.ch/export/csv/recent/
ipv4,95.158.131.151,text_feeds:threatfox_c2,2026-09-15T09:47:15Z,CLEAR,0.5,c2;threatfox_c2,https://threatfox.abuse.ch/export/csv/recent/
ipv4,95.182.87.134,text_feeds:threatfox_c2,2026-09-15T12:24:53Z,CLEAR,0.5,c2;threatfox_c2,https://threatfox.abuse.ch/export/csv/recent/
ipv4,95.182.91.142,text_feeds:threatfox_c2,2026-09-20T19:47:28Z,CLEAR,0.5,c2;threatfox_c2,https://threatfox.abuse.ch/export/csv/recent/
ipv4,95.216.220.204,text_feeds:threatfox_c2,2026-08-18T09:47:49Z,CLEAR,0.5,c2;threatfox_c2,https://threatfox.abuse.ch/export/csv/recent/
ipv4,95.217.135.208,text_feeds:threatfox_c2,2026-09-29T08:21:51Z,CLEAR,0.5,c2;threatfox_c2,https://threatfox.abuse.ch/export/csv/recent/
ipv4,95.31.213.79,text_feeds:threatfox_c2,2026-09-10T09:47:48Z,CLEAR,0.5,c2;threatfox_c2,https://threatfox.abuse.ch/export/csv/recent/
ipv4,96.126.176.243,text_feeds:threatfox_c2,2026-09-20T19:47:28Z,CLEAR,0.5,c2;threatfox_c2,https://threatfox.abuse.ch/export/csv/recent/
ipv4,96.126.176.92,text_feeds:threatfox_c2,2026-07-28T09:46:46Z,CLEAR,0.5,c2;threatfox_c2,https://threatfox.abuse.ch/export/csv/recent/
ipv4,96.9.226.22,text_feeds:threatfox_c2,2026-09-10T09:47:48Z,CLEAR,0.5,c2;threatfox_c2,https://threatfox.abuse.ch/export/csv/recent/
ipv4,98.191.191.44,text_feeds:threatfox_c2,2026-08-10T09:46:58Z,CLEAR,0.5,c2;threatfox_c2,https://threatfox.abuse.ch/export/csv/recent/
ipv4,98.89.43.158,text_feeds:threatfox_c2,2026-09-10T09:47:49Z,CLEAR,0.5,c2;threatfox_c2,https://threatfox.abuse.ch/export/csv/recent/
ipv4,99.112.198.249,text_feeds:threatfox_c2,2025-05-30T08:53:21Z,CLEAR,0.5,c2;threatfox_c2,https://threatfox.abuse.ch/export/csv/recent/
ipv4,99.92.203.162,text_feeds:threatfox_c2,2026-09-25T09:47:29Z,CLEAR,0.5,c2;threatfox_c2,https://threatfox.abuse.ch/export/csv/recent/
url,http://102.129.165.178:8443/?h=102.129.165.178&p=8443&t=tcp&a=w32&stage=true,text_feeds:threatfox_c2,2026-09-29T07:42:55Z,CLEAR,0.5,c2;threatfox_c2,https://threatfox.abuse.ch/export/csv/recent/
url,http://103.237.157.9:45367/mozi.m,text_feeds:threatfox_c2,2026-09-29T06:27:33Z,CLEAR,0.5,c2;threatfox_c2,https://threatfox.abuse.ch/export/csv/recent/
url,http://103.26.82.8:34771/mozi.m,text_feeds:threatfox_c2,2026-09-29T06:27:32Z,CLEAR,0.5,c2;threatfox_c2,https://threatfox.abuse.ch/export/csv/recent/
url,http://107.175.82.242:9000/wilow/psychedeliclove.exe,text_feeds:threatfox_c2,2026-09-29T12:10:39Z,CLEAR,0.5,c2;threatfox_c2,https://threatfox.abuse.ch/export/csv/recent/
url,http://119.30.118.117:55324/mozi.m,text_feeds:threatfox_c2,2026-09-29T06:27:32Z,CLEAR,0.5,c2;threatfox_c2,https://threatfox.abuse.ch/export/csv/recent/
url,http://123.129.14.244:35858/mozi.a,text_feeds:threatfox_c2,2026-09-29T12:29:20Z,CLEAR,0.5,c2;threatfox_c2,https://threatfox.abuse.ch/export/csv/recent/
url,http://148.66.17.122:60003/?h=148.66.17.122&p=60003&t=tcp&a=w32&stage=true,text_feeds:threatfox_c2,2026-09-29T16:36:50Z,CLEAR,0.5,c2;threatfox_c2,https://threatfox.abuse.ch/export/csv/recent/
url,http://148.66.17.122:60003/?h=148.66.17.122&p=60003&t=tcp&a=w64&stage=true,text_feeds:threatfox_c2,2026-09-29T16:36:49Z,CLEAR,0.5,c2;threatfox_c2,https://threatfox.abuse.ch/export/csv/recent/
url,http://148.66.17.125:60003/?h=148.66.17.125&p=60003&t=tcp&a=w64&stage=true,text_feeds:threatfox_c2,2026-09-29T16:36:41Z,CLEAR,0.5,c2;threatfox_c2,https://threatfox.abuse.ch/export/csv/recent/
url,http://149.88.73.99:2222/?h=149.88.73.99&p=2222&t=tcp&a=w32&stage=true,text_feeds:threatfox_c2,2026-09-27T17:05:06Z,CLEAR,0.5,c2;threatfox_c2,https://threatfox.abuse.ch/export/csv/recent/
url,http://149.88.73.99:2222/?h=149.88.73.99&p=2222&t=tcp&a=w64&stage=true,text_feeds:threatfox_c2,2026-09-27T14:05:14Z,CLEAR,0.5,c2;threatfox_c2,https://threatfox.abuse.ch/export/csv/recent/
url,http://153.117.5.208:38885/mozi.m,text_feeds:threatfox_c2,2026-09-29T12:29:20Z,CLEAR,0.5,c2;threatfox_c2,https://threatfox.abuse.ch/export/csv/recent/
url,http://154.211.86.169:40000/?h=154.211.86.169&p=40000&t=tcp&a=m64&stage=true,text_feeds:threatfox_c2,2026-09-28T08:54:26Z,CLEAR,0.5,c2;threatfox_c2,https://threatfox.abuse.ch/export/csv/recent/
url,http://154.211.86.169:40000/?h=154.211.86.169&p=40000&t=ws&a=w64&stage=true,text_feeds:threatfox_c2,2026-09-28T06:09:05Z,CLEAR,0.5,c2;threatfox_c2,https://threatfox.abuse.ch/export/csv/recent/
url,http://154.211.92.190:8084/?h=154.211.92.190&p=8084&t=tcp&a=w32&stage=true,text_feeds:threatfox_c2,2026-09-28T06:47:04Z,CLEAR,0.5,c2;threatfox_c2,https://threatfox.abuse.ch/export/csv/recent/
url,http://154.211.92.190:8084/?h=154.211.92.190&p=8084&t=ws&a=w64&stage=true,text_feeds:threatfox_c2,2026-09-28T10:38:44Z,CLEAR,0.5,c2;threatfox_c2,https://threatfox.abuse.ch/export/csv/recent/
url,http://156.251.16.125:8084/?h=156.251.16.125&p=8084&t=ws&a=w32&stage=true,text_feeds:threatfox_c2,2026-09-27T06:38:49Z,CLEAR,0.5,c2;threatfox_c2,https://threatfox.abuse.ch/export/csv/recent/
url,http://156.251.16.131:8084/?h=156.251.16.131&p=8084&t=tcp&a=w64&stage=true,text_feeds:threatfox_c2,2026-09-28T06:09:14Z,CLEAR,0.5,c2;threatfox_c2,https://threatfox.abuse.ch/export/csv/recent/
url,http://156.251.16.131:8084/?h=156.251.16.131&p=8084&t=ws&a=w64&stage=true,text_feeds:threatfox_c2,2026-09-28T06:09:11Z,CLEAR,0.5,c2;threatfox_c2,https://threatfox.abuse.ch/export/csv/recent/
url,http://156.251.16.136:8084/?h=156.251.16.136&p=8084&t=tcp&a=w64&stage=true,text_feeds:threatfox_c2,2026-09-28T06:09:11Z,CLEAR,0.5,c2;threatfox_c2,https://threatfox.abuse.ch/export/csv/recent/
url,http://160.30.142.204:50764/mozi.m,text_feeds:threatfox_c2,2026-09-29T18:28:31Z,CLEAR,0.5,c2;threatfox_c2,https://threatfox.abuse.ch/export/csv/recent/
url,http://169.58.190.196:8080/api/register,text_feeds:threatfox_c2,2026-09-29T12:36:45Z,CLEAR,0.5,c2;threatfox_c2,https://threatfox.abuse.ch/export/csv/recent/
url,http://172.81.182.244:8080/jellyd-setup-1.2.1.exe,text_feeds:threatfox_c2,2026-09-28T10:38:44Z,CLEAR,0.5,c2;threatfox_c2,https://threatfox.abuse.ch/export/csv/recent/
url,http://178.16.54.165,text_feeds:threatfox_c2,2026-09-22T06:39:09Z,CLEAR,0.5,c2;threatfox_c2,https://threatfox.abuse.ch/export/csv/recent/
url,http://180.149.219.35:51951/mozi.m,text_feeds:threatfox_c2,2026-09-29T18:28:30Z,CLEAR,0.5,c2;threatfox_c2,https://threatfox.abuse.ch/export/csv/recent/
url,http://180.252.82.152:40061/mozi.m,text_feeds:threatfox_c2,2026-09-28T12:51:21Z,CLEAR,0.5,c2;threatfox_c2,https://threatfox.abuse.ch/export/csv/recent/
url,http://182.124.10.153:41963/mozi.a,text_feeds:threatfox_c2,2026-09-29T06:27:31Z,CLEAR,0.5,c2;threatfox_c2,https://threatfox.abuse.ch/export/csv/recent/
url,http://185.132.133.127,text_feeds:threatfox_c2,2025-11-17T13:58:09Z,CLEAR,0.5,c2;threatfox_c2,https://threatfox.abuse.ch/export/csv/recent/
url,http://185.132.133.140,text_feeds:threatfox_c2,2025-11-17T13:58:09Z,CLEAR,0.5,c2;threatfox_c2,https://threatfox.abuse.ch/export/csv/recent/
url,http://188.137.247.142/signin.php,text_feeds:threatfox_c2,2026-09-29T12:46:35Z,CLEAR,0.5,c2;threatfox_c2,https://threatfox.abuse.ch/export/csv/recent/
url,http://190.196.253.67:11797/mozi.m,text_feeds:threatfox_c2,2026-09-29T06:28:24Z,CLEAR,0.5,c2;threatfox_c2,https://threatfox.abuse.ch/export/csv/recent/
url,http://193.160.32.138:8085/?h=193.160.32.138&p=8085&t=ws&a=l64&stage=true,text_feeds:threatfox_c2,2026-09-20T05:32:58Z,CLEAR,0.5,c2;threatfox_c2,https://threatfox.abuse.ch/export/csv/recent/
url,http://193.178.158.107/bjsw3dlg1/index.php,text_feeds:threatfox_c2,2026-09-20T14:52:03Z,CLEAR,0.5,c2;threatfox_c2,https://threatfox.abuse.ch/export/csv/recent/
url,http://193.178.158.65,text_feeds:threatfox_c2,2026-09-23T06:35:28Z,CLEAR,0.5,c2;threatfox_c2,https://threatfox.abuse.ch/export/csv/recent/
url,http://196.251.107.248/kont2rt/index.php,text_feeds:threatfox_c2,2026-04-23T04:45:34Z,CLEAR,0.5,c2;threatfox_c2,https://threatfox.abuse.ch/export/csv/recent/
url,http://202.47.49.0:42751/mozi.m,text_feeds:threatfox_c2,2026-09-28T12:51:22Z,CLEAR,0.5,c2;threatfox_c2,https://threatfox.abuse.ch/export/csv/recent/
url,http://202.47.53.77:55819/mozi.m,text_feeds:threatfox_c2,2026-09-29T12:29:19Z,CLEAR,0.5,c2;threatfox_c2,https://threatfox.abuse.ch/export/csv/recent/
url,http://203.101.186.206:52403/mozi.m,text_feeds:threatfox_c2,2026-09-29T12:29:19Z,CLEAR,0.5,c2;threatfox_c2,https://threatfox.abuse.ch/export/csv/recent/
url,http://213.5.130.10,text_feeds:threatfox_c2,2025-10-21T13:19:23Z,CLEAR,0.5,c2;threatfox_c2,https://threatfox.abuse.ch/export/csv/recent/
url,http://213.5.130.100,text_feeds:threatfox_c2,2025-12-01T14:57:48Z,CLEAR,0.5,c2;threatfox_c2,https://threatfox.abuse.ch/export/csv/recent/
url,http://213.5.130.104,text_feeds:threatfox_c2,2025-12-01T14:57:52Z,CLEAR,0.5,c2;threatfox_c2,https://threatfox.abuse.ch/export/csv/recent/
url,http://213.5.130.106,text_feeds:threatfox_c2,2025-12-01T14:57:50Z,CLEAR,0.5,c2;threatfox_c2,https://threatfox.abuse.ch/export/csv/recent/
url,http://213.5.130.107,text_feeds:threatfox_c2,2025-12-01T14:57:49Z,CLEAR,0.5,c2;threatfox_c2,https://threatfox.abuse.ch/export/csv/recent/
url,http://213.5.130.122,text_feeds:threatfox_c2,2026-01-05T13:21:42Z,CLEAR,0.5,c2;threatfox_c2,https://threatfox.abuse.ch/export/csv/recent/
url,http://213.5.130.124,text_feeds:threatfox_c2,2026-01-05T13:21:40Z,CLEAR,0.5,c2;threatfox_c2,https://threatfox.abuse.ch/export/csv/recent/
url,http://213.5.130.131,text_feeds:threatfox_c2,2026-03-05T06:17:55Z,CLEAR,0.5,c2;threatfox_c2,https://threatfox.abuse.ch/export/csv/recent/
url,http://213.5.130.147,text_feeds:threatfox_c2,2026-04-17T18:15:06Z,CLEAR,0.5,c2;threatfox_c2,https://threatfox.abuse.ch/export/csv/recent/
url,http://213.5.130.151,text_feeds:threatfox_c2,2026-01-05T13:21:41Z,CLEAR,0.5,c2;threatfox_c2,https://threatfox.abuse.ch/export/csv/recent/
url,http://213.5.130.152,text_feeds:threatfox_c2,2025-12-01T14:57:49Z,CLEAR,0.5,c2;threatfox_c2,https://threatfox.abuse.ch/export/csv/recent/
url,http://213.5.130.153,text_feeds:threatfox_c2,2025-12-01T14:57:49Z,CLEAR,0.5,c2;threatfox_c2,https://threatfox.abuse.ch/export/csv/recent/
url,http://213.5.130.154,text_feeds:threatfox_c2,2026-03-05T06:17:57Z,CLEAR,0.5,c2;threatfox_c2,https://threatfox.abuse.ch/export/csv/recent/
url,http://213.5.130.160,text_feeds:threatfox_c2,2025-11-25T06:01:35Z,CLEAR,0.5,c2;threatfox_c2,https://threatfox.abuse.ch/export/csv/recent/
url,http://213.5.130.179,text_feeds:threatfox_c2,2026-03-05T06:17:54Z,CLEAR,0.5,c2;threatfox_c2,https://threatfox.abuse.ch/export/csv/recent/
url,http://213.5.130.180,text_feeds:threatfox_c2,2025-12-01T14:57:52Z,CLEAR,0.5,c2;threatfox_c2,https://threatfox.abuse.ch/export/csv/recent/
url,http://213.5.130.182,text_feeds:threatfox_c2,2025-12-01T14:57:48Z,CLEAR,0.5,c2;threatfox_c2,https://threatfox.abuse.ch/export/csv/recent/
url,http://213.5.130.187,text_feeds:threatfox_c2,2026-01-05T13:21:40Z,CLEAR,0.5,c2;threatfox_c2,https://threatfox.abuse.ch/export/csv/recent/
url,http://213.5.130.189,text_feeds:threatfox_c2,2026-03-05T06:17:54Z,CLEAR,0.5,c2;threatfox_c2,https://threatfox.abuse.ch/export/csv/recent/
url,http://213.5.130.197,text_feeds:threatfox_c2,2026-03-05T06:17:58Z,CLEAR,0.5,c2;threatfox_c2,https://threatfox.abuse.ch/export/csv/recent/
url,http://213.5.130.200,text_feeds:threatfox_c2,2026-03-05T06:17:56Z,CLEAR,0.5,c2;threatfox_c2,https://threatfox.abuse.ch/export/csv/recent/
url,http://213.5.130.75,text_feeds:threatfox_c2,2025-10-21T13:19:24Z,CLEAR,0.5,c2;threatfox_c2,https://threatfox.abuse.ch/export/csv/recent/
url,http://213.5.130.84,text_feeds:threatfox_c2,2025-11-25T06:01:37Z,CLEAR,0.5,c2;threatfox_c2,https://threatfox.abuse.ch/export/csv/recent/
url,http://213.5.130.89,text_feeds:threatfox_c2,2025-10-21T13:19:22Z,CLEAR,0.5,c2;threatfox_c2,https://threatfox.abuse.ch/export/csv/recent/
url,http://213.5.130.90,text_feeds:threatfox_c2,2025-10-21T13:19:22Z,CLEAR,0.5,c2;threatfox_c2,https://threatfox.abuse.ch/export/csv/recent/
url,http://213.5.130.96,text_feeds:threatfox_c2,2025-11-25T06:01:36Z,CLEAR,0.5,c2;threatfox_c2,https://threatfox.abuse.ch/export/csv/recent/
url,http://213.5.130.98,text_feeds:threatfox_c2,2025-11-25T06:01:36Z,CLEAR,0.5,c2;threatfox_c2,https://threatfox.abuse.ch/export/csv/recent/
url,http://31.56.19.29,text_feeds:threatfox_c2,2026-09-26T12:20:26Z,CLEAR,0.5,c2;threatfox_c2,https://threatfox.abuse.ch/export/csv/recent/
url,http://31.76.30.6,text_feeds:threatfox_c2,2026-08-25T09:41:59Z,CLEAR,0.5,c2;threatfox_c2,https://threatfox.abuse.ch/export/csv/recent/
url,http://43.106.102.167/getinstall64,text_feeds:threatfox_c2,2026-09-28T20:15:17Z,CLEAR,0.5,c2;threatfox_c2,https://threatfox.abuse.ch/export/csv/recent/
url,http://43.199.224.15/getinstall64,text_feeds:threatfox_c2,2026-09-28T20:15:21Z,CLEAR,0.5,c2;threatfox_c2,https://threatfox.abuse.ch/export/csv/recent/
url,http://45.13.186.37/noncrypt/21-32/klhdfs.exe,text_feeds:threatfox_c2,2026-09-28T06:08:32Z,CLEAR,0.5,c2;threatfox_c2,https://threatfox.abuse.ch/export/csv/recent/
url,http://45.13.186.37/noncrypt/obsh/mixnew2.exe,text_feeds:threatfox_c2,2026-09-28T06:08:36Z,CLEAR,0.5,c2;threatfox_c2,https://threatfox.abuse.ch/export/csv/recent/
url,http://46.236.65.19:33798,text_feeds:threatfox_c2,2026-09-29T06:27:58Z,CLEAR,0.5,c2;threatfox_c2,https://threatfox.abuse.ch/export/csv/recent/
url,http://46.29.26.45,text_feeds:threatfox_c2,2026-09-16T15:07:01Z,CLEAR,0.5,c2;threatfox_c2,https://threatfox.abuse.ch/export/csv/recent/
url,http://47.74.43.122:8084/?h=47.74.43.122&p=8084&t=tcp&a=w64&stage=true,text_feeds:threatfox_c2,2026-09-28T06:08:55Z,CLEAR,0.5,c2;threatfox_c2,https://threatfox.abuse.ch/export/csv/recent/
url,http://54.46.28.247/getinstall64,text_feeds:threatfox_c2,2026-09-28T20:15:26Z,CLEAR,0.5,c2;threatfox_c2,https://threatfox.abuse.ch/export/csv/recent/
url,http://64.81.114.71:8888/?h=64.81.114.71&p=8888&t=ws&a=w32&stage=true,text_feeds:threatfox_c2,2026-09-28T06:08:32Z,CLEAR,0.5,c2;threatfox_c2,https://threatfox.abuse.ch/export/csv/recent/
url,http://66.179.30.146:443/?h=66.179.30.146&p=443&t=tcp&a=w32&stage=true,text_feeds:threatfox_c2,2026-09-28T06:09:08Z,CLEAR,0.5,c2;threatfox_c2,https://threatfox.abuse.ch/export/csv/recent/
url,http://66.179.30.146:443/?h=66.179.30.146&p=443&t=ws&a=w64&stage=true,text_feeds:threatfox_c2,2026-09-28T06:09:05Z,CLEAR,0.5,c2;threatfox_c2,https://threatfox.abuse.ch/export/csv/recent/
url,http://91.202.233.134/4d95d68e3fc64f3bbbf5.php,text_feeds:threatfox_c2,2026-07-05T09:50:45Z,CLEAR,0.5,c2;threatfox_c2,https://threatfox.abuse.ch/export/csv/recent/
url,http://91.202.233.163,text_feeds:threatfox_c2,2026-08-13T05:53:05Z,CLEAR,0.5,c2;threatfox_c2,https://threatfox.abuse.ch/export/csv/recent/
url,http://91.92.242.236/opvjr94jfe/index.php,text_feeds:threatfox_c2,2026-04-26T18:11:00Z,CLEAR,0.5,c2;threatfox_c2,https://threatfox.abuse.ch/export/csv/recent/
url,http://91.92.242.57,text_feeds:threatfox_c2,2026-09-17T05:41:36Z,CLEAR,0.5,c2;threatfox_c2,https://threatfox.abuse.ch/export/csv/recent/
url,http://94.26.83.69/panel/pb-fire,text_feeds:threatfox_c2,2026-09-29T07:14:07Z,CLEAR,0.5,c2;threatfox_c2,https://threatfox.abuse.ch/export/csv/recent/
url,http://95.135.181.73,text_feeds:threatfox_c2,2026-08-12T17:32:12Z,CLEAR,0.5,c2;threatfox_c2,https://threatfox.abuse.ch/export/csv/recent/
url,http://assetvs.biz:4529/imports,text_feeds:threatfox_c2,2026-09-28T20:40:07Z,CLEAR,0.5,c2;threatfox_c2,https://threatfox.abuse.ch/export/csv/recent/
url,http://assetvs.biz:4529/tags,text_feeds:threatfox_c2,2026-09-28T18:38:03Z,CLEAR,0.5,c2;threatfox_c2,https://threatfox.abuse.ch/export/csv/recent/
url,http://boltore.click:7652/contacts,text_feeds:threatfox_c2,2026-09-29T04:51:23Z,CLEAR,0.5,c2;threatfox_c2,https://threatfox.abuse.ch/export/csv/recent/
url,http://briture.click:6237/events,text_feeds:threatfox_c2,2026-09-28T20:13:23Z,CLEAR,0.5,c2;threatfox_c2,https://threatfox.abuse.ch/export/csv/recent/
url,http://caxools.click:7728/articles,text_feeds:threatfox_c2,2026-09-29T11:12:43Z,CLEAR,0.5,c2;threatfox_c2,https://threatfox.abuse.ch/export/csv/recent/
url,http://caxools.click:7728/categories,text_feeds:threatfox_c2,2026-09-29T02:49:23Z,CLEAR,0.5,c2;threatfox_c2,https://threatfox.abuse.ch/export/csv/recent/
url,http://caxools.click:7728/events,text_feeds:threatfox_c2,2026-09-28T18:21:43Z,CLEAR,0.5,c2;threatfox_c2,https://threatfox.abuse.ch/export/csv/recent/
url,http://caxools.click:7728/folders,text_feeds:threatfox_c2,2026-09-29T16:05:25Z,CLEAR,0.5,c2;threatfox_c2,https://threatfox.abuse.ch/export/csv/recent/
url,http://caxools.click:7728/payments,text_feeds:threatfox_c2,2026-09-28T18:53:38Z,CLEAR,0.5,c2;threatfox_c2,https://threatfox.abuse.ch/export/csv/recent/
url,http://caxools.click:7728/permissions,text_feeds:threatfox_c2,2026-09-29T02:02:23Z,CLEAR,0.5,c2;threatfox_c2,https://threatfox.abuse.ch/export/csv/recent/
url,http://dzdi.serendipityhub.space,text_feeds:threatfox_c2,2026-09-26T10:18:31Z,CLEAR,0.5,c2;threatfox_c2,https://threatfox.abuse.ch/export/csv/recent/
url,http://dzodu.sparklingideas.space,text_feeds:threatfox_c2,2026-04-14T14:11:18Z,CLEAR,0.5,c2;threatfox_c2,https://threatfox.abuse.ch/export/csv/recent/
url,http://equigfy.biz:9932/articles,text_feeds:threatfox_c2,2026-09-29T17:35:13Z,CLEAR,0.5,c2;threatfox_c2,https://threatfox.abuse.ch/export/csv/recent/
url,http://equigfy.biz:9932/workspaces,text_feeds:threatfox_c2,2026-09-29T20:08:23Z,CLEAR,0.5,c2;threatfox_c2,https://threatfox.abuse.ch/export/csv/recent/
url,http://fefeo.iknowthat.space,text_feeds:threatfox_c2,2026-09-26T10:19:23Z,CLEAR,0.5,c2;threatfox_c2,https://threatfox.abuse.ch/export/csv/recent/
url,http://foarket.click:2538/images,text_feeds:threatfox_c2,2026-09-29T16:05:25Z,CLEAR,0.5,c2;threatfox_c2,https://threatfox.abuse.ch/export/csv/recent/
url,http://gerzone.click:4262/files,text_feeds:threatfox_c2,2026-09-28T19:26:08Z,CLEAR,0.5,c2;threatfox_c2,https://threatfox.abuse.ch/export/csv/recent/
url,http://gerzone.click:4262/notifications,text_feeds:threatfox_c2,2026-09-29T04:51:23Z,CLEAR,0.5,c2;threatfox_c2,https://threatfox.abuse.ch/export/csv/recent/
url,http://gerzone.click:4262/projects,text_feeds:threatfox_c2,2026-09-28T18:53:38Z,CLEAR,0.5,c2;threatfox_c2,https://threatfox.abuse.ch/export/csv/recent/
url,http://glotech.art:9932/attachments,text_feeds:threatfox_c2,2026-09-29T17:35:13Z,CLEAR,0.5,c2;threatfox_c2,https://threatfox.abuse.ch/export/csv/recent/
url,http://glotech.art:9932/folders,text_feeds:threatfox_c2,2026-09-29T20:08:23Z,CLEAR,0.5,c2;threatfox_c2,https://threatfox.abuse.ch/export/csv/recent/
url,http://gusto.brothbridge.space,text_feeds:threatfox_c2,2026-04-16T11:16:17Z,CLEAR,0.5,c2;threatfox_c2,https://threatfox.abuse.ch/export/csv/recent/
url,http://jewtorz.click:9173/orders,text_feeds:threatfox_c2,2026-09-29T11:12:43Z,CLEAR,0.5,c2;threatfox_c2,https://threatfox.abuse.ch/export/csv/recent/
url,http://jxewele.shop:4262/reviews,text_feeds:threatfox_c2,2026-09-28T15:36:53Z,CLEAR,0.5,c2;threatfox_c2,https://threatfox.abuse.ch/export/csv/recent/
url,http://kipthen.shop:9932/permissions,text_feeds:threatfox_c2,2026-09-28T20:13:23Z,CLEAR,0.5,c2;threatfox_c2,https://threatfox.abuse.ch/export/csv/recent/
url,http://kitwart.click:7892/settings,text_feeds:threatfox_c2,2026-09-29T02:02:23Z,CLEAR,0.5,c2;threatfox_c2,https://threatfox.abuse.ch/export/csv/recent/
url,http://obutdor.shop:5003/tags,text_feeds:threatfox_c2,2026-09-28T15:36:53Z,CLEAR,0.5,c2;threatfox_c2,https://threatfox.abuse.ch/export/csv/recent/
url,http://petcarv.click:8239/customers,text_feeds:threatfox_c2,2026-09-28T18:53:38Z,CLEAR,0.5,c2;threatfox_c2,https://threatfox.abuse.ch/export/csv/recent/
url,http://petcarv.click:8239/products,text_feeds:threatfox_c2,2026-09-28T18:21:43Z,CLEAR,0.5,c2;threatfox_c2,https://threatfox.abuse.ch/export/csv/recent/
url,http://petcarv.click:8239/reviews,text_feeds:threatfox_c2,2026-09-29T20:08:23Z,CLEAR,0.5,c2;threatfox_c2,https://threatfox.abuse.ch/export/csv/recent/
url,http://pillow.riverbridge.site,text_feeds:threatfox_c2,2026-04-26T19:14:08Z,CLEAR,0.5,c2;threatfox_c2,https://threatfox.abuse.ch/export/csv/recent/
url,http://quicbud.shop:7647/projects,text_feeds:threatfox_c2,2026-09-28T05:43:23Z,CLEAR,0.5,c2;threatfox_c2,https://threatfox.abuse.ch/export/csv/recent/
url,http://quiunch.click:6271/attachments,text_feeds:threatfox_c2,2026-09-28T05:43:23Z,CLEAR,0.5,c2;threatfox_c2,https://threatfox.abuse.ch/export/csv/recent/
url,http://simdotsiha.co.ug/index.php,text_feeds:threatfox_c2,2026-09-15T13:26:13Z,CLEAR,0.5,c2;threatfox_c2,https://threatfox.abuse.ch/export/csv/recent/
url,http://sparlink.click:7528/attachments,text_feeds:threatfox_c2,2026-09-28T20:40:07Z,CLEAR,0.5,c2;threatfox_c2,https://threatfox.abuse.ch/export/csv/recent/
url,http://sxdment.click:5003/categories,text_feeds:threatfox_c2,2026-09-29T04:51:23Z,CLEAR,0.5,c2;threatfox_c2,https://threatfox.abuse.ch/export/csv/recent/
url,http://sxdment.click:5003/documents,text_feeds:threatfox_c2,2026-09-28T19:26:08Z,CLEAR,0.5,c2;threatfox_c2,https://threatfox.abuse.ch/export/csv/recent/
url,http://sxdment.click:5003/events,text_feeds:threatfox_c2,2026-09-29T02:02:23Z,CLEAR,0.5,c2;threatfox_c2,https://threatfox.abuse.ch/export/csv/recent/
url,http://sxdment.click:5003/folders,text_feeds:threatfox_c2,2026-09-28T18:21:43Z,CLEAR,0.5,c2;threatfox_c2,https://threatfox.abuse.ch/export/csv/recent/
url,http://sxdment.click:5003/tags,text_feeds:threatfox_c2,2026-09-29T02:49:23Z,CLEAR,0.5,c2;threatfox_c2,https://threatfox.abuse.ch/export/csv/recent/
url,http://sxdment.click:5003/videos,text_feeds:threatfox_c2,2026-09-29T11:12:43Z,CLEAR,0.5,c2;threatfox_c2,https://threatfox.abuse.ch/export/csv/recent/
url,http://synerfy.biz:6627/payments,text_feeds:threatfox_c2,2026-09-28T20:40:07Z,CLEAR,0.5,c2;threatfox_c2,https://threatfox.abuse.ch/export/csv/recent/
url,http://synerfy.biz:6627/subscriptions,text_feeds:threatfox_c2,2026-09-28T18:38:03Z,CLEAR,0.5,c2;threatfox_c2,https://threatfox.abuse.ch/export/csv/recent/
url,http://venom.summertunnel.shop,text_feeds:threatfox_c2,2026-04-15T08:15:13Z,CLEAR,0.5,c2;threatfox_c2,https://threatfox.abuse.ch/export/csv/recent/
url,http://vriclactrina.cz/index.php,text_feeds:threatfox_c2,2026-07-22T08:06:59Z,CLEAR,0.5,c2;threatfox_c2,https://threatfox.abuse.ch/export/csv/recent/
url,http://wrath.bottlevacuum.shop,text_feeds:threatfox_c2,2026-04-22T11:17:09Z,CLEAR,0.5,c2;threatfox_c2,https://threatfox.abuse.ch/export/csv/recent/
url,http://www.u7wang.com/download/cloudvideomonitor-setup.zip,text_feeds:threatfox_c2,2026-09-29T06:28:33Z,CLEAR,0.5,c2;threatfox_c2,https://threatfox.abuse.ch/export/csv/recent/
url,https://104.105.9.5,text_feeds:threatfox_c2,2026-09-28T14:15:58Z,CLEAR,0.5,c2;threatfox_c2,https://threatfox.abuse.ch/export/csv/recent/
url,https://139.162.134.94,text_feeds:threatfox_c2,2026-09-28T14:15:58Z,CLEAR,0.5,c2;threatfox_c2,https://threatfox.abuse.ch/export/csv/recent/
url,https://17.aa.4t.com,text_feeds:threatfox_c2,2025-06-30T07:56:18Z,CLEAR,0.5,c2;threatfox_c2,https://threatfox.abuse.ch/export/csv/recent/
url,https://172.234.109.183,text_feeds:threatfox_c2,2026-09-28T14:15:58Z,CLEAR,0.5,c2;threatfox_c2,https://threatfox.abuse.ch/export/csv/recent/
url,https://172.236.206.42,text_feeds:threatfox_c2,2026-09-23T06:35:21Z,CLEAR,0.5,c2;threatfox_c2,https://threatfox.abuse.ch/export/csv/recent/
url,https://172.236.209.126,text_feeds:threatfox_c2,2026-09-28T14:15:58Z,CLEAR,0.5,c2;threatfox_c2,https://threatfox.abuse.ch/export/csv/recent/
url,https://192.142.37.129,text_feeds:threatfox_c2,2026-09-19T05:52:21Z,CLEAR,0.5,c2;threatfox_c2,https://threatfox.abuse.ch/export/csv/recent/
url,https://2.28.206.197,text_feeds:threatfox_c2,2026-09-29T06:28:47Z,CLEAR,0.5,c2;threatfox_c2,https://threatfox.abuse.ch/export/csv/recent/
url,https://2.29.15.189,text_feeds:threatfox_c2,2026-09-26T12:20:25Z,CLEAR,0.5,c2;threatfox_c2,https://threatfox.abuse.ch/export/csv/recent/
url,https://2.29.17.238,text_feeds:threatfox_c2,2026-09-26T12:20:25Z,CLEAR,0.5,c2;threatfox_c2,https://threatfox.abuse.ch/export/csv/recent/
url,https://2.29.24.195,text_feeds:threatfox_c2,2026-09-26T18:21:14Z,CLEAR,0.5,c2;threatfox_c2,https://threatfox.abuse.ch/export/csv/recent/
url,https://2.29.24.223,text_feeds:threatfox_c2,2026-09-29T06:28:13Z,CLEAR,0.5,c2;threatfox_c2,https://threatfox.abuse.ch/export/csv/recent/
url,https://2.29.60.19,text_feeds:threatfox_c2,2026-09-28T14:15:58Z,CLEAR,0.5,c2;threatfox_c2,https://threatfox.abuse.ch/export/csv/recent/
url,https://2.29.7.186,text_feeds:threatfox_c2,2026-09-26T12:20:24Z,CLEAR,0.5,c2;threatfox_c2,https://threatfox.abuse.ch/export/csv/recent/
url,https://217.60.103.124,text_feeds:threatfox_c2,2026-09-28T14:15:58Z,CLEAR,0.5,c2;threatfox_c2,https://threatfox.abuse.ch/export/csv/recent/
url,https://217.60.103.158,text_feeds:threatfox_c2,2026-09-28T14:15:58Z,CLEAR,0.5,c2;threatfox_c2,https://threatfox.abuse.ch/export/csv/recent/
url,https://31.58.181.194,text_feeds:threatfox_c2,2026-09-28T14:20:26Z,CLEAR,0.5,c2;threatfox_c2,https://threatfox.abuse.ch/export/csv/recent/
url,https://46.62.167.86,text_feeds:threatfox_c2,2026-09-28T23:48:57Z,CLEAR,0.5,c2;threatfox_c2,https://threatfox.abuse.ch/export/csv/recent/
url,https://46.62.199.175,text_feeds:threatfox_c2,2026-09-28T05:00:37Z,CLEAR,0.5,c2;threatfox_c2,https://threatfox.abuse.ch/export/csv/recent/
url,https://62.238.98.77,text_feeds:threatfox_c2,2026-09-29T16:36:31Z,CLEAR,0.5,c2;threatfox_c2,https://threatfox.abuse.ch/export/csv/recent/
url,https://65.108.13.120,text_feeds:threatfox_c2,2026-09-26T12:20:24Z,CLEAR,0.5,c2;threatfox_c2,https://threatfox.abuse.ch/export/csv/recent/
url,https://65.109.113.253,text_feeds:threatfox_c2,2026-09-28T14:15:58Z,CLEAR,0.5,c2;threatfox_c2,https://threatfox.abuse.ch/export/csv/recent/
url,https://77.91.100.107,text_feeds:threatfox_c2,2026-09-21T11:29:13Z,CLEAR,0.5,c2;threatfox_c2,https://threatfox.abuse.ch/export/csv/recent/
url,https://89.167.93.192,text_feeds:threatfox_c2,2026-09-29T10:35:30Z,CLEAR,0.5,c2;threatfox_c2,https://threatfox.abuse.ch/export/csv/recent/
url,https://91.107.163.163,text_feeds:threatfox_c2,2026-09-28T14:15:58Z,CLEAR,0.5,c2;threatfox_c2,https://threatfox.abuse.ch/export/csv/recent/
url,https://91.107.180.11,text_feeds:threatfox_c2,2026-09-28T14:15:58Z,CLEAR,0.5,c2;threatfox_c2,https://threatfox.abuse.ch/export/csv/recent/
url,https://91.107.188.73,text_feeds:threatfox_c2,2026-09-28T14:15:58Z,CLEAR,0.5,c2;threatfox_c2,https://threatfox.abuse.ch/export/csv/recent/
url,https://95.216.174.89,text_feeds:threatfox_c2,2026-09-26T12:20:24Z,CLEAR,0.5,c2;threatfox_c2,https://threatfox.abuse.ch/export/csv/recent/
url,https://95.217.241.133,text_feeds:threatfox_c2,2026-09-26T10:16:15Z,CLEAR,0.5,c2;threatfox_c2,https://threatfox.abuse.ch/export/csv/recent/
url,https://account.msdos.ru/login,text_feeds:threatfox_c2,2026-09-28T06:08:56Z,CLEAR,0.5,c2;threatfox_c2,https://threatfox.abuse.ch/export/csv/recent/
url,https://accountz.msdos.ru/login,text_feeds:threatfox_c2,2026-09-28T12:51:19Z,CLEAR,0.5,c2;threatfox_c2,https://threatfox.abuse.ch/export/csv/recent/
url,https://agrygamger.com/live,text_feeds:threatfox_c2,2026-09-07T05:44:20Z,CLEAR,0.5,c2;threatfox_c2,https://threatfox.abuse.ch/export/csv/recent/
url,https://antyparkov.site/live,text_feeds:threatfox_c2,2024-02-18T08:49:17Z,CLEAR,0.5,c2;threatfox_c2,https://threatfox.abuse.ch/export/csv/recent/
url,https://api.mb2-rrfdnb-ip38z5.shop,text_feeds:threatfox_c2,2026-09-26T06:20:50Z,CLEAR,0.5,c2;threatfox_c2,https://threatfox.abuse.ch/export/csv/recent/
url,https://aplihartom.com/live,text_feeds:threatfox_c2,2026-09-07T05:44:33Z,CLEAR,0.5,c2;threatfox_c2,https://threatfox.abuse.ch/export/csv/recent/
url,https://ask.shurimaster.com,text_feeds:threatfox_c2,2026-04-17T17:13:25Z,CLEAR,0.5,c2;threatfox_c2,https://threatfox.abuse.ch/export/csv/recent/
url,https://az.hg77.org,text_feeds:threatfox_c2,2026-09-26T12:20:23Z,CLEAR,0.5,c2;threatfox_c2,https://threatfox.abuse.ch/export/csv/recent/
url,https://bg.177betwin.org,text_feeds:threatfox_c2,2026-09-26T12:20:23Z,CLEAR,0.5,c2;threatfox_c2,https://threatfox.abuse.ch/export/csv/recent/
url,https://bh.32naga.net,text_feeds:threatfox_c2,2026-09-29T06:28:38Z,CLEAR,0.5,c2;threatfox_c2,https://threatfox.abuse.ch/export/csv/recent/
url,https://bh.5-rt.org,text_feeds:threatfox_c2,2026-09-28T14:25:46Z,CLEAR,0.5,c2;threatfox_c2,https://threatfox.abuse.ch/export/csv/recent/
url,https://buldumaski.cfd/apk/ask%20bul%20i%cc%87ndirici.apk,text_feeds:threatfox_c2,2026-09-28T18:40:12Z,CLEAR,0.5,c2;threatfox_c2,https://threatfox.abuse.ch/export/csv/recent/
url,https://bw.32naga.net,text_feeds:threatfox_c2,2026-09-29T16:00:45Z,CLEAR,0.5,c2;threatfox_c2,https://threatfox.abuse.ch/export/csv/recent/
url,https://bw.5-rt.org,text_feeds:threatfox_c2,2026-09-29T16:00:46Z,CLEAR,0.5,c2;threatfox_c2,https://threatfox.abuse.ch/export/csv/recent/
url,https://cdn.jsdelivr.net/gh/52-7aa5/40ab-5bb6-d1f9b0-9634a4-e30/1-ac1b-9c-b,text_feeds:threatfox_c2,2026-09-29T12:57:57Z,CLEAR,0.5,c2;threatfox_c2,https://threatfox.abuse.ch/export/csv/recent/
url,https://cdn.jsdelivr.net/gh/52-7aa5/40ab-5bb6-d1f9b0-9634a4-e30/af07382d-dd95-4f5a-8848-6c006579068c,text_feeds:threatfox_c2,2026-09-29T17:50:19Z,CLEAR,0.5,c2;threatfox_c2,https://threatfox.abuse.ch/export/csv/recent/
url,https://cdn.jsdelivr.net/gh/dsteru3421/4f77-bdc8-7e8087412ccf/2515-4fda-8197-5f5880f00e98,text_feeds:threatfox_c2,2026-09-29T11:20:50Z,CLEAR,0.5,c2;threatfox_c2,https://threatfox.abuse.ch/export/csv/recent/
url,https://cdn.jsdelivr.net/gh/dsteru3421/5c5d8d-0333-4cbe-b328-d84e0dd9d/76f4346f-d81c-465f-9d7b-fa5089c9ea3b,text_feeds:threatfox_c2,2026-09-28T05:37:50Z,CLEAR,0.5,c2;threatfox_c2,https://threatfox.abuse.ch/export/csv/recent/
url,https://cloveranthology.org/route/route-script.js,text_feeds:threatfox_c2,2026-09-28T08:31:34Z,CLEAR,0.5,c2;threatfox_c2,https://threatfox.abuse.ch/export/csv/recent/
url,https://community.fandom.com/wikia.php?controller=userprofile&method=getuserdata&format=json&userid=64296247,text_feeds:threatfox_c2,2026-09-25T18:55:30Z,CLEAR,0.5,c2;threatfox_c2,https://threatfox.abuse.ch/export/csv/recent/
url,https://coolarition.com/live,text_feeds:threatfox_c2,2024-10-22T13:56:34Z,CLEAR,0.5,c2;threatfox_c2,https://threatfox.abuse.ch/export/csv/recent/
url,https://cy.27trans.org,text_feeds:threatfox_c2,2026-09-28T14:15:58Z,CLEAR,0.5,c2;threatfox_c2,https://threatfox.abuse.ch/export/csv/recent/
url,https://cy.5-rt.org,text_feeds:threatfox_c2,2026-09-28T14:15:57Z,CLEAR,0.5,c2;threatfox_c2,https://threatfox.abuse.ch/export/csv/recent/
url,https://cyy.turbo88ml.top,text_feeds:threatfox_c2,2026-05-23T22:00:09Z,CLEAR,0.5,c2;threatfox_c2,https://threatfox.abuse.ch/export/csv/recent/
url,https://d2z54pvih3anpa.cloudfront.net/ajax/libs/jquery/3.7.1/jquery.min.js,text_feeds:threatfox_c2,2026-09-24T11:50:26Z,CLEAR,0.5,c2;threatfox_c2,https://threatfox.abuse.ch/export/csv/recent/
url,https://depo287.com/downloads/repository/plugins/dokan-postcode-restriction.zip,text_feeds:threatfox_c2,2026-09-29T18:41:18Z,CLEAR,0.5,c2;threatfox_c2,https://threatfox.abuse.ch/export/csv/recent/
url,https://douhun.vip/download/lolarena.exe,text_feeds:threatfox_c2,2026-09-29T06:28:23Z,CLEAR,0.5,c2;threatfox_c2,https://threatfox.abuse.ch/export/csv/recent/
url,https://dumb-iitian.pages.dev/ufoleesetup.exe,text_feeds:threatfox_c2,2026-09-28T06:08:38Z,CLEAR,0.5,c2;threatfox_c2,https://threatfox.abuse.ch/export/csv/recent/
url,https://ed.32naga.net,text_feeds:threatfox_c2,2026-09-29T12:10:35Z,CLEAR,0.5,c2;threatfox_c2,https://threatfox.abuse.ch/export/csv/recent/
url,https://ed.5-rt.org,text_feeds:threatfox_c2,2026-09-29T06:28:00Z,CLEAR,0.5,c2;threatfox_c2,https://threatfox.abuse.ch/export/csv/recent/
url,https://fa.32naga.net,text_feeds:threatfox_c2,2026-09-29T11:45:45Z,CLEAR,0.5,c2;threatfox_c2,https://threatfox.abuse.ch/export/csv/recent/
url,https://fa.5-rt.org,text_feeds:threatfox_c2,2026-09-29T11:50:45Z,CLEAR,0.5,c2;threatfox_c2,https://threatfox.abuse.ch/export/csv/recent/
url,https://fide45felhs.com/work,text_feeds:threatfox_c2,2026-09-16T15:07:01Z,CLEAR,0.5,c2;threatfox_c2,https://threatfox.abuse.ch/export/csv/recent/
url,https://foundersunfound.com,text_feeds:threatfox_c2,2026-09-28T02:00:45Z,CLEAR,0.5,c2;threatfox_c2,https://threatfox.abuse.ch/export/csv/recent/
url,https://frr.ambil-disini.web.id,text_feeds:threatfox_c2,2026-05-01T14:30:24Z,CLEAR,0.5,c2;threatfox_c2,https://threatfox.abuse.ch/export/csv/recent/
url,https://galaxyswapper.net/downloads/galaxyswapper-setup.zip,text_feeds:threatfox_c2,2026-09-28T06:08:33Z,CLEAR,0.5,c2;threatfox_c2,https://threatfox.abuse.ch/export/csv/recent/
url,https://gaz.138sportlogin.org,text_feeds:threatfox_c2,2026-09-26T12:20:23Z,CLEAR,0.5,c2;threatfox_c2,https://threatfox.abuse.ch/export/csv/recent/
url,https://ge.hg77.org,text_feeds:threatfox_c2,2026-09-26T12:20:22Z,CLEAR,0.5,c2;threatfox_c2,https://threatfox.abuse.ch/export/csv/recent/
url,https://gor.emiraride.com,text_feeds:threatfox_c2,2026-02-13T14:01:02Z,CLEAR,0.5,c2;threatfox_c2,https://threatfox.abuse.ch/export/csv/recent/
url,https://gre.syslicense.net,text_feeds:threatfox_c2,2026-03-27T21:24:17Z,CLEAR,0.5,c2;threatfox_c2,https://threatfox.abuse.ch/export/csv/recent/
url,https://gt.1jp88.org,text_feeds:threatfox_c2,2026-09-26T12:20:22Z,CLEAR,0.5,c2;threatfox_c2,https://threatfox.abuse.ch/export/csv/recent/
url,https://gt.234-e.com,text_feeds:threatfox_c2,2026-09-24T08:07:24Z,CLEAR,0.5,c2;threatfox_c2,https://threatfox.abuse.ch/export/csv/recent/
url,https://help.vreugdonline.nl/partner/update/setup_vreugd_online_magneetkaart_1290.exe,text_feeds:threatfox_c2,2026-09-28T06:07:59Z,CLEAR,0.5,c2;threatfox_c2,https://threatfox.abuse.ch/export/csv/recent/
url,https://hj.1jp88.org,text_feeds:threatfox_c2,2026-09-26T12:20:21Z,CLEAR,0.5,c2;threatfox_c2,https://threatfox.abuse.ch/export/csv/recent/
url,https://hj.234-e.com,text_feeds:threatfox_c2,2026-09-26T15:06:17Z,CLEAR,0.5,c2;threatfox_c2,https://threatfox.abuse.ch/export/csv/recent/
url,https://hor.kaitorinihon.jp,text_feeds:threatfox_c2,2026-04-03T16:12:59Z,CLEAR,0.5,c2;threatfox_c2,https://threatfox.abuse.ch/export/csv/recent/
url,https://hridoypay.top/public/assets/downloads/jonotapay.apk,text_feeds:threatfox_c2,2026-09-29T06:28:23Z,CLEAR,0.5,c2;threatfox_c2,https://threatfox.abuse.ch/export/csv/recent/
url,https://ichamier.net,text_feeds:threatfox_c2,2026-09-06T06:19:54Z,CLEAR,0.5,c2;threatfox_c2,https://threatfox.abuse.ch/export/csv/recent/
url,https://id.v-panel.asia,text_feeds:threatfox_c2,2026-09-29T16:36:39Z,CLEAR,0.5,c2;threatfox_c2,https://threatfox.abuse.ch/export/csv/recent/
url,https://idcool.codes/fe920181d1395e8e,text_feeds:threatfox_c2,2026-09-29T12:10:48Z,CLEAR,0.5,c2;threatfox_c2,https://threatfox.abuse.ch/export/csv/recent/
url,https://indepahote.com/test,text_feeds:threatfox_c2,2024-08-30T07:05:10Z,CLEAR,0.5,c2;threatfox_c2,https://threatfox.abuse.ch/export/csv/recent/
url,https://interseq.at/b882khznff/api,text_feeds:threatfox_c2,2026-09-29T16:36:29Z,CLEAR,0.5,c2;threatfox_c2,https://threatfox.abuse.ch/export/csv/recent/
url,https://ji.27trans.org,text_feeds:threatfox_c2,2026-09-28T14:15:58Z,CLEAR,0.5,c2;threatfox_c2,https://threatfox.abuse.ch/export/csv/recent/
url,https://ji.5-rt.org,text_feeds:threatfox_c2,2026-09-28T18:39:03Z,CLEAR,0.5,c2;threatfox_c2,https://threatfox.abuse.ch/export/csv/recent/
url,https://k1h.hopesm188.top,text_feeds:threatfox_c2,2026-06-26T12:25:15Z,CLEAR,0.5,c2;threatfox_c2,https://threatfox.abuse.ch/export/csv/recent/
url,https://k3.zk89.net,text_feeds:threatfox_c2,2026-09-16T16:43:51Z,CLEAR,0.5,c2;threatfox_c2,https://threatfox.abuse.ch/export/csv/recent/
url,https://kiprihorycom.com/work,text_feeds:threatfox_c2,2026-08-28T06:00:11Z,CLEAR,0.5,c2;threatfox_c2,https://threatfox.abuse.ch/export/csv/recent/
url,https://ko.27trans.org,text_feeds:threatfox_c2,2026-09-28T14:15:58Z,CLEAR,0.5,c2;threatfox_c2,https://threatfox.abuse.ch/export/csv/recent/
url,https://ko.5-rt.org,text_feeds:threatfox_c2,2026-09-28T14:15:57Z,CLEAR,0.5,c2;threatfox_c2,https://threatfox.abuse.ch/export/csv/recent/
url,https://ku.16dewaslot.org,text_feeds:threatfox_c2,2026-09-26T12:20:21Z,CLEAR,0.5,c2;threatfox_c2,https://threatfox.abuse.ch/export/csv/recent/
url,https://lb.146slot.org,text_feeds:threatfox_c2,2026-09-26T12:20:21Z,CLEAR,0.5,c2;threatfox_c2,https://threatfox.abuse.ch/export/csv/recent/
url,https://lb.334v.org,text_feeds:threatfox_c2,2026-09-26T12:13:13Z,CLEAR,0.5,c2;threatfox_c2,https://threatfox.abuse.ch/export/csv/recent/
url,https://leaguekt.online/downloads/kiem-the-league-setup.exe,text_feeds:threatfox_c2,2026-09-29T06:46:14Z,CLEAR,0.5,c2;threatfox_c2,https://threatfox.abuse.ch/export/csv/recent/
url,https://ma.1hoki.org,text_feeds:threatfox_c2,2026-09-19T06:25:37Z,CLEAR,0.5,c2;threatfox_c2,https://threatfox.abuse.ch/export/csv/recent/
url,https://ma.zk89.net,text_feeds:threatfox_c2,2026-09-18T17:23:47Z,CLEAR,0.5,c2;threatfox_c2,https://threatfox.abuse.ch/export/csv/recent/
url,https://maalaitimes.com,text_feeds:threatfox_c2,2026-09-29T11:01:16Z,CLEAR,0.5,c2;threatfox_c2,https://threatfox.abuse.ch/export/csv/recent/
url,https://mpd.pegasus-77.biz.id,text_feeds:threatfox_c2,2026-05-11T23:00:12Z,CLEAR,0.5,c2;threatfox_c2,https://threatfox.abuse.ch/export/csv/recent/
url,https://ms.hg77.org,text_feeds:threatfox_c2,2026-09-26T12:13:12Z,CLEAR,0.5,c2;threatfox_c2,https://threatfox.abuse.ch/export/csv/recent/
url,https://myprojectverification.linkpc.net/documentpri/crypted.ps1,text_feeds:threatfox_c2,2026-09-29T06:28:18Z,CLEAR,0.5,c2;threatfox_c2,https://threatfox.abuse.ch/export/csv/recent/
url,https://ng.v-panel.asia,text_feeds:threatfox_c2,2026-09-28T06:09:16Z,CLEAR,0.5,c2;threatfox_c2,https://threatfox.abuse.ch/export/csv/recent/
url,https://nonobody123.com,text_feeds:threatfox_c2,2026-03-10T18:04:42Z,CLEAR,0.5,c2;threatfox_c2,https://threatfox.abuse.ch/export/csv/recent/
url,https://nonobody123.com/a85e9a98b9364c5d8f74.php,text_feeds:threatfox_c2,2026-08-03T19:54:25Z,CLEAR,0.5,c2;threatfox_c2,https://threatfox.abuse.ch/export/csv/recent/
url,https://nonprofitrole.com/gmthlylotd7g5j4una,text_feeds:threatfox_c2,2026-09-29T08:19:48Z,CLEAR,0.5,c2;threatfox_c2,https://threatfox.abuse.ch/export/csv/recent/
url,https://nu.1jp88.org,text_feeds:threatfox_c2,2026-09-26T12:13:12Z,CLEAR,0.5,c2;threatfox_c2,https://threatfox.abuse.ch/export/csv/recent/
url,https://nu.234-e.com,text_feeds:threatfox_c2,2026-09-26T12:13:11Z,CLEAR,0.5,c2;threatfox_c2,https://threatfox.abuse.ch/export/csv/recent/
url,https://nu.27trans.org,text_feeds:threatfox_c2,2026-09-28T14:15:58Z,CLEAR,0.5,c2;threatfox_c2,https://threatfox.abuse.ch/export/csv/recent/
url,https://nu.5-rt.org,text_feeds:threatfox_c2,2026-09-28T14:15:57Z,CLEAR,0.5,c2;threatfox_c2,https://threatfox.abuse.ch/export/csv/recent/
url,https://nw.hg77.org,text_feeds:threatfox_c2,2026-09-26T12:13:11Z,CLEAR,0.5,c2;threatfox_c2,https://threatfox.abuse.ch/export/csv/recent/
url,https://nx.hg77.org,text_feeds:threatfox_c2,2026-09-26T12:13:10Z,CLEAR,0.5,c2;threatfox_c2,https://threatfox.abuse.ch/export/csv/recent/
url,https://oi.hg77.org,text_feeds:threatfox_c2,2026-09-20T14:52:20Z,CLEAR,0.5,c2;threatfox_c2,https://threatfox.abuse.ch/export/csv/recent/
url,https://oopz.surf/upd.exe,text_feeds:threatfox_c2,2026-09-28T06:08:55Z,CLEAR,0.5,c2;threatfox_c2,https://threatfox.abuse.ch/export/csv/recent/
url,https://panel.msdos.ru/login,text_feeds:threatfox_c2,2026-09-28T06:09:15Z,CLEAR,0.5,c2;threatfox_c2,https://threatfox.abuse.ch/export/csv/recent/
url,https://pas.sm188star.top,text_feeds:threatfox_c2,2026-06-06T05:24:31Z,CLEAR,0.5,c2;threatfox_c2,https://threatfox.abuse.ch/export/csv/recent/
url,https://pgo.fatherchrismas.com,text_feeds:threatfox_c2,2026-05-15T16:00:12Z,CLEAR,0.5,c2;threatfox_c2,https://threatfox.abuse.ch/export/csv/recent/
url,https://pikchestop.com/test,text_feeds:threatfox_c2,2024-08-30T07:05:10Z,CLEAR,0.5,c2;threatfox_c2,https://threatfox.abuse.ch/export/csv/recent/
url,https://pir.rapidphonebuyer.co.uk,text_feeds:threatfox_c2,2026-04-16T16:13:56Z,CLEAR,0.5,c2;threatfox_c2,https://threatfox.abuse.ch/export/csv/recent/
url,https://pl.27trans.org,text_feeds:threatfox_c2,2026-09-28T14:15:58Z,CLEAR,0.5,c2;threatfox_c2,https://threatfox.abuse.ch/export/csv/recent/
url,https://pl.5-rt.org,text_feeds:threatfox_c2,2026-09-28T14:15:57Z,CLEAR,0.5,c2;threatfox_c2,https://threatfox.abuse.ch/export/csv/recent/
url,https://playmounthdom.top,text_feeds:threatfox_c2,2026-08-29T14:08:52Z,CLEAR,0.5,c2;threatfox_c2,https://threatfox.abuse.ch/export/csv/recent/
url,https://plreadadobeinvoicedoc.com/cascadesapp.msi,text_feeds:threatfox_c2,2026-09-29T06:28:05Z,CLEAR,0.5,c2;threatfox_c2,https://threatfox.abuse.ch/export/csv/recent/
url,https://plreadadobeinvoicedoc.com/msteammeetings.plreadadobeinvoicedoc.com/screenconnect.clientsetup.exe,text_feeds:threatfox_c2,2026-09-29T06:28:07Z,CLEAR,0.5,c2;threatfox_c2,https://threatfox.abuse.ch/export/csv/recent/
url,https://pn2.skfilmsint.com,text_feeds:threatfox_c2,2026-03-27T21:24:17Z,CLEAR,0.5,c2;threatfox_c2,https://threatfox.abuse.ch/export/csv/recent/
url,https://porelinofigoventa.com/test,text_feeds:threatfox_c2,2024-11-12T15:05:48Z,CLEAR,0.5,c2;threatfox_c2,https://threatfox.abuse.ch/export/csv/recent/
url,https://pre.hifive.net.au,text_feeds:threatfox_c2,2026-04-13T07:46:34Z,CLEAR,0.5,c2;threatfox_c2,https://threatfox.abuse.ch/export/csv/recent/
url,https://psy.flise-mesteren.dk,text_feeds:threatfox_c2,2026-04-24T15:18:01Z,CLEAR,0.5,c2;threatfox_c2,https://threatfox.abuse.ch/export/csv/recent/
url,https://pz.32naga.net,text_feeds:threatfox_c2,2026-09-29T06:28:38Z,CLEAR,0.5,c2;threatfox_c2,https://threatfox.abuse.ch/export/csv/recent/
url,https://pz.5-rt.org,text_feeds:threatfox_c2,2026-09-28T20:10:45Z,CLEAR,0.5,c2;threatfox_c2,https://threatfox.abuse.ch/export/csv/recent/
url,https://pzk.v-panel.asia,text_feeds:threatfox_c2,2026-09-29T12:10:50Z,CLEAR,0.5,c2;threatfox_c2,https://threatfox.abuse.ch/export/csv/recent/
url,https://rdmfile.eu/install/emg9le5xwfki,text_feeds:threatfox_c2,2026-09-28T06:08:50Z,CLEAR,0.5,c2;threatfox_c2,https://threatfox.abuse.ch/export/csv/recent/
url,https://rofleratom.com/test,text_feeds:threatfox_c2,2025-04-10T14:38:58Z,CLEAR,0.5,c2;threatfox_c2,https://threatfox.abuse.ch/export/csv/recent/
url,https://roolzgods.com/exe/_onlinepaket/_oldfiles/ysepetidh_28_07_2026.zip,text_feeds:threatfox_c2,2026-09-29T12:10:47Z,CLEAR,0.5,c2;threatfox_c2,https://threatfox.abuse.ch/export/csv/recent/
url,https://rx.fabiankorte.net,text_feeds:threatfox_c2,2025-11-12T09:18:14Z,CLEAR,0.5,c2;threatfox_c2,https://threatfox.abuse.ch/export/csv/recent/
url,https://scan.cyberessentials.live/usersc/testfiles/macro/ceplus.docm,text_feeds:threatfox_c2,2026-09-28T10:38:44Z,CLEAR,0.5,c2;threatfox_c2,https://threatfox.abuse.ch/export/csv/recent/
url,https://server.drunlosbostworld.site/bin/screenconnect.clientsetup.msi?e=access&y=guest&c=whites&c=&c=&c=&c=&c=&c=&c=,text_feeds:threatfox_c2,2026-09-23T06:35:17Z,CLEAR,0.5,c2;threatfox_c2,https://threatfox.abuse.ch/export/csv/recent/
url,https://sheepduck.pages.dev/download/%e5%af%bb%e6%89%be%e5%a4%a7%e7%99%bd%e8%8f%9c.exe,text_feeds:threatfox_c2,2026-09-28T06:08:38Z,CLEAR,0.5,c2;threatfox_c2,https://threatfox.abuse.ch/export/csv/recent/
url,https://simplecheck.online,text_feeds:threatfox_c2,2026-09-29T03:06:18Z,CLEAR,0.5,c2;threatfox_c2,https://threatfox.abuse.ch/export/csv/recent/
url,https://sla.sm188dvlv.mom,text_feeds:threatfox_c2,2026-09-26T12:13:10Z,CLEAR,0.5,c2;threatfox_c2,https://threatfox.abuse.ch/export/csv/recent/
url,https://sm.27trans.org,text_feeds:threatfox_c2,2026-09-28T14:15:58Z,CLEAR,0.5,c2;threatfox_c2,https://threatfox.abuse.ch/export/csv/recent/
url,https://sm.5-rt.org,text_feeds:threatfox_c2,2026-09-28T14:15:57Z,CLEAR,0.5,c2;threatfox_c2,https://threatfox.abuse.ch/export/csv/recent/
url,https://sm.hg77.org,text_feeds:threatfox_c2,2026-09-26T12:13:08Z,CLEAR,0.5,c2;threatfox_c2,https://threatfox.abuse.ch/export/csv/recent/
url,https://sm.v-panel.asia,text_feeds:threatfox_c2,2026-09-28T06:08:58Z,CLEAR,0.5,c2;threatfox_c2,https://threatfox.abuse.ch/export/csv/recent/
url,https://smashshape.com/nfront.php,text_feeds:threatfox_c2,2026-09-29T07:14:07Z,CLEAR,0.5,c2;threatfox_c2,https://threatfox.abuse.ch/export/csv/recent/
url,https://sss.fbdfsgfwrgerwefew.top,text_feeds:threatfox_c2,2026-08-28T16:03:23Z,CLEAR,0.5,c2;threatfox_c2,https://threatfox.abuse.ch/export/csv/recent/
url,https://steamcommunity.com/profiles/76561198633950250,text_feeds:threatfox_c2,2026-09-25T18:55:31Z,CLEAR,0.5,c2;threatfox_c2,https://threatfox.abuse.ch/export/csv/recent/
url,https://stratimasesstr.com/live,text_feeds:threatfox_c2,2024-10-22T13:56:40Z,CLEAR,0.5,c2;threatfox_c2,https://threatfox.abuse.ch/export/csv/recent/
url,https://stripplasst.com/live,text_feeds:threatfox_c2,2024-10-22T13:56:41Z,CLEAR,0.5,c2;threatfox_c2,https://threatfox.abuse.ch/export/csv/recent/
url,https://surun.info/nh1ykmf/qagxfjr/cc/cryptedt.ps1,text_feeds:threatfox_c2,2026-09-29T06:28:17Z,CLEAR,0.5,c2;threatfox_c2,https://threatfox.abuse.ch/export/csv/recent/
url,https://teaselnave.co/realm/role-layout.js,text_feeds:threatfox_c2,2026-09-29T10:54:24Z,CLEAR,0.5,c2;threatfox_c2,https://threatfox.abuse.ch/export/csv/recent/
url,https://techeducate.com,text_feeds:threatfox_c2,2026-09-28T02:00:45Z,CLEAR,0.5,c2;threatfox_c2,https://threatfox.abuse.ch/export/csv/recent/
url,https://telegram.me/j88hor,text_feeds:threatfox_c2,2026-09-25T18:55:29Z,CLEAR,0.5,c2;threatfox_c2,https://threatfox.abuse.ch/export/csv/recent/
url,https://testingcf.jsdelivr.net/gh/retwiry2536/9cc-a0b-7651b8ba-2-5bc-4-6/1307864a-7794-4095-a89c-241b322064bc,text_feeds:threatfox_c2,2026-09-27T23:17:14Z,CLEAR,0.5,c2;threatfox_c2,https://threatfox.abuse.ch/export/csv/recent/
url,https://thisisafalsepositive.st/shard/submitdata,text_feeds:threatfox_c2,2026-09-28T18:52:30Z,CLEAR,0.5,c2;threatfox_c2,https://threatfox.abuse.ch/export/csv/recent/
url,https://thisisafalsepositive.st/shard/submitdiscordinjection,text_feeds:threatfox_c2,2026-09-28T18:52:30Z,CLEAR,0.5,c2;threatfox_c2,https://threatfox.abuse.ch/export/csv/recent/
url,https://thisisafalsepositive.st/shard/submitfile,text_feeds:threatfox_c2,2026-09-28T18:52:30Z,CLEAR,0.5,c2;threatfox_c2,https://threatfox.abuse.ch/export/csv/recent/
url,https://thisisafalsepositive.st/shard/submitlogs,text_feeds:threatfox_c2,2026-09-28T18:52:29Z,CLEAR,0.5,c2;threatfox_c2,https://threatfox.abuse.ch/export/csv/recent/
url,https://thisisafalsepositive.st/shard/submitwallet,text_feeds:threatfox_c2,2026-09-28T18:52:30Z,CLEAR,0.5,c2;threatfox_c2,https://threatfox.abuse.ch/export/csv/recent/
url,https://thisisafalsepositive.st/shard/submitwalletfiles,text_feeds:threatfox_c2,2026-09-28T18:52:30Z,CLEAR,0.5,c2;threatfox_c2,https://threatfox.abuse.ch/export/csv/recent/
url,https://tr.27trans.org,text_feeds:threatfox_c2,2026-09-28T14:15:57Z,CLEAR,0.5,c2;threatfox_c2,https://threatfox.abuse.ch/export/csv/recent/
url,https://tr.5-rt.org,text_feeds:threatfox_c2,2026-09-28T14:15:57Z,CLEAR,0.5,c2;threatfox_c2,https://threatfox.abuse.ch/export/csv/recent/
url,https://tr.v-panel.asia,text_feeds:threatfox_c2,2026-09-28T12:51:18Z,CLEAR,0.5,c2;threatfox_c2,https://threatfox.abuse.ch/export/csv/recent/
url,https://usewayne.app/download/wayne-setup.exe,text_feeds:threatfox_c2,2026-09-29T18:41:18Z,CLEAR,0.5,c2;threatfox_c2,https://threatfox.abuse.ch/export/csv/recent/
url,https://verify.universalink.app/confidential_biometrics_verification_v536408.apk,text_feeds:threatfox_c2,2026-09-29T12:10:36Z,CLEAR,0.5,c2;threatfox_c2,https://threatfox.abuse.ch/export/csv/recent/
url,https://volanteomaleta.cl,text_feeds:threatfox_c2,2026-09-29T11:31:16Z,CLEAR,0.5,c2;threatfox_c2,https://threatfox.abuse.ch/export/csv/recent/
url,https://webpagehelp.online,text_feeds:threatfox_c2,2026-09-29T03:06:18Z,CLEAR,0.5,c2;threatfox_c2,https://threatfox.abuse.ch/export/csv/recent/
url,https://winarkamaps.com/live,text_feeds:threatfox_c2,2024-10-22T13:56:44Z,CLEAR,0.5,c2;threatfox_c2,https://threatfox.abuse.ch/export/csv/recent/
url,https://www.letsdiskuss.com/user/josephyoung69070,text_feeds:threatfox_c2,2026-09-28T06:09:19Z,CLEAR,0.5,c2;threatfox_c2,https://threatfox.abuse.ch/export/csv/recent/
url,https://xd.hg77.org,text_feeds:threatfox_c2,2026-09-20T16:36:19Z,CLEAR,0.5,c2;threatfox_c2,https://threatfox.abuse.ch/export/csv/recent/
url,https://xx.234-e.com,text_feeds:threatfox_c2,2026-09-26T15:32:09Z,CLEAR,0.5,c2;threatfox_c2,https://threatfox.abuse.ch/export/csv/recent/
url,https://xx.hg77.org,text_feeds:threatfox_c2,2026-09-26T12:13:08Z,CLEAR,0.5,c2;threatfox_c2,https://threatfox.abuse.ch/export/csv/recent/
url,https://yayapay.org/downloads/yayapay.apk,text_feeds:threatfox_c2,2026-09-28T15:32:50Z,CLEAR,0.5,c2;threatfox_c2,https://threatfox.abuse.ch/export/csv/recent/
url,https://ze.zk89.net,text_feeds:threatfox_c2,2026-09-26T12:13:08Z,CLEAR,0.5,c2;threatfox_c2,https://threatfox.abuse.ch/export/csv/recent/
