type,value,source,first_seen,tlp,confidence,tags,source_ref
domain,110digitech.com.au,text_feeds:threatfox_c2,2026-09-29T23:24:26Z,CLEAR,0.5,c2;threatfox_c2,https://threatfox.abuse.ch/export/csv/recent/
domain,317lights.com,text_feeds:threatfox_c2,2026-09-29T23:24:27Z,CLEAR,0.5,c2;threatfox_c2,https://threatfox.abuse.ch/export/csv/recent/
domain,467elita.workers.dev,text_feeds:threatfox_c2,2026-09-29T22:44:02Z,CLEAR,0.5,c2;threatfox_c2,https://threatfox.abuse.ch/export/csv/recent/
domain,4twellnesshub.co.tz,text_feeds:threatfox_c2,2026-09-30T11:19:18Z,CLEAR,0.5,c2;threatfox_c2,https://threatfox.abuse.ch/export/csv/recent/
domain,7801sensible.workers.dev,text_feeds:threatfox_c2,2026-09-29T22:38:58Z,CLEAR,0.5,c2;threatfox_c2,https://threatfox.abuse.ch/export/csv/recent/
domain,a-sam-design.com,text_feeds:threatfox_c2,2026-09-30T00:15:52Z,CLEAR,0.5,c2;threatfox_c2,https://threatfox.abuse.ch/export/csv/recent/
domain,abbaproyectosca.com,text_feeds:threatfox_c2,2026-09-29T23:24:29Z,CLEAR,0.5,c2;threatfox_c2,https://threatfox.abuse.ch/export/csv/recent/
domain,accucal.ae,text_feeds:threatfox_c2,2026-09-30T12:09:23Z,CLEAR,0.5,c2;threatfox_c2,https://threatfox.abuse.ch/export/csv/recent/
domain,adamgant.net,text_feeds:threatfox_c2,2026-09-29T23:24:28Z,CLEAR,0.5,c2;threatfox_c2,https://threatfox.abuse.ch/export/csv/recent/
domain,adrian-dubiel.com,text_feeds:threatfox_c2,2026-09-29T23:14:21Z,CLEAR,0.5,c2;threatfox_c2,https://threatfox.abuse.ch/export/csv/recent/
domain,adriandubiel.press,text_feeds:threatfox_c2,2026-09-29T23:14:21Z,CLEAR,0.5,c2;threatfox_c2,https://threatfox.abuse.ch/export/csv/recent/
domain,advensystem.lu,text_feeds:threatfox_c2,2026-09-29T23:14:20Z,CLEAR,0.5,c2;threatfox_c2,https://threatfox.abuse.ch/export/csv/recent/
domain,alicias-beauty.ch,text_feeds:threatfox_c2,2026-09-29T21:28:52Z,CLEAR,0.5,c2;threatfox_c2,https://threatfox.abuse.ch/export/csv/recent/
domain,alpicool.no,text_feeds:threatfox_c2,2026-09-29T22:54:17Z,CLEAR,0.5,c2;threatfox_c2,https://threatfox.abuse.ch/export/csv/recent/
domain,ambassadorolubejide.com,text_feeds:threatfox_c2,2026-09-26T09:24:29Z,CLEAR,0.5,c2;threatfox_c2,https://threatfox.abuse.ch/export/csv/recent/
domain,amonbeachresort.tsangroup.vn,text_feeds:threatfox_c2,2026-09-02T21:52:20Z,CLEAR,0.5,c2;threatfox_c2,https://threatfox.abuse.ch/export/csv/recent/
domain,anothershittytravelblog.com,text_feeds:threatfox_c2,2026-09-29T23:24:25Z,CLEAR,0.5,c2;threatfox_c2,https://threatfox.abuse.ch/export/csv/recent/
domain,anthoniaeg.com,text_feeds:threatfox_c2,2026-09-25T18:29:55Z,CLEAR,0.5,c2;threatfox_c2,https://threatfox.abuse.ch/export/csv/recent/
domain,aqiqahku.co.id,text_feeds:threatfox_c2,2026-09-30T00:15:52Z,CLEAR,0.5,c2;threatfox_c2,https://threatfox.abuse.ch/export/csv/recent/
domain,arcworld.de,text_feeds:threatfox_c2,2026-09-29T23:14:23Z,CLEAR,0.5,c2;threatfox_c2,https://threatfox.abuse.ch/export/csv/recent/
domain,ardaas.co.uk,text_feeds:threatfox_c2,2026-09-30T00:15:52Z,CLEAR,0.5,c2;threatfox_c2,https://threatfox.abuse.ch/export/csv/recent/
domain,awatoz.com,text_feeds:threatfox_c2,2026-09-30T00:15:51Z,CLEAR,0.5,c2;threatfox_c2,https://threatfox.abuse.ch/export/csv/recent/
domain,awilddream.com,text_feeds:threatfox_c2,2026-09-30T00:15:52Z,CLEAR,0.5,c2;threatfox_c2,https://threatfox.abuse.ch/export/csv/recent/
domain,barbosamaiaadvogados.com.br,text_feeds:threatfox_c2,2026-07-29T08:55:47Z,CLEAR,0.5,c2;threatfox_c2,https://threatfox.abuse.ch/export/csv/recent/
domain,bcsfab.com,text_feeds:threatfox_c2,2026-09-29T23:14:22Z,CLEAR,0.5,c2;threatfox_c2,https://threatfox.abuse.ch/export/csv/recent/
domain,beanblissltd.com,text_feeds:threatfox_c2,2026-09-30T00:15:51Z,CLEAR,0.5,c2;threatfox_c2,https://threatfox.abuse.ch/export/csv/recent/
domain,beautylabosielsko.pl,text_feeds:threatfox_c2,2026-09-29T23:24:27Z,CLEAR,0.5,c2;threatfox_c2,https://threatfox.abuse.ch/export/csv/recent/
domain,beravejy.workers.dev,text_feeds:threatfox_c2,2026-09-30T04:52:22Z,CLEAR,0.5,c2;threatfox_c2,https://threatfox.abuse.ch/export/csv/recent/
domain,birumut.org,text_feeds:threatfox_c2,2026-09-29T22:54:16Z,CLEAR,0.5,c2;threatfox_c2,https://threatfox.abuse.ch/export/csv/recent/
domain,bluroofing.com,text_feeds:threatfox_c2,2026-09-29T23:24:29Z,CLEAR,0.5,c2;threatfox_c2,https://threatfox.abuse.ch/export/csv/recent/
domain,bmrentcars.com,text_feeds:threatfox_c2,2026-09-03T05:40:02Z,CLEAR,0.5,c2;threatfox_c2,https://threatfox.abuse.ch/export/csv/recent/
domain,bomboclat.sbs,text_feeds:threatfox_c2,2026-09-30T05:49:21Z,CLEAR,0.5,c2;threatfox_c2,https://threatfox.abuse.ch/export/csv/recent/
domain,bossforward.org,text_feeds:threatfox_c2,2026-09-30T00:15:51Z,CLEAR,0.5,c2;threatfox_c2,https://threatfox.abuse.ch/export/csv/recent/
domain,bramptoncommercialkitchen.com,text_feeds:threatfox_c2,2026-09-30T00:15:52Z,CLEAR,0.5,c2;threatfox_c2,https://threatfox.abuse.ch/export/csv/recent/
domain,browscheck.codes,text_feeds:threatfox_c2,2026-09-30T11:04:12Z,CLEAR,0.5,c2;threatfox_c2,https://threatfox.abuse.ch/export/csv/recent/
domain,c2-products.com,text_feeds:threatfox_c2,2026-09-29T23:24:26Z,CLEAR,0.5,c2;threatfox_c2,https://threatfox.abuse.ch/export/csv/recent/
domain,candcins.com,text_feeds:threatfox_c2,2026-09-29T23:24:27Z,CLEAR,0.5,c2;threatfox_c2,https://threatfox.abuse.ch/export/csv/recent/
domain,careycustomhomes.com,text_feeds:threatfox_c2,2026-09-29T23:14:22Z,CLEAR,0.5,c2;threatfox_c2,https://threatfox.abuse.ch/export/csv/recent/
domain,casadastelegram.com,text_feeds:threatfox_c2,2026-09-30T00:15:52Z,CLEAR,0.5,c2;threatfox_c2,https://threatfox.abuse.ch/export/csv/recent/
domain,cenexmedical.com,text_feeds:threatfox_c2,2026-09-29T22:54:17Z,CLEAR,0.5,c2;threatfox_c2,https://threatfox.abuse.ch/export/csv/recent/
domain,centralizedconsultingllc.com,text_feeds:threatfox_c2,2026-09-30T00:15:51Z,CLEAR,0.5,c2;threatfox_c2,https://threatfox.abuse.ch/export/csv/recent/
domain,cenyrowu.workers.dev,text_feeds:threatfox_c2,2026-09-29T20:41:54Z,CLEAR,0.5,c2;threatfox_c2,https://threatfox.abuse.ch/export/csv/recent/
domain,chardikalaempowerment.com,text_feeds:threatfox_c2,2026-09-29T23:14:23Z,CLEAR,0.5,c2;threatfox_c2,https://threatfox.abuse.ch/export/csv/recent/
domain,chestnutgrovecapital.com,text_feeds:threatfox_c2,2026-09-29T23:24:28Z,CLEAR,0.5,c2;threatfox_c2,https://threatfox.abuse.ch/export/csv/recent/
domain,cledeschampsdunham.com,text_feeds:threatfox_c2,2026-09-25T18:29:55Z,CLEAR,0.5,c2;threatfox_c2,https://threatfox.abuse.ch/export/csv/recent/
domain,cobaltwave.cc,text_feeds:threatfox_c2,2026-09-30T06:42:51Z,CLEAR,0.5,c2;threatfox_c2,https://threatfox.abuse.ch/export/csv/recent/
domain,cobra-studio.co.il,text_feeds:threatfox_c2,2026-09-29T23:14:22Z,CLEAR,0.5,c2;threatfox_c2,https://threatfox.abuse.ch/export/csv/recent/
domain,coderockets.academy,text_feeds:threatfox_c2,2026-09-30T00:15:51Z,CLEAR,0.5,c2;threatfox_c2,https://threatfox.abuse.ch/export/csv/recent/
domain,commercialcleaningequipmentfinance.com.au,text_feeds:threatfox_c2,2026-09-25T18:29:55Z,CLEAR,0.5,c2;threatfox_c2,https://threatfox.abuse.ch/export/csv/recent/
domain,copperfern.cc,text_feeds:threatfox_c2,2026-09-30T06:42:52Z,CLEAR,0.5,c2;threatfox_c2,https://threatfox.abuse.ch/export/csv/recent/
domain,coreabilitycare.org,text_feeds:threatfox_c2,2026-09-29T23:04:19Z,CLEAR,0.5,c2;threatfox_c2,https://threatfox.abuse.ch/export/csv/recent/
domain,covypiha.workers.dev,text_feeds:threatfox_c2,2026-09-30T11:34:32Z,CLEAR,0.5,c2;threatfox_c2,https://threatfox.abuse.ch/export/csv/recent/
domain,craftedcollector.com,text_feeds:threatfox_c2,2026-09-29T23:14:24Z,CLEAR,0.5,c2;threatfox_c2,https://threatfox.abuse.ch/export/csv/recent/
domain,cuevasruraleseldescanso.es,text_feeds:threatfox_c2,2026-09-30T00:15:53Z,CLEAR,0.5,c2;threatfox_c2,https://threatfox.abuse.ch/export/csv/recent/
domain,cuoibebung.com,text_feeds:threatfox_c2,2026-09-25T18:29:55Z,CLEAR,0.5,c2;threatfox_c2,https://threatfox.abuse.ch/export/csv/recent/
domain,customguitarbuilder.com,text_feeds:threatfox_c2,2026-09-29T23:14:23Z,CLEAR,0.5,c2;threatfox_c2,https://threatfox.abuse.ch/export/csv/recent/
domain,cuxgarten.de,text_feeds:threatfox_c2,2026-09-29T22:54:16Z,CLEAR,0.5,c2;threatfox_c2,https://threatfox.abuse.ch/export/csv/recent/
domain,daggalma.com,text_feeds:threatfox_c2,2026-09-29T23:04:18Z,CLEAR,0.5,c2;threatfox_c2,https://threatfox.abuse.ch/export/csv/recent/
domain,ddebeni.edu.bo,text_feeds:threatfox_c2,2026-09-29T23:24:26Z,CLEAR,0.5,c2;threatfox_c2,https://threatfox.abuse.ch/export/csv/recent/
domain,ddhadvisory.com,text_feeds:threatfox_c2,2026-09-29T23:14:22Z,CLEAR,0.5,c2;threatfox_c2,https://threatfox.abuse.ch/export/csv/recent/
domain,de.neueonlinecasinos.co.uk,text_feeds:threatfox_c2,2026-09-25T18:13:18Z,CLEAR,0.5,c2;threatfox_c2,https://threatfox.abuse.ch/export/csv/recent/
domain,demsystem.org,text_feeds:threatfox_c2,2026-09-30T00:15:54Z,CLEAR,0.5,c2;threatfox_c2,https://threatfox.abuse.ch/export/csv/recent/
domain,deutsche-solar-boerse.de,text_feeds:threatfox_c2,2026-09-30T00:56:06Z,CLEAR,0.5,c2;threatfox_c2,https://threatfox.abuse.ch/export/csv/recent/
domain,dewahoki88gacor.org,text_feeds:threatfox_c2,2026-09-26T09:24:29Z,CLEAR,0.5,c2;threatfox_c2,https://threatfox.abuse.ch/export/csv/recent/
domain,digiconf.hu,text_feeds:threatfox_c2,2026-09-30T00:56:04Z,CLEAR,0.5,c2;threatfox_c2,https://threatfox.abuse.ch/export/csv/recent/
domain,digitalarise.com,text_feeds:threatfox_c2,2026-09-30T00:15:54Z,CLEAR,0.5,c2;threatfox_c2,https://threatfox.abuse.ch/export/csv/recent/
domain,digmorewells.com,text_feeds:threatfox_c2,2026-09-30T00:20:55Z,CLEAR,0.5,c2;threatfox_c2,https://threatfox.abuse.ch/export/csv/recent/
domain,diplo-mover.com,text_feeds:threatfox_c2,2026-09-30T00:15:53Z,CLEAR,0.5,c2;threatfox_c2,https://threatfox.abuse.ch/export/csv/recent/
domain,discoverfriuli.com,text_feeds:threatfox_c2,2026-09-30T00:15:54Z,CLEAR,0.5,c2;threatfox_c2,https://threatfox.abuse.ch/export/csv/recent/
domain,discoveryourmoneypersonality.com,text_feeds:threatfox_c2,2026-09-30T00:15:53Z,CLEAR,0.5,c2;threatfox_c2,https://threatfox.abuse.ch/export/csv/recent/
domain,dmac.in,text_feeds:threatfox_c2,2026-09-30T00:56:04Z,CLEAR,0.5,c2;threatfox_c2,https://threatfox.abuse.ch/export/csv/recent/
domain,donnahale.com,text_feeds:threatfox_c2,2026-09-30T00:15:53Z,CLEAR,0.5,c2;threatfox_c2,https://threatfox.abuse.ch/export/csv/recent/
domain,draget.nu,text_feeds:threatfox_c2,2026-09-30T02:02:26Z,CLEAR,0.5,c2;threatfox_c2,https://threatfox.abuse.ch/export/csv/recent/
domain,dramaacool.se,text_feeds:threatfox_c2,2026-09-30T00:56:06Z,CLEAR,0.5,c2;threatfox_c2,https://threatfox.abuse.ch/export/csv/recent/
domain,dreamwoods.com,text_feeds:threatfox_c2,2026-09-25T18:29:55Z,CLEAR,0.5,c2;threatfox_c2,https://threatfox.abuse.ch/export/csv/recent/
domain,duomegahair.com.br,text_feeds:threatfox_c2,2026-09-29T20:43:36Z,CLEAR,0.5,c2;threatfox_c2,https://threatfox.abuse.ch/export/csv/recent/
domain,duskrunner.cc,text_feeds:threatfox_c2,2026-09-30T06:42:52Z,CLEAR,0.5,c2;threatfox_c2,https://threatfox.abuse.ch/export/csv/recent/
domain,dustyfoxwindowcleaning.com,text_feeds:threatfox_c2,2026-09-30T02:02:28Z,CLEAR,0.5,c2;threatfox_c2,https://threatfox.abuse.ch/export/csv/recent/
domain,dy0iwfp0.privateautomation.com,text_feeds:threatfox_c2,2026-09-29T23:41:02Z,CLEAR,0.5,c2;threatfox_c2,https://threatfox.abuse.ch/export/csv/recent/
domain,eaglewinggulf.com,text_feeds:threatfox_c2,2026-09-29T21:23:49Z,CLEAR,0.5,c2;threatfox_c2,https://threatfox.abuse.ch/export/csv/recent/
domain,eclipseelectricalsllc.com,text_feeds:threatfox_c2,2026-09-30T03:07:58Z,CLEAR,0.5,c2;threatfox_c2,https://threatfox.abuse.ch/export/csv/recent/
domain,econergia.tec.br,text_feeds:threatfox_c2,2026-09-30T02:02:26Z,CLEAR,0.5,c2;threatfox_c2,https://threatfox.abuse.ch/export/csv/recent/
domain,eddiesready.com,text_feeds:threatfox_c2,2026-09-30T02:02:27Z,CLEAR,0.5,c2;threatfox_c2,https://threatfox.abuse.ch/export/csv/recent/
domain,edenresources.com,text_feeds:threatfox_c2,2026-09-30T00:56:07Z,CLEAR,0.5,c2;threatfox_c2,https://threatfox.abuse.ch/export/csv/recent/
domain,edufeeds.site,text_feeds:threatfox_c2,2026-09-30T02:02:26Z,CLEAR,0.5,c2;threatfox_c2,https://threatfox.abuse.ch/export/csv/recent/
domain,entresenderos.com,text_feeds:threatfox_c2,2026-09-30T03:07:58Z,CLEAR,0.5,c2;threatfox_c2,https://threatfox.abuse.ch/export/csv/recent/
domain,envct.com,text_feeds:threatfox_c2,2026-09-30T02:02:28Z,CLEAR,0.5,c2;threatfox_c2,https://threatfox.abuse.ch/export/csv/recent/
domain,epikchicken.com,text_feeds:threatfox_c2,2026-09-30T02:02:27Z,CLEAR,0.5,c2;threatfox_c2,https://threatfox.abuse.ch/export/csv/recent/
domain,eramservices.2-sa-sharepoint.com,text_feeds:threatfox_c2,2026-09-29T20:43:39Z,CLEAR,0.5,c2;threatfox_c2,https://threatfox.abuse.ch/export/csv/recent/
domain,fbxmedical.com,text_feeds:threatfox_c2,2026-09-30T02:02:27Z,CLEAR,0.5,c2;threatfox_c2,https://threatfox.abuse.ch/export/csv/recent/
domain,fggcbajoga.sch.ng,text_feeds:threatfox_c2,2026-09-30T02:02:25Z,CLEAR,0.5,c2;threatfox_c2,https://threatfox.abuse.ch/export/csv/recent/
domain,floraswinebar.com,text_feeds:threatfox_c2,2026-09-30T02:02:24Z,CLEAR,0.5,c2;threatfox_c2,https://threatfox.abuse.ch/export/csv/recent/
domain,foremost-financial.co.uk,text_feeds:threatfox_c2,2026-09-30T09:29:05Z,CLEAR,0.5,c2;threatfox_c2,https://threatfox.abuse.ch/export/csv/recent/
domain,forwardphysiopt.com,text_feeds:threatfox_c2,2026-09-30T00:56:05Z,CLEAR,0.5,c2;threatfox_c2,https://threatfox.abuse.ch/export/csv/recent/
domain,frameworkservice.online,text_feeds:threatfox_c2,2026-09-29T22:19:11Z,CLEAR,0.5,c2;threatfox_c2,https://threatfox.abuse.ch/export/csv/recent/
domain,friebe-elektrotechnik.de,text_feeds:threatfox_c2,2026-09-30T02:02:26Z,CLEAR,0.5,c2;threatfox_c2,https://threatfox.abuse.ch/export/csv/recent/
domain,galaxyau.ai,text_feeds:threatfox_c2,2026-09-29T21:23:47Z,CLEAR,0.5,c2;threatfox_c2,https://threatfox.abuse.ch/export/csv/recent/
domain,galaxyau.asia,text_feeds:threatfox_c2,2026-09-30T04:12:09Z,CLEAR,0.5,c2;threatfox_c2,https://threatfox.abuse.ch/export/csv/recent/
domain,galaxyau.biz,text_feeds:threatfox_c2,2026-09-30T04:12:08Z,CLEAR,0.5,c2;threatfox_c2,https://threatfox.abuse.ch/export/csv/recent/
domain,galaxyaus.com,text_feeds:threatfox_c2,2026-09-30T04:12:09Z,CLEAR,0.5,c2;threatfox_c2,https://threatfox.abuse.ch/export/csv/recent/
domain,galaxyaus.online,text_feeds:threatfox_c2,2026-09-30T04:12:09Z,CLEAR,0.5,c2;threatfox_c2,https://threatfox.abuse.ch/export/csv/recent/
domain,genericcorner.net,text_feeds:threatfox_c2,2026-09-26T09:24:29Z,CLEAR,0.5,c2;threatfox_c2,https://threatfox.abuse.ch/export/csv/recent/
domain,globalhomesolutionsandsupply.com,text_feeds:threatfox_c2,2026-09-30T00:56:05Z,CLEAR,0.5,c2;threatfox_c2,https://threatfox.abuse.ch/export/csv/recent/
domain,gob.sahuayomich.gob.mx,text_feeds:threatfox_c2,2026-09-30T02:02:25Z,CLEAR,0.5,c2;threatfox_c2,https://threatfox.abuse.ch/export/csv/recent/
domain,guncelmekanik.com,text_feeds:threatfox_c2,2026-09-30T02:02:28Z,CLEAR,0.5,c2;threatfox_c2,https://threatfox.abuse.ch/export/csv/recent/
domain,h1aqjs00.roxymigurdia.wiki,text_feeds:threatfox_c2,2026-09-29T23:38:32Z,CLEAR,0.5,c2;threatfox_c2,https://threatfox.abuse.ch/export/csv/recent/
domain,hafizhost.online,text_feeds:threatfox_c2,2026-09-30T03:07:58Z,CLEAR,0.5,c2;threatfox_c2,https://threatfox.abuse.ch/export/csv/recent/
domain,hahah1101.mom,text_feeds:threatfox_c2,2026-09-30T06:30:09Z,CLEAR,0.5,c2;threatfox_c2,https://threatfox.abuse.ch/export/csv/recent/
domain,heartandvascularimaging.com,text_feeds:threatfox_c2,2026-09-30T02:02:27Z,CLEAR,0.5,c2;threatfox_c2,https://threatfox.abuse.ch/export/csv/recent/
domain,helloworldscaffolding.com,text_feeds:threatfox_c2,2026-09-26T09:24:29Z,CLEAR,0.5,c2;threatfox_c2,https://threatfox.abuse.ch/export/csv/recent/
domain,herrikotaldeak.com,text_feeds:threatfox_c2,2026-09-25T18:29:55Z,CLEAR,0.5,c2;threatfox_c2,https://threatfox.abuse.ch/export/csv/recent/
domain,hersosi228.com,text_feeds:threatfox_c2,2026-09-30T04:18:34Z,CLEAR,0.5,c2;threatfox_c2,https://threatfox.abuse.ch/export/csv/recent/
domain,honeybeenursery.net,text_feeds:threatfox_c2,2026-07-26T20:17:55Z,CLEAR,0.5,c2;threatfox_c2,https://threatfox.abuse.ch/export/csv/recent/
domain,hotmess2hotness.com,text_feeds:threatfox_c2,2026-09-30T00:56:05Z,CLEAR,0.5,c2;threatfox_c2,https://threatfox.abuse.ch/export/csv/recent/
domain,hsiddiquemdpa.com,text_feeds:threatfox_c2,2026-09-26T09:24:30Z,CLEAR,0.5,c2;threatfox_c2,https://threatfox.abuse.ch/export/csv/recent/
domain,implica2.es,text_feeds:threatfox_c2,2026-09-30T02:02:25Z,CLEAR,0.5,c2;threatfox_c2,https://threatfox.abuse.ch/export/csv/recent/
domain,impressionist.ca,text_feeds:threatfox_c2,2026-09-30T00:56:07Z,CLEAR,0.5,c2;threatfox_c2,https://threatfox.abuse.ch/export/csv/recent/
domain,inform.company,text_feeds:threatfox_c2,2026-09-30T00:56:06Z,CLEAR,0.5,c2;threatfox_c2,https://threatfox.abuse.ch/export/csv/recent/
domain,initcomplv.ma,text_feeds:threatfox_c2,2026-09-26T09:24:30Z,CLEAR,0.5,c2;threatfox_c2,https://threatfox.abuse.ch/export/csv/recent/
domain,inkact.xyz,text_feeds:threatfox_c2,2026-09-30T08:09:57Z,CLEAR,0.5,c2;threatfox_c2,https://threatfox.abuse.ch/export/csv/recent/
domain,insightsevents.com,text_feeds:threatfox_c2,2026-09-30T00:56:05Z,CLEAR,0.5,c2;threatfox_c2,https://threatfox.abuse.ch/export/csv/recent/
domain,iqlj4q4v.kaarenorge.com,text_feeds:threatfox_c2,2026-09-30T04:11:08Z,CLEAR,0.5,c2;threatfox_c2,https://threatfox.abuse.ch/export/csv/recent/
domain,iqraquranacademy.com.pk,text_feeds:threatfox_c2,2026-09-30T00:56:06Z,CLEAR,0.5,c2;threatfox_c2,https://threatfox.abuse.ch/export/csv/recent/
domain,italpelle.com,text_feeds:threatfox_c2,2026-09-25T18:29:55Z,CLEAR,0.5,c2;threatfox_c2,https://threatfox.abuse.ch/export/csv/recent/
domain,jamescatledge.com,text_feeds:threatfox_c2,2026-09-30T02:02:25Z,CLEAR,0.5,c2;threatfox_c2,https://threatfox.abuse.ch/export/csv/recent/
domain,jazzwiresummit.com,text_feeds:threatfox_c2,2026-09-30T02:02:26Z,CLEAR,0.5,c2;threatfox_c2,https://threatfox.abuse.ch/export/csv/recent/
domain,jembyte.com,text_feeds:threatfox_c2,2026-09-30T02:02:27Z,CLEAR,0.5,c2;threatfox_c2,https://threatfox.abuse.ch/export/csv/recent/
domain,jenmd.com,text_feeds:threatfox_c2,2026-09-30T02:02:25Z,CLEAR,0.5,c2;threatfox_c2,https://threatfox.abuse.ch/export/csv/recent/
domain,joanperemassana.com,text_feeds:threatfox_c2,2026-09-25T18:13:19Z,CLEAR,0.5,c2;threatfox_c2,https://threatfox.abuse.ch/export/csv/recent/
domain,jyqao0zu.pattysole.com,text_feeds:threatfox_c2,2026-09-30T08:21:31Z,CLEAR,0.5,c2;threatfox_c2,https://threatfox.abuse.ch/export/csv/recent/
domain,karapuragro.com,text_feeds:threatfox_c2,2026-09-30T02:02:27Z,CLEAR,0.5,c2;threatfox_c2,https://threatfox.abuse.ch/export/csv/recent/
domain,keatinginvestment.com,text_feeds:threatfox_c2,2026-09-30T00:56:07Z,CLEAR,0.5,c2;threatfox_c2,https://threatfox.abuse.ch/export/csv/recent/
domain,kh2xtohh.rudeusgreyrat.my,text_feeds:threatfox_c2,2026-09-30T04:40:33Z,CLEAR,0.5,c2;threatfox_c2,https://threatfox.abuse.ch/export/csv/recent/
domain,kimiayehonar.com,text_feeds:threatfox_c2,2026-09-30T03:07:58Z,CLEAR,0.5,c2;threatfox_c2,https://threatfox.abuse.ch/export/csv/recent/
domain,klwindows.ie,text_feeds:threatfox_c2,2026-09-30T03:31:56Z,CLEAR,0.5,c2;threatfox_c2,https://threatfox.abuse.ch/export/csv/recent/
domain,knmdev.com,text_feeds:threatfox_c2,2026-09-30T03:31:55Z,CLEAR,0.5,c2;threatfox_c2,https://threatfox.abuse.ch/export/csv/recent/
domain,kohmaknoi.com,text_feeds:threatfox_c2,2026-09-30T03:07:59Z,CLEAR,0.5,c2;threatfox_c2,https://threatfox.abuse.ch/export/csv/recent/
domain,kopecky.family,text_feeds:threatfox_c2,2026-09-30T03:08:00Z,CLEAR,0.5,c2;threatfox_c2,https://threatfox.abuse.ch/export/csv/recent/
domain,kwwen7ef.imzural.info,text_feeds:threatfox_c2,2026-09-30T00:04:09Z,CLEAR,0.5,c2;threatfox_c2,https://threatfox.abuse.ch/export/csv/recent/
domain,lakatoslegal.com,text_feeds:threatfox_c2,2026-09-30T03:31:58Z,CLEAR,0.5,c2;threatfox_c2,https://threatfox.abuse.ch/export/csv/recent/
domain,lanternglow.cc,text_feeds:threatfox_c2,2026-09-30T06:42:52Z,CLEAR,0.5,c2;threatfox_c2,https://threatfox.abuse.ch/export/csv/recent/
domain,latransatdushaman.com,text_feeds:threatfox_c2,2026-09-27T15:55:46Z,CLEAR,0.5,c2;threatfox_c2,https://threatfox.abuse.ch/export/csv/recent/
domain,levula.workers.dev,text_feeds:threatfox_c2,2026-09-30T06:40:49Z,CLEAR,0.5,c2;threatfox_c2,https://threatfox.abuse.ch/export/csv/recent/
domain,lgcleanpro.vn,text_feeds:threatfox_c2,2026-09-30T03:31:57Z,CLEAR,0.5,c2;threatfox_c2,https://threatfox.abuse.ch/export/csv/recent/
domain,lianebastos.com,text_feeds:threatfox_c2,2026-09-30T03:08:01Z,CLEAR,0.5,c2;threatfox_c2,https://threatfox.abuse.ch/export/csv/recent/
domain,lipfa.lt,text_feeds:threatfox_c2,2026-09-30T03:08:01Z,CLEAR,0.5,c2;threatfox_c2,https://threatfox.abuse.ch/export/csv/recent/
domain,little-bird-1-wing.com,text_feeds:threatfox_c2,2026-09-30T03:31:56Z,CLEAR,0.5,c2;threatfox_c2,https://threatfox.abuse.ch/export/csv/recent/
domain,loandirect.us,text_feeds:threatfox_c2,2026-09-30T03:08:01Z,CLEAR,0.5,c2;threatfox_c2,https://threatfox.abuse.ch/export/csv/recent/
domain,logefanu.workers.dev,text_feeds:threatfox_c2,2026-09-30T02:42:57Z,CLEAR,0.5,c2;threatfox_c2,https://threatfox.abuse.ch/export/csv/recent/
domain,logosignshop.com,text_feeds:threatfox_c2,2026-09-30T03:07:59Z,CLEAR,0.5,c2;threatfox_c2,https://threatfox.abuse.ch/export/csv/recent/
domain,lunar-arc-birch-caum.icu,text_feeds:threatfox_c2,2026-09-29T21:12:44Z,CLEAR,0.5,c2;threatfox_c2,https://threatfox.abuse.ch/export/csv/recent/
domain,maelconsulting.com,text_feeds:threatfox_c2,2026-09-30T03:08:00Z,CLEAR,0.5,c2;threatfox_c2,https://threatfox.abuse.ch/export/csv/recent/
domain,malerealitycalc.com,text_feeds:threatfox_c2,2026-09-30T04:12:08Z,CLEAR,0.5,c2;threatfox_c2,https://threatfox.abuse.ch/export/csv/recent/
domain,malnadtv.com,text_feeds:threatfox_c2,2026-09-25T15:44:42Z,CLEAR,0.5,c2;threatfox_c2,https://threatfox.abuse.ch/export/csv/recent/
domain,marrakech-bestactivities.com,text_feeds:threatfox_c2,2026-09-25T18:29:55Z,CLEAR,0.5,c2;threatfox_c2,https://threatfox.abuse.ch/export/csv/recent/
domain,massageformula.com,text_feeds:threatfox_c2,2026-09-30T03:07:59Z,CLEAR,0.5,c2;threatfox_c2,https://threatfox.abuse.ch/export/csv/recent/
domain,masterconstrucciones.com.co,text_feeds:threatfox_c2,2026-09-30T09:30:27Z,CLEAR,0.5,c2;threatfox_c2,https://threatfox.abuse.ch/export/csv/recent/
domain,masterminddaycare.com,text_feeds:threatfox_c2,2026-09-30T03:07:59Z,CLEAR,0.5,c2;threatfox_c2,https://threatfox.abuse.ch/export/csv/recent/
domain,mcallendermatologist.com,text_feeds:threatfox_c2,2026-09-30T03:31:57Z,CLEAR,0.5,c2;threatfox_c2,https://threatfox.abuse.ch/export/csv/recent/
domain,mcdaniel-schouten.com,text_feeds:threatfox_c2,2026-09-30T03:08:00Z,CLEAR,0.5,c2;threatfox_c2,https://threatfox.abuse.ch/export/csv/recent/
domain,merchantshop.tech,text_feeds:threatfox_c2,2026-09-25T16:28:16Z,CLEAR,0.5,c2;threatfox_c2,https://threatfox.abuse.ch/export/csv/recent/
domain,mesquiterenovations.com,text_feeds:threatfox_c2,2026-09-30T03:07:59Z,CLEAR,0.5,c2;threatfox_c2,https://threatfox.abuse.ch/export/csv/recent/
domain,mg.fastanswerinc.club,text_feeds:threatfox_c2,2026-09-29T21:23:48Z,CLEAR,0.5,c2;threatfox_c2,https://threatfox.abuse.ch/export/csv/recent/
domain,mgzenterprises.com,text_feeds:threatfox_c2,2026-09-30T03:07:59Z,CLEAR,0.5,c2;threatfox_c2,https://threatfox.abuse.ch/export/csv/recent/
domain,mnfinancialsolutions.com,text_feeds:threatfox_c2,2026-09-30T03:08:00Z,CLEAR,0.5,c2;threatfox_c2,https://threatfox.abuse.ch/export/csv/recent/
domain,moisesgiraldo.com,text_feeds:threatfox_c2,2026-09-25T16:29:53Z,CLEAR,0.5,c2;threatfox_c2,https://threatfox.abuse.ch/export/csv/recent/
domain,mokoenaattorneys.co.za,text_feeds:threatfox_c2,2026-09-25T15:44:45Z,CLEAR,0.5,c2;threatfox_c2,https://threatfox.abuse.ch/export/csv/recent/
domain,mosobag.ir,text_feeds:threatfox_c2,2026-09-30T03:31:58Z,CLEAR,0.5,c2;threatfox_c2,https://threatfox.abuse.ch/export/csv/recent/
domain,mosswood.cc,text_feeds:threatfox_c2,2026-09-30T06:42:52Z,CLEAR,0.5,c2;threatfox_c2,https://threatfox.abuse.ch/export/csv/recent/
domain,motherload.me,text_feeds:threatfox_c2,2026-09-29T22:14:08Z,CLEAR,0.5,c2;threatfox_c2,https://threatfox.abuse.ch/export/csv/recent/
domain,mulgrewsfoodhall.com,text_feeds:threatfox_c2,2026-09-30T03:31:55Z,CLEAR,0.5,c2;threatfox_c2,https://threatfox.abuse.ch/export/csv/recent/
domain,mundonerdanimes.com,text_feeds:threatfox_c2,2026-09-30T03:31:58Z,CLEAR,0.5,c2;threatfox_c2,https://threatfox.abuse.ch/export/csv/recent/
domain,myhourglassproject.com,text_feeds:threatfox_c2,2026-09-30T03:07:59Z,CLEAR,0.5,c2;threatfox_c2,https://threatfox.abuse.ch/export/csv/recent/
domain,nanabread.net,text_feeds:threatfox_c2,2026-09-30T03:07:58Z,CLEAR,0.5,c2;threatfox_c2,https://threatfox.abuse.ch/export/csv/recent/
domain,naturallyouman.com,text_feeds:threatfox_c2,2026-09-30T03:31:56Z,CLEAR,0.5,c2;threatfox_c2,https://threatfox.abuse.ch/export/csv/recent/
domain,naturliebgaerten.de,text_feeds:threatfox_c2,2026-09-26T09:24:30Z,CLEAR,0.5,c2;threatfox_c2,https://threatfox.abuse.ch/export/csv/recent/
domain,navigategrowth.in,text_feeds:threatfox_c2,2026-09-30T03:31:58Z,CLEAR,0.5,c2;threatfox_c2,https://threatfox.abuse.ch/export/csv/recent/
domain,ndpcleaning.com,text_feeds:threatfox_c2,2026-09-30T03:08:01Z,CLEAR,0.5,c2;threatfox_c2,https://threatfox.abuse.ch/export/csv/recent/
domain,neuroevidencia.com.br,text_feeds:threatfox_c2,2026-09-25T16:07:04Z,CLEAR,0.5,c2;threatfox_c2,https://threatfox.abuse.ch/export/csv/recent/
domain,newcenturytrading.com,text_feeds:threatfox_c2,2026-05-02T06:32:15Z,CLEAR,0.5,c2;threatfox_c2,https://threatfox.abuse.ch/export/csv/recent/
domain,nexoroconnect.com,text_feeds:threatfox_c2,2026-09-30T04:12:08Z,CLEAR,0.5,c2;threatfox_c2,https://threatfox.abuse.ch/export/csv/recent/
domain,nghkijtlwqog.id.wasmer.app,text_feeds:threatfox_c2,2026-09-30T06:27:52Z,CLEAR,0.5,c2;threatfox_c2,https://threatfox.abuse.ch/export/csv/recent/
domain,nhakhoataysaigon.com,text_feeds:threatfox_c2,2026-09-25T16:28:16Z,CLEAR,0.5,c2;threatfox_c2,https://threatfox.abuse.ch/export/csv/recent/
domain,ninesgroup.com,text_feeds:threatfox_c2,2026-09-30T03:31:57Z,CLEAR,0.5,c2;threatfox_c2,https://threatfox.abuse.ch/export/csv/recent/
domain,novacarnes.com,text_feeds:threatfox_c2,2026-05-10T18:56:08Z,CLEAR,0.5,c2;threatfox_c2,https://threatfox.abuse.ch/export/csv/recent/
domain,nuevoboadilla.com,text_feeds:threatfox_c2,2026-09-30T03:31:55Z,CLEAR,0.5,c2;threatfox_c2,https://threatfox.abuse.ch/export/csv/recent/
domain,nupurmineral.com,text_feeds:threatfox_c2,2026-09-30T04:12:10Z,CLEAR,0.5,c2;threatfox_c2,https://threatfox.abuse.ch/export/csv/recent/
domain,nyclawexperts.com,text_feeds:threatfox_c2,2026-09-30T04:12:09Z,CLEAR,0.5,c2;threatfox_c2,https://threatfox.abuse.ch/export/csv/recent/
domain,oceanmedispa.com,text_feeds:threatfox_c2,2026-09-30T04:12:10Z,CLEAR,0.5,c2;threatfox_c2,https://threatfox.abuse.ch/export/csv/recent/
domain,oe808fbgbub.preview.infomaniak.website,text_feeds:threatfox_c2,2026-09-29T21:23:48Z,CLEAR,0.5,c2;threatfox_c2,https://threatfox.abuse.ch/export/csv/recent/
domain,offslime.com,text_feeds:threatfox_c2,2026-09-25T16:07:06Z,CLEAR,0.5,c2;threatfox_c2,https://threatfox.abuse.ch/export/csv/recent/
domain,olgamathey.com,text_feeds:threatfox_c2,2026-09-30T04:12:11Z,CLEAR,0.5,c2;threatfox_c2,https://threatfox.abuse.ch/export/csv/recent/
domain,onebouncebasketball.org,text_feeds:threatfox_c2,2026-09-30T04:12:11Z,CLEAR,0.5,c2;threatfox_c2,https://threatfox.abuse.ch/export/csv/recent/
domain,onelivinghope.net,text_feeds:threatfox_c2,2026-09-30T03:31:57Z,CLEAR,0.5,c2;threatfox_c2,https://threatfox.abuse.ch/export/csv/recent/
domain,orbis-asset.com,text_feeds:threatfox_c2,2026-09-30T04:17:12Z,CLEAR,0.5,c2;threatfox_c2,https://threatfox.abuse.ch/export/csv/recent/
domain,orospucocu.sbs,text_feeds:threatfox_c2,2026-09-26T06:20:21Z,CLEAR,0.5,c2;threatfox_c2,https://threatfox.abuse.ch/export/csv/recent/
domain,outdoorlightsoc.com,text_feeds:threatfox_c2,2026-09-30T05:27:32Z,CLEAR,0.5,c2;threatfox_c2,https://threatfox.abuse.ch/export/csv/recent/
domain,pakhshmoghaddam.ir,text_feeds:threatfox_c2,2026-09-30T04:37:21Z,CLEAR,0.5,c2;threatfox_c2,https://threatfox.abuse.ch/export/csv/recent/
domain,palefox.cc,text_feeds:threatfox_c2,2026-09-30T06:42:52Z,CLEAR,0.5,c2;threatfox_c2,https://threatfox.abuse.ch/export/csv/recent/
domain,pangaeaantiques.com,text_feeds:threatfox_c2,2026-09-30T04:12:11Z,CLEAR,0.5,c2;threatfox_c2,https://threatfox.abuse.ch/export/csv/recent/
domain,parfumerie-elegance.tn,text_feeds:threatfox_c2,2026-09-26T09:24:30Z,CLEAR,0.5,c2;threatfox_c2,https://threatfox.abuse.ch/export/csv/recent/
domain,parsmiamigroup.com,text_feeds:threatfox_c2,2026-09-30T05:27:32Z,CLEAR,0.5,c2;threatfox_c2,https://threatfox.abuse.ch/export/csv/recent/
domain,parsneginalborz.com,text_feeds:threatfox_c2,2026-09-30T05:27:32Z,CLEAR,0.5,c2;threatfox_c2,https://threatfox.abuse.ch/export/csv/recent/
domain,pdscustom.com,text_feeds:threatfox_c2,2026-09-30T04:37:21Z,CLEAR,0.5,c2;threatfox_c2,https://threatfox.abuse.ch/export/csv/recent/
domain,phitospectr.com,text_feeds:threatfox_c2,2026-09-30T04:37:20Z,CLEAR,0.5,c2;threatfox_c2,https://threatfox.abuse.ch/export/csv/recent/
domain,pillar3.ch,text_feeds:threatfox_c2,2026-09-30T06:27:52Z,CLEAR,0.5,c2;threatfox_c2,https://threatfox.abuse.ch/export/csv/recent/
domain,portretmetverve.com,text_feeds:threatfox_c2,2026-09-30T05:27:32Z,CLEAR,0.5,c2;threatfox_c2,https://threatfox.abuse.ch/export/csv/recent/
domain,privateautomation.com,text_feeds:threatfox_c2,2026-09-29T23:36:08Z,CLEAR,0.5,c2;threatfox_c2,https://threatfox.abuse.ch/export/csv/recent/
domain,pulmonary.ir,text_feeds:threatfox_c2,2026-09-30T05:27:33Z,CLEAR,0.5,c2;threatfox_c2,https://threatfox.abuse.ch/export/csv/recent/
domain,qjpf93vn.roseanne.id,text_feeds:threatfox_c2,2026-09-30T09:39:23Z,CLEAR,0.5,c2;threatfox_c2,https://threatfox.abuse.ch/export/csv/recent/
domain,qorigose.workers.dev,text_feeds:threatfox_c2,2026-09-30T07:36:27Z,CLEAR,0.5,c2;threatfox_c2,https://threatfox.abuse.ch/export/csv/recent/
domain,quemonoteves.com.mx,text_feeds:threatfox_c2,2026-09-25T16:28:17Z,CLEAR,0.5,c2;threatfox_c2,https://threatfox.abuse.ch/export/csv/recent/
domain,quietfox.cc,text_feeds:threatfox_c2,2026-09-30T06:42:52Z,CLEAR,0.5,c2;threatfox_c2,https://threatfox.abuse.ch/export/csv/recent/
domain,quiromasajistafernandopr.com,text_feeds:threatfox_c2,2026-09-25T16:28:17Z,CLEAR,0.5,c2;threatfox_c2,https://threatfox.abuse.ch/export/csv/recent/
domain,rabinpack.com,text_feeds:threatfox_c2,2026-09-29T21:23:48Z,CLEAR,0.5,c2;threatfox_c2,https://threatfox.abuse.ch/export/csv/recent/
domain,radhashok.com,text_feeds:threatfox_c2,2026-09-25T16:07:13Z,CLEAR,0.5,c2;threatfox_c2,https://threatfox.abuse.ch/export/csv/recent/
domain,radioamistadaucayacu.com,text_feeds:threatfox_c2,2026-05-12T14:57:40Z,CLEAR,0.5,c2;threatfox_c2,https://threatfox.abuse.ch/export/csv/recent/
domain,ramilio.eng.br,text_feeds:threatfox_c2,2026-09-30T05:27:31Z,CLEAR,0.5,c2;threatfox_c2,https://threatfox.abuse.ch/export/csv/recent/
domain,randsgn.com,text_feeds:threatfox_c2,2026-09-25T16:28:17Z,CLEAR,0.5,c2;threatfox_c2,https://threatfox.abuse.ch/export/csv/recent/
domain,raumgestaltung-hh.de,text_feeds:threatfox_c2,2026-09-25T16:28:17Z,CLEAR,0.5,c2;threatfox_c2,https://threatfox.abuse.ch/export/csv/recent/
domain,rawfoodlife.com,text_feeds:threatfox_c2,2026-09-25T16:28:17Z,CLEAR,0.5,c2;threatfox_c2,https://threatfox.abuse.ch/export/csv/recent/
domain,rc3bbq.com,text_feeds:threatfox_c2,2026-09-25T16:28:17Z,CLEAR,0.5,c2;threatfox_c2,https://threatfox.abuse.ch/export/csv/recent/
domain,realizeunlimited.com,text_feeds:threatfox_c2,2026-09-25T16:07:14Z,CLEAR,0.5,c2;threatfox_c2,https://threatfox.abuse.ch/export/csv/recent/
domain,rebeiroesantos.com,text_feeds:threatfox_c2,2026-09-25T16:07:14Z,CLEAR,0.5,c2;threatfox_c2,https://threatfox.abuse.ch/export/csv/recent/
domain,redtypedesign.com,text_feeds:threatfox_c2,2026-09-25T16:28:17Z,CLEAR,0.5,c2;threatfox_c2,https://threatfox.abuse.ch/export/csv/recent/
domain,ref-api.homefulia.com,text_feeds:threatfox_c2,2026-09-30T05:49:47Z,CLEAR,0.5,c2;threatfox_c2,https://threatfox.abuse.ch/export/csv/recent/
domain,registrabrasilreurb.com.br,text_feeds:threatfox_c2,2026-09-25T16:07:15Z,CLEAR,0.5,c2;threatfox_c2,https://threatfox.abuse.ch/export/csv/recent/
domain,reseau-regain.net,text_feeds:threatfox_c2,2026-09-25T16:07:15Z,CLEAR,0.5,c2;threatfox_c2,https://threatfox.abuse.ch/export/csv/recent/
domain,reseaurose.ca,text_feeds:threatfox_c2,2026-09-25T16:07:15Z,CLEAR,0.5,c2;threatfox_c2,https://threatfox.abuse.ch/export/csv/recent/
domain,resultfinder.in,text_feeds:threatfox_c2,2026-09-25T16:07:15Z,CLEAR,0.5,c2;threatfox_c2,https://threatfox.abuse.ch/export/csv/recent/
domain,resumewebinar.net,text_feeds:threatfox_c2,2026-09-30T04:37:20Z,CLEAR,0.5,c2;threatfox_c2,https://threatfox.abuse.ch/export/csv/recent/
domain,reunions-motivation.com,text_feeds:threatfox_c2,2026-09-25T16:07:15Z,CLEAR,0.5,c2;threatfox_c2,https://threatfox.abuse.ch/export/csv/recent/
domain,reviewmybusiness.com.au,text_feeds:threatfox_c2,2026-09-25T16:07:16Z,CLEAR,0.5,c2;threatfox_c2,https://threatfox.abuse.ch/export/csv/recent/
domain,revolutions.ai,text_feeds:threatfox_c2,2026-09-25T16:07:16Z,CLEAR,0.5,c2;threatfox_c2,https://threatfox.abuse.ch/export/csv/recent/
domain,rhinofencing.co.za,text_feeds:threatfox_c2,2026-09-25T16:28:18Z,CLEAR,0.5,c2;threatfox_c2,https://threatfox.abuse.ch/export/csv/recent/
domain,rightawaycuttingcoring.com,text_feeds:threatfox_c2,2026-09-30T04:37:18Z,CLEAR,0.5,c2;threatfox_c2,https://threatfox.abuse.ch/export/csv/recent/
domain,rjwz.ydns.eu,text_feeds:threatfox_c2,2025-09-30T18:00:48Z,CLEAR,0.5,c2;threatfox_c2,https://threatfox.abuse.ch/export/csv/recent/
domain,rodsarglass.com,text_feeds:threatfox_c2,2026-09-30T05:27:32Z,CLEAR,0.5,c2;threatfox_c2,https://threatfox.abuse.ch/export/csv/recent/
domain,roisoftwaresolution.com,text_feeds:threatfox_c2,2026-09-25T16:28:18Z,CLEAR,0.5,c2;threatfox_c2,https://threatfox.abuse.ch/export/csv/recent/
domain,rolity.workers.dev,text_feeds:threatfox_c2,2026-09-30T07:42:52Z,CLEAR,0.5,c2;threatfox_c2,https://threatfox.abuse.ch/export/csv/recent/
domain,royalalco.com,text_feeds:threatfox_c2,2026-09-25T16:29:54Z,CLEAR,0.5,c2;threatfox_c2,https://threatfox.abuse.ch/export/csv/recent/
domain,rr88.cx,text_feeds:threatfox_c2,2026-09-25T16:29:54Z,CLEAR,0.5,c2;threatfox_c2,https://threatfox.abuse.ch/export/csv/recent/
domain,rsr38sz9nj.workers.dev,text_feeds:threatfox_c2,2026-09-29T20:47:24Z,CLEAR,0.5,c2;threatfox_c2,https://threatfox.abuse.ch/export/csv/recent/
domain,rsventure.in,text_feeds:threatfox_c2,2026-09-25T16:07:17Z,CLEAR,0.5,c2;threatfox_c2,https://threatfox.abuse.ch/export/csv/recent/
domain,rtohomesandland.com,text_feeds:threatfox_c2,2026-09-25T16:07:17Z,CLEAR,0.5,c2;threatfox_c2,https://threatfox.abuse.ch/export/csv/recent/
domain,rufbud.com.au,text_feeds:threatfox_c2,2026-09-30T05:27:33Z,CLEAR,0.5,c2;threatfox_c2,https://threatfox.abuse.ch/export/csv/recent/
domain,sa888.bar,text_feeds:threatfox_c2,2026-09-25T16:29:54Z,CLEAR,0.5,c2;threatfox_c2,https://threatfox.abuse.ch/export/csv/recent/
domain,saboragloria.co,text_feeds:threatfox_c2,2026-09-25T16:28:18Z,CLEAR,0.5,c2;threatfox_c2,https://threatfox.abuse.ch/export/csv/recent/
domain,saintdiamonds.ca,text_feeds:threatfox_c2,2026-09-30T04:37:19Z,CLEAR,0.5,c2;threatfox_c2,https://threatfox.abuse.ch/export/csv/recent/
domain,salesianivercelli.it,text_feeds:threatfox_c2,2026-09-30T04:37:18Z,CLEAR,0.5,c2;threatfox_c2,https://threatfox.abuse.ch/export/csv/recent/
domain,saltandlightfoundation.net,text_feeds:threatfox_c2,2026-09-30T04:37:21Z,CLEAR,0.5,c2;threatfox_c2,https://threatfox.abuse.ch/export/csv/recent/
domain,sam-group.ir,text_feeds:threatfox_c2,2026-09-30T05:27:31Z,CLEAR,0.5,c2;threatfox_c2,https://threatfox.abuse.ch/export/csv/recent/
domain,saquibasyedmd.com,text_feeds:threatfox_c2,2026-09-30T04:37:22Z,CLEAR,0.5,c2;threatfox_c2,https://threatfox.abuse.ch/export/csv/recent/
domain,sbcapp.ca,text_feeds:threatfox_c2,2026-09-30T05:27:34Z,CLEAR,0.5,c2;threatfox_c2,https://threatfox.abuse.ch/export/csv/recent/
domain,scannerveicoli.it,text_feeds:threatfox_c2,2026-09-25T16:29:55Z,CLEAR,0.5,c2;threatfox_c2,https://threatfox.abuse.ch/export/csv/recent/
domain,sdhmalahrastice.cz,text_feeds:threatfox_c2,2026-09-25T16:07:19Z,CLEAR,0.5,c2;threatfox_c2,https://threatfox.abuse.ch/export/csv/recent/
domain,sharonrich.com,text_feeds:threatfox_c2,2026-09-30T05:27:31Z,CLEAR,0.5,c2;threatfox_c2,https://threatfox.abuse.ch/export/csv/recent/
domain,shihabnotion.com,text_feeds:threatfox_c2,2026-09-30T05:27:32Z,CLEAR,0.5,c2;threatfox_c2,https://threatfox.abuse.ch/export/csv/recent/
domain,shopeverythingfourtwentyfour.com,text_feeds:threatfox_c2,2026-09-30T05:27:31Z,CLEAR,0.5,c2;threatfox_c2,https://threatfox.abuse.ch/export/csv/recent/
domain,siauliaifez.lt,text_feeds:threatfox_c2,2026-09-30T04:37:20Z,CLEAR,0.5,c2;threatfox_c2,https://threatfox.abuse.ch/export/csv/recent/
domain,siperco.com,text_feeds:threatfox_c2,2026-09-30T04:37:19Z,CLEAR,0.5,c2;threatfox_c2,https://threatfox.abuse.ch/export/csv/recent/
domain,smartbuygh.store,text_feeds:threatfox_c2,2026-09-30T04:37:20Z,CLEAR,0.5,c2;threatfox_c2,https://threatfox.abuse.ch/export/csv/recent/
domain,smokee.ch,text_feeds:threatfox_c2,2026-09-30T06:27:52Z,CLEAR,0.5,c2;threatfox_c2,https://threatfox.abuse.ch/export/csv/recent/
domain,socasualinc.com,text_feeds:threatfox_c2,2026-09-30T05:27:33Z,CLEAR,0.5,c2;threatfox_c2,https://threatfox.abuse.ch/export/csv/recent/
domain,socoby.com,text_feeds:threatfox_c2,2026-09-30T05:27:31Z,CLEAR,0.5,c2;threatfox_c2,https://threatfox.abuse.ch/export/csv/recent/
domain,sosiska228.net,text_feeds:threatfox_c2,2026-09-30T08:04:31Z,CLEAR,0.5,c2;threatfox_c2,https://threatfox.abuse.ch/export/csv/recent/
domain,soulintelligence.art,text_feeds:threatfox_c2,2026-09-30T04:37:20Z,CLEAR,0.5,c2;threatfox_c2,https://threatfox.abuse.ch/export/csv/recent/
domain,sports-x.com.au,text_feeds:threatfox_c2,2026-09-30T05:37:38Z,CLEAR,0.5,c2;threatfox_c2,https://threatfox.abuse.ch/export/csv/recent/
domain,stanrdardreserve.xyz,text_feeds:threatfox_c2,2026-09-25T15:04:00Z,CLEAR,0.5,c2;threatfox_c2,https://threatfox.abuse.ch/export/csv/recent/
domain,starkiddoschildcare.com,text_feeds:threatfox_c2,2026-09-30T04:37:19Z,CLEAR,0.5,c2;threatfox_c2,https://threatfox.abuse.ch/export/csv/recent/
domain,strategichealth.info,text_feeds:threatfox_c2,2026-09-30T04:37:21Z,CLEAR,0.5,c2;threatfox_c2,https://threatfox.abuse.ch/export/csv/recent/
domain,sts.ch,text_feeds:threatfox_c2,2026-09-29T21:23:48Z,CLEAR,0.5,c2;threatfox_c2,https://threatfox.abuse.ch/export/csv/recent/
domain,summit-accelerator.com,text_feeds:threatfox_c2,2026-09-30T04:37:19Z,CLEAR,0.5,c2;threatfox_c2,https://threatfox.abuse.ch/export/csv/recent/
domain,sunstonekeystone.info,text_feeds:threatfox_c2,2026-09-30T10:22:24Z,CLEAR,0.5,c2;threatfox_c2,https://threatfox.abuse.ch/export/csv/recent/
domain,svecindia.in,text_feeds:threatfox_c2,2026-09-30T05:27:33Z,CLEAR,0.5,c2;threatfox_c2,https://threatfox.abuse.ch/export/csv/recent/
domain,svitlolink.com,text_feeds:threatfox_c2,2026-09-30T04:12:11Z,CLEAR,0.5,c2;threatfox_c2,https://threatfox.abuse.ch/export/csv/recent/
domain,tabascosocialmediaforms.com,text_feeds:threatfox_c2,2026-09-30T04:37:21Z,CLEAR,0.5,c2;threatfox_c2,https://threatfox.abuse.ch/export/csv/recent/
domain,tadola.id,text_feeds:threatfox_c2,2026-09-25T18:13:19Z,CLEAR,0.5,c2;threatfox_c2,https://threatfox.abuse.ch/export/csv/recent/
domain,tcappliancerepair.com,text_feeds:threatfox_c2,2026-09-30T04:37:19Z,CLEAR,0.5,c2;threatfox_c2,https://threatfox.abuse.ch/export/csv/recent/
domain,telegramsexo.com.br,text_feeds:threatfox_c2,2026-09-30T05:27:34Z,CLEAR,0.5,c2;threatfox_c2,https://threatfox.abuse.ch/export/csv/recent/
domain,thefarmkitchen.mom,text_feeds:threatfox_c2,2026-09-30T04:37:18Z,CLEAR,0.5,c2;threatfox_c2,https://threatfox.abuse.ch/export/csv/recent/
domain,thegraftband.com,text_feeds:threatfox_c2,2026-09-30T04:37:21Z,CLEAR,0.5,c2;threatfox_c2,https://threatfox.abuse.ch/export/csv/recent/
domain,themarshalltaxgroup.com,text_feeds:threatfox_c2,2026-09-30T04:12:11Z,CLEAR,0.5,c2;threatfox_c2,https://threatfox.abuse.ch/export/csv/recent/
domain,thepositivepsychologist.com,text_feeds:threatfox_c2,2026-09-30T05:27:34Z,CLEAR,0.5,c2;threatfox_c2,https://threatfox.abuse.ch/export/csv/recent/
domain,third-party.com,text_feeds:threatfox_c2,2026-07-07T05:22:24Z,CLEAR,0.5,c2;threatfox_c2,https://threatfox.abuse.ch/export/csv/recent/
domain,timeseng.com,text_feeds:threatfox_c2,2026-09-30T06:12:43Z,CLEAR,0.5,c2;threatfox_c2,https://threatfox.abuse.ch/export/csv/recent/
domain,tobeware.it,text_feeds:threatfox_c2,2026-09-30T06:12:45Z,CLEAR,0.5,c2;threatfox_c2,https://threatfox.abuse.ch/export/csv/recent/
domain,tokoakibandung.com,text_feeds:threatfox_c2,2026-09-30T05:37:38Z,CLEAR,0.5,c2;threatfox_c2,https://threatfox.abuse.ch/export/csv/recent/
domain,toorconcrete.com,text_feeds:threatfox_c2,2026-09-30T06:12:46Z,CLEAR,0.5,c2;threatfox_c2,https://threatfox.abuse.ch/export/csv/recent/
domain,tpioa51214.workers.dev,text_feeds:threatfox_c2,2026-09-30T06:48:13Z,CLEAR,0.5,c2;threatfox_c2,https://threatfox.abuse.ch/export/csv/recent/
domain,travel4u.ch,text_feeds:threatfox_c2,2026-09-29T21:23:49Z,CLEAR,0.5,c2;threatfox_c2,https://threatfox.abuse.ch/export/csv/recent/
domain,trendcapdigital.com,text_feeds:threatfox_c2,2026-09-30T05:27:33Z,CLEAR,0.5,c2;threatfox_c2,https://threatfox.abuse.ch/export/csv/recent/
domain,tripsandtours.com,text_feeds:threatfox_c2,2026-09-30T05:27:33Z,CLEAR,0.5,c2;threatfox_c2,https://threatfox.abuse.ch/export/csv/recent/
domain,udderlyfinesoap.com,text_feeds:threatfox_c2,2026-09-30T06:12:45Z,CLEAR,0.5,c2;threatfox_c2,https://threatfox.abuse.ch/export/csv/recent/
domain,unicoop.com.py,text_feeds:threatfox_c2,2026-09-30T06:12:45Z,CLEAR,0.5,c2;threatfox_c2,https://threatfox.abuse.ch/export/csv/recent/
domain,v0qaffsvgt.workers.dev,text_feeds:threatfox_c2,2026-09-30T02:44:57Z,CLEAR,0.5,c2;threatfox_c2,https://threatfox.abuse.ch/export/csv/recent/
domain,vanuqa.workers.dev,text_feeds:threatfox_c2,2026-09-30T00:50:26Z,CLEAR,0.5,c2;threatfox_c2,https://threatfox.abuse.ch/export/csv/recent/
domain,vascarta.com,text_feeds:threatfox_c2,2026-09-30T06:12:46Z,CLEAR,0.5,c2;threatfox_c2,https://threatfox.abuse.ch/export/csv/recent/
domain,vazadostelegram.net,text_feeds:threatfox_c2,2026-09-30T06:12:44Z,CLEAR,0.5,c2;threatfox_c2,https://threatfox.abuse.ch/export/csv/recent/
domain,vintiquatre.com,text_feeds:threatfox_c2,2026-09-30T06:12:44Z,CLEAR,0.5,c2;threatfox_c2,https://threatfox.abuse.ch/export/csv/recent/
domain,violetunlimited.com,text_feeds:threatfox_c2,2026-09-30T06:12:45Z,CLEAR,0.5,c2;threatfox_c2,https://threatfox.abuse.ch/export/csv/recent/
domain,virtuozai.lt,text_feeds:threatfox_c2,2026-09-30T06:12:45Z,CLEAR,0.5,c2;threatfox_c2,https://threatfox.abuse.ch/export/csv/recent/
domain,voltinvestissement.fr,text_feeds:threatfox_c2,2026-09-30T06:12:48Z,CLEAR,0.5,c2;threatfox_c2,https://threatfox.abuse.ch/export/csv/recent/
domain,vqi7tu34zp.workers.dev,text_feeds:threatfox_c2,2026-09-30T00:43:21Z,CLEAR,0.5,c2;threatfox_c2,https://threatfox.abuse.ch/export/csv/recent/
domain,waldhotel-auerhahn.com,text_feeds:threatfox_c2,2026-09-30T06:12:47Z,CLEAR,0.5,c2;threatfox_c2,https://threatfox.abuse.ch/export/csv/recent/
domain,wattcruise.com,text_feeds:threatfox_c2,2026-09-30T06:27:51Z,CLEAR,0.5,c2;threatfox_c2,https://threatfox.abuse.ch/export/csv/recent/
domain,wealtcomllc.com,text_feeds:threatfox_c2,2026-09-30T09:56:59Z,CLEAR,0.5,c2;threatfox_c2,https://threatfox.abuse.ch/export/csv/recent/
domain,webappix.fr,text_feeds:threatfox_c2,2026-09-30T06:27:52Z,CLEAR,0.5,c2;threatfox_c2,https://threatfox.abuse.ch/export/csv/recent/
domain,who022h5.sallysprattstudio.com,text_feeds:threatfox_c2,2026-09-30T09:39:35Z,CLEAR,0.5,c2;threatfox_c2,https://threatfox.abuse.ch/export/csv/recent/
domain,wlmvtex3.pulsasoft.com,text_feeds:threatfox_c2,2026-09-30T04:38:54Z,CLEAR,0.5,c2;threatfox_c2,https://threatfox.abuse.ch/export/csv/recent/
domain,worldleaders-training.com,text_feeds:threatfox_c2,2026-09-30T06:12:47Z,CLEAR,0.5,c2;threatfox_c2,https://threatfox.abuse.ch/export/csv/recent/
domain,wowifytech.com,text_feeds:threatfox_c2,2026-09-30T06:12:47Z,CLEAR,0.5,c2;threatfox_c2,https://threatfox.abuse.ch/export/csv/recent/
domain,5g-become.eu,text_feeds:threatfox_c2,2026-09-30T00:56:03Z,CLEAR,0.5,c2;threatfox_c2,https://threatfox.abuse.ch/export/csv/recent/
domain,airisktoday.com,text_feeds:threatfox_c2,2026-09-30T00:15:53Z,CLEAR,0.5,c2;threatfox_c2,https://threatfox.abuse.ch/export/csv/recent/
domain,alffoundation.us,text_feeds:threatfox_c2,2026-09-30T00:56:04Z,CLEAR,0.5,c2;threatfox_c2,https://threatfox.abuse.ch/export/csv/recent/
domain,anticapianella.com,text_feeds:threatfox_c2,2026-09-30T00:56:04Z,CLEAR,0.5,c2;threatfox_c2,https://threatfox.abuse.ch/export/csv/recent/
domain,antudo.info,text_feeds:threatfox_c2,2026-09-30T00:15:54Z,CLEAR,0.5,c2;threatfox_c2,https://threatfox.abuse.ch/export/csv/recent/
domain,apnaskiphireltd.com,text_feeds:threatfox_c2,2026-09-30T00:56:06Z,CLEAR,0.5,c2;threatfox_c2,https://threatfox.abuse.ch/export/csv/recent/
domain,auto-passion-services.fr,text_feeds:threatfox_c2,2026-09-30T00:15:53Z,CLEAR,0.5,c2;threatfox_c2,https://threatfox.abuse.ch/export/csv/recent/
domain,bedandbreakfastetma.com,text_feeds:threatfox_c2,2026-09-30T00:15:55Z,CLEAR,0.5,c2;threatfox_c2,https://threatfox.abuse.ch/export/csv/recent/
domain,black-tower.cz,text_feeds:threatfox_c2,2026-09-30T00:56:05Z,CLEAR,0.5,c2;threatfox_c2,https://threatfox.abuse.ch/export/csv/recent/
domain,bogheseammentos.org,text_feeds:threatfox_c2,2026-09-30T00:56:04Z,CLEAR,0.5,c2;threatfox_c2,https://threatfox.abuse.ch/export/csv/recent/
domain,casenet.com.br,text_feeds:threatfox_c2,2026-09-30T00:56:03Z,CLEAR,0.5,c2;threatfox_c2,https://threatfox.abuse.ch/export/csv/recent/
domain,cloverhillgatelodge.com,text_feeds:threatfox_c2,2026-09-30T00:15:53Z,CLEAR,0.5,c2;threatfox_c2,https://threatfox.abuse.ch/export/csv/recent/
domain,collegegardens.org,text_feeds:threatfox_c2,2026-09-30T00:15:54Z,CLEAR,0.5,c2;threatfox_c2,https://threatfox.abuse.ch/export/csv/recent/
domain,corsiscuola.eu,text_feeds:threatfox_c2,2026-09-30T00:56:03Z,CLEAR,0.5,c2;threatfox_c2,https://threatfox.abuse.ch/export/csv/recent/
domain,depannage-porte-sectionnelle.com,text_feeds:threatfox_c2,2026-09-30T00:56:04Z,CLEAR,0.5,c2;threatfox_c2,https://threatfox.abuse.ch/export/csv/recent/
domain,durs.nl,text_feeds:threatfox_c2,2026-09-30T03:31:58Z,CLEAR,0.5,c2;threatfox_c2,https://threatfox.abuse.ch/export/csv/recent/
domain,energyforecastingsolutions.com,text_feeds:threatfox_c2,2026-09-30T03:31:57Z,CLEAR,0.5,c2;threatfox_c2,https://threatfox.abuse.ch/export/csv/recent/
domain,escodaadvocats.com,text_feeds:threatfox_c2,2026-09-25T18:29:55Z,CLEAR,0.5,c2;threatfox_c2,https://threatfox.abuse.ch/export/csv/recent/
domain,fdpi.com.au,text_feeds:threatfox_c2,2026-09-30T03:31:56Z,CLEAR,0.5,c2;threatfox_c2,https://threatfox.abuse.ch/export/csv/recent/
domain,fitnessstudiopk.com,text_feeds:threatfox_c2,2026-09-30T03:08:00Z,CLEAR,0.5,c2;threatfox_c2,https://threatfox.abuse.ch/export/csv/recent/
domain,fungazen.com,text_feeds:threatfox_c2,2026-09-30T03:08:01Z,CLEAR,0.5,c2;threatfox_c2,https://threatfox.abuse.ch/export/csv/recent/
domain,globalforumhealth.org,text_feeds:threatfox_c2,2026-09-30T03:08:00Z,CLEAR,0.5,c2;threatfox_c2,https://threatfox.abuse.ch/export/csv/recent/
domain,igu-hr-comm.org,text_feeds:threatfox_c2,2026-09-30T03:31:56Z,CLEAR,0.5,c2;threatfox_c2,https://threatfox.abuse.ch/export/csv/recent/
domain,irreno.com,text_feeds:threatfox_c2,2026-09-30T04:12:08Z,CLEAR,0.5,c2;threatfox_c2,https://threatfox.abuse.ch/export/csv/recent/
domain,itlgroupdubai.com,text_feeds:threatfox_c2,2026-09-30T03:31:55Z,CLEAR,0.5,c2;threatfox_c2,https://threatfox.abuse.ch/export/csv/recent/
domain,joanacosta.ca,text_feeds:threatfox_c2,2026-09-29T21:23:49Z,CLEAR,0.5,c2;threatfox_c2,https://threatfox.abuse.ch/export/csv/recent/
domain,kelemerbrothers.com,text_feeds:threatfox_c2,2026-09-30T04:12:09Z,CLEAR,0.5,c2;threatfox_c2,https://threatfox.abuse.ch/export/csv/recent/
domain,labrujafm.com,text_feeds:threatfox_c2,2026-09-30T04:12:09Z,CLEAR,0.5,c2;threatfox_c2,https://threatfox.abuse.ch/export/csv/recent/
domain,labyrinthofenchantment.com,text_feeds:threatfox_c2,2026-09-30T04:12:09Z,CLEAR,0.5,c2;threatfox_c2,https://threatfox.abuse.ch/export/csv/recent/
domain,ladespensademaceo.es,text_feeds:threatfox_c2,2026-09-30T04:12:10Z,CLEAR,0.5,c2;threatfox_c2,https://threatfox.abuse.ch/export/csv/recent/
domain,lcdr.tech,text_feeds:threatfox_c2,2026-09-30T04:12:10Z,CLEAR,0.5,c2;threatfox_c2,https://threatfox.abuse.ch/export/csv/recent/
domain,maccabi-optic.co.il,text_feeds:threatfox_c2,2026-09-30T03:31:57Z,CLEAR,0.5,c2;threatfox_c2,https://threatfox.abuse.ch/export/csv/recent/
domain,mikaelbulow.se,text_feeds:threatfox_c2,2026-09-30T04:12:10Z,CLEAR,0.5,c2;threatfox_c2,https://threatfox.abuse.ch/export/csv/recent/
domain,orionbridges.com,text_feeds:threatfox_c2,2026-09-30T06:12:45Z,CLEAR,0.5,c2;threatfox_c2,https://threatfox.abuse.ch/export/csv/recent/
domain,phytonaturelle.nl,text_feeds:threatfox_c2,2026-09-30T05:37:38Z,CLEAR,0.5,c2;threatfox_c2,https://threatfox.abuse.ch/export/csv/recent/
domain,rideaux-metalliques-lille.com,text_feeds:threatfox_c2,2026-09-30T05:37:38Z,CLEAR,0.5,c2;threatfox_c2,https://threatfox.abuse.ch/export/csv/recent/
domain,rideaux-metalliques-strasbourg.com,text_feeds:threatfox_c2,2026-09-30T06:12:44Z,CLEAR,0.5,c2;threatfox_c2,https://threatfox.abuse.ch/export/csv/recent/
domain,rrozz.com,text_feeds:threatfox_c2,2026-09-30T06:12:46Z,CLEAR,0.5,c2;threatfox_c2,https://threatfox.abuse.ch/export/csv/recent/
domain,sarriaexperience.com,text_feeds:threatfox_c2,2026-09-30T05:37:38Z,CLEAR,0.5,c2;threatfox_c2,https://threatfox.abuse.ch/export/csv/recent/
domain,satellitefarmers.com,text_feeds:threatfox_c2,2026-09-30T06:12:47Z,CLEAR,0.5,c2;threatfox_c2,https://threatfox.abuse.ch/export/csv/recent/
domain,spaziofrattotempo.it,text_feeds:threatfox_c2,2026-09-30T06:12:44Z,CLEAR,0.5,c2;threatfox_c2,https://threatfox.abuse.ch/export/csv/recent/
domain,spicemerchant.co.uk,text_feeds:threatfox_c2,2026-09-30T06:12:46Z,CLEAR,0.5,c2;threatfox_c2,https://threatfox.abuse.ch/export/csv/recent/
domain,stoccareddo.it,text_feeds:threatfox_c2,2026-09-30T06:12:44Z,CLEAR,0.5,c2;threatfox_c2,https://threatfox.abuse.ch/export/csv/recent/
domain,thecreatorangel.com,text_feeds:threatfox_c2,2026-09-30T06:12:46Z,CLEAR,0.5,c2;threatfox_c2,https://threatfox.abuse.ch/export/csv/recent/
domain,ukcinemacompany.com,text_feeds:threatfox_c2,2026-09-30T06:27:51Z,CLEAR,0.5,c2;threatfox_c2,https://threatfox.abuse.ch/export/csv/recent/
domain,vjrlife.com.br,text_feeds:threatfox_c2,2026-09-30T06:27:51Z,CLEAR,0.5,c2;threatfox_c2,https://threatfox.abuse.ch/export/csv/recent/
domain,walshywoodcarpentry.com,text_feeds:threatfox_c2,2026-09-30T06:27:51Z,CLEAR,0.5,c2;threatfox_c2,https://threatfox.abuse.ch/export/csv/recent/
domain,wenbianque.com,text_feeds:threatfox_c2,2026-09-30T06:27:51Z,CLEAR,0.5,c2;threatfox_c2,https://threatfox.abuse.ch/export/csv/recent/
domain,xn--biipatas-lbb75fuf.lt,text_feeds:threatfox_c2,2026-09-30T06:27:52Z,CLEAR,0.5,c2;threatfox_c2,https://threatfox.abuse.ch/export/csv/recent/
domain,x2.332toto.net,text_feeds:threatfox_c2,2026-09-30T10:25:45Z,CLEAR,0.5,c2;threatfox_c2,https://threatfox.abuse.ch/export/csv/recent/
domain,x2.334v.org,text_feeds:threatfox_c2,2026-09-30T10:30:45Z,CLEAR,0.5,c2;threatfox_c2,https://threatfox.abuse.ch/export/csv/recent/
domain,x2.369jk.org,text_feeds:threatfox_c2,2026-09-30T10:55:45Z,CLEAR,0.5,c2;threatfox_c2,https://threatfox.abuse.ch/export/csv/recent/
domain,xgyqp87688.workers.dev,text_feeds:threatfox_c2,2026-09-30T11:25:50Z,CLEAR,0.5,c2;threatfox_c2,https://threatfox.abuse.ch/export/csv/recent/
domain,xn--microkin-floregervais-i5b.fr,text_feeds:threatfox_c2,2026-09-30T06:12:47Z,CLEAR,0.5,c2;threatfox_c2,https://threatfox.abuse.ch/export/csv/recent/
domain,xt.32naga.net,text_feeds:threatfox_c2,2026-09-29T21:40:46Z,CLEAR,0.5,c2;threatfox_c2,https://threatfox.abuse.ch/export/csv/recent/
domain,xt.5-rt.org,text_feeds:threatfox_c2,2026-09-29T21:40:45Z,CLEAR,0.5,c2;threatfox_c2,https://threatfox.abuse.ch/export/csv/recent/
domain,zevaqu.workers.dev,text_feeds:threatfox_c2,2026-09-30T09:31:05Z,CLEAR,0.5,c2;threatfox_c2,https://threatfox.abuse.ch/export/csv/recent/
domain,ziguvame.workers.dev,text_feeds:threatfox_c2,2026-09-30T09:37:05Z,CLEAR,0.5,c2;threatfox_c2,https://threatfox.abuse.ch/export/csv/recent/
ipv4,101.201.109.2,text_feeds:threatfox_c2,2026-09-21T17:05:06Z,CLEAR,0.5,c2;threatfox_c2,https://threatfox.abuse.ch/export/csv/recent/
ipv4,101.35.40.11,text_feeds:threatfox_c2,2026-09-21T15:05:08Z,CLEAR,0.5,c2;threatfox_c2,https://threatfox.abuse.ch/export/csv/recent/
ipv4,102.220.160.122,text_feeds:threatfox_c2,2026-09-30T06:02:51Z,CLEAR,0.5,c2;threatfox_c2,https://threatfox.abuse.ch/export/csv/recent/
ipv4,102.220.160.40,text_feeds:threatfox_c2,2026-09-30T06:02:50Z,CLEAR,0.5,c2;threatfox_c2,https://threatfox.abuse.ch/export/csv/recent/
ipv4,102.220.161.74,text_feeds:threatfox_c2,2026-09-23T08:40:29Z,CLEAR,0.5,c2;threatfox_c2,https://threatfox.abuse.ch/export/csv/recent/
ipv4,102.220.163.160,text_feeds:threatfox_c2,2026-09-30T05:49:49Z,CLEAR,0.5,c2;threatfox_c2,https://threatfox.abuse.ch/export/csv/recent/
ipv4,103.106.230.190,text_feeds:threatfox_c2,2026-09-30T06:02:50Z,CLEAR,0.5,c2;threatfox_c2,https://threatfox.abuse.ch/export/csv/recent/
ipv4,103.114.216.59,text_feeds:threatfox_c2,2026-09-30T09:43:07Z,CLEAR,0.5,c2;threatfox_c2,https://threatfox.abuse.ch/export/csv/recent/
ipv4,103.199.102.34,text_feeds:threatfox_c2,2026-09-30T06:45:02Z,CLEAR,0.5,c2;threatfox_c2,https://threatfox.abuse.ch/export/csv/recent/
ipv4,103.236.60.111,text_feeds:threatfox_c2,2026-09-30T06:02:49Z,CLEAR,0.5,c2;threatfox_c2,https://threatfox.abuse.ch/export/csv/recent/
ipv4,103.236.69.102,text_feeds:threatfox_c2,2026-09-30T06:03:35Z,CLEAR,0.5,c2;threatfox_c2,https://threatfox.abuse.ch/export/csv/recent/
ipv4,103.36.223.45,text_feeds:threatfox_c2,2026-09-30T02:05:05Z,CLEAR,0.5,c2;threatfox_c2,https://threatfox.abuse.ch/export/csv/recent/
ipv4,103.39.79.102,text_feeds:threatfox_c2,2026-02-28T15:00:43Z,CLEAR,0.5,c2;threatfox_c2,https://threatfox.abuse.ch/export/csv/recent/
ipv4,104.168.38.153,text_feeds:threatfox_c2,2025-11-25T18:43:50Z,CLEAR,0.5,c2;threatfox_c2,https://threatfox.abuse.ch/export/csv/recent/
ipv4,104.225.149.151,text_feeds:threatfox_c2,2026-06-26T00:05:07Z,CLEAR,0.5,c2;threatfox_c2,https://threatfox.abuse.ch/export/csv/recent/
ipv4,104.248.155.168,text_feeds:threatfox_c2,2026-09-30T09:28:45Z,CLEAR,0.5,c2;threatfox_c2,https://threatfox.abuse.ch/export/csv/recent/
ipv4,106.52.8.22,text_feeds:threatfox_c2,2026-09-30T02:05:06Z,CLEAR,0.5,c2;threatfox_c2,https://threatfox.abuse.ch/export/csv/recent/
ipv4,106.53.214.3,text_feeds:threatfox_c2,2026-09-30T06:02:49Z,CLEAR,0.5,c2;threatfox_c2,https://threatfox.abuse.ch/export/csv/recent/
ipv4,106.54.41.209,text_feeds:threatfox_c2,2026-08-20T15:05:05Z,CLEAR,0.5,c2;threatfox_c2,https://threatfox.abuse.ch/export/csv/recent/
ipv4,109.71.253.60,text_feeds:threatfox_c2,2026-09-30T06:02:47Z,CLEAR,0.5,c2;threatfox_c2,https://threatfox.abuse.ch/export/csv/recent/
ipv4,111.230.143.136,text_feeds:threatfox_c2,2026-08-30T08:05:09Z,CLEAR,0.5,c2;threatfox_c2,https://threatfox.abuse.ch/export/csv/recent/
ipv4,112.74.115.153,text_feeds:threatfox_c2,2026-09-30T06:02:45Z,CLEAR,0.5,c2;threatfox_c2,https://threatfox.abuse.ch/export/csv/recent/
ipv4,113.44.168.133,text_feeds:threatfox_c2,2026-09-30T06:02:44Z,CLEAR,0.5,c2;threatfox_c2,https://threatfox.abuse.ch/export/csv/recent/
ipv4,114.132.190.121,text_feeds:threatfox_c2,2026-09-21T03:05:08Z,CLEAR,0.5,c2;threatfox_c2,https://threatfox.abuse.ch/export/csv/recent/
ipv4,115.191.9.76,text_feeds:threatfox_c2,2026-09-30T06:02:43Z,CLEAR,0.5,c2;threatfox_c2,https://threatfox.abuse.ch/export/csv/recent/
ipv4,115.245.115.158,text_feeds:threatfox_c2,2026-09-09T07:14:02Z,CLEAR,0.5,c2;threatfox_c2,https://threatfox.abuse.ch/export/csv/recent/
ipv4,116.213.43.169,text_feeds:threatfox_c2,2026-09-30T09:43:17Z,CLEAR,0.5,c2;threatfox_c2,https://threatfox.abuse.ch/export/csv/recent/
ipv4,117.50.81.123,text_feeds:threatfox_c2,2026-09-30T06:03:34Z,CLEAR,0.5,c2;threatfox_c2,https://threatfox.abuse.ch/export/csv/recent/
ipv4,117.55.235.249,text_feeds:threatfox_c2,2026-09-30T06:02:43Z,CLEAR,0.5,c2;threatfox_c2,https://threatfox.abuse.ch/export/csv/recent/
ipv4,117.72.32.75,text_feeds:threatfox_c2,2026-07-23T20:05:05Z,CLEAR,0.5,c2;threatfox_c2,https://threatfox.abuse.ch/export/csv/recent/
ipv4,117.72.78.96,text_feeds:threatfox_c2,2025-09-18T04:01:52Z,CLEAR,0.5,c2;threatfox_c2,https://threatfox.abuse.ch/export/csv/recent/
ipv4,118.195.176.52,text_feeds:threatfox_c2,2026-09-30T06:03:34Z,CLEAR,0.5,c2;threatfox_c2,https://threatfox.abuse.ch/export/csv/recent/
ipv4,119.29.203.227,text_feeds:threatfox_c2,2026-09-30T06:03:33Z,CLEAR,0.5,c2;threatfox_c2,https://threatfox.abuse.ch/export/csv/recent/
ipv4,120.26.121.102,text_feeds:threatfox_c2,2026-09-30T06:02:43Z,CLEAR,0.5,c2;threatfox_c2,https://threatfox.abuse.ch/export/csv/recent/
ipv4,121.40.142.138,text_feeds:threatfox_c2,2026-09-30T06:02:41Z,CLEAR,0.5,c2;threatfox_c2,https://threatfox.abuse.ch/export/csv/recent/
ipv4,122.114.177.241,text_feeds:threatfox_c2,2026-09-07T00:05:06Z,CLEAR,0.5,c2;threatfox_c2,https://threatfox.abuse.ch/export/csv/recent/
ipv4,122.51.215.90,text_feeds:threatfox_c2,2025-07-23T04:04:31Z,CLEAR,0.5,c2;threatfox_c2,https://threatfox.abuse.ch/export/csv/recent/
ipv4,123.207.255.75,text_feeds:threatfox_c2,2026-09-30T06:02:41Z,CLEAR,0.5,c2;threatfox_c2,https://threatfox.abuse.ch/export/csv/recent/
ipv4,124.198.131.136,text_feeds:threatfox_c2,2026-09-30T05:49:35Z,CLEAR,0.5,c2;threatfox_c2,https://threatfox.abuse.ch/export/csv/recent/
ipv4,124.220.161.214,text_feeds:threatfox_c2,2023-11-09T17:49:41Z,CLEAR,0.5,c2;threatfox_c2,https://threatfox.abuse.ch/export/csv/recent/
ipv4,124.220.216.115,text_feeds:threatfox_c2,2026-09-30T06:02:40Z,CLEAR,0.5,c2;threatfox_c2,https://threatfox.abuse.ch/export/csv/recent/
ipv4,128.90.135.200,text_feeds:threatfox_c2,2026-09-30T09:43:21Z,CLEAR,0.5,c2;threatfox_c2,https://threatfox.abuse.ch/export/csv/recent/
ipv4,13.143.247.153,text_feeds:threatfox_c2,2026-09-30T09:43:24Z,CLEAR,0.5,c2;threatfox_c2,https://threatfox.abuse.ch/export/csv/recent/
ipv4,13.212.38.253,text_feeds:threatfox_c2,2026-09-30T06:02:40Z,CLEAR,0.5,c2;threatfox_c2,https://threatfox.abuse.ch/export/csv/recent/
ipv4,13.214.130.115,text_feeds:threatfox_c2,2026-09-30T06:02:40Z,CLEAR,0.5,c2;threatfox_c2,https://threatfox.abuse.ch/export/csv/recent/
ipv4,13.59.90.25,text_feeds:threatfox_c2,2026-09-30T06:02:39Z,CLEAR,0.5,c2;threatfox_c2,https://threatfox.abuse.ch/export/csv/recent/
ipv4,130.12.182.185,text_feeds:threatfox_c2,2026-09-23T08:40:30Z,CLEAR,0.5,c2;threatfox_c2,https://threatfox.abuse.ch/export/csv/recent/
ipv4,130.12.182.80,text_feeds:threatfox_c2,2026-09-30T06:02:39Z,CLEAR,0.5,c2;threatfox_c2,https://threatfox.abuse.ch/export/csv/recent/
ipv4,130.49.149.13,text_feeds:threatfox_c2,2026-09-30T06:02:38Z,CLEAR,0.5,c2;threatfox_c2,https://threatfox.abuse.ch/export/csv/recent/
ipv4,130.94.107.174,text_feeds:threatfox_c2,2026-09-30T05:49:06Z,CLEAR,0.5,c2;threatfox_c2,https://threatfox.abuse.ch/export/csv/recent/
ipv4,130.94.17.15,text_feeds:threatfox_c2,2026-09-30T05:49:05Z,CLEAR,0.5,c2;threatfox_c2,https://threatfox.abuse.ch/export/csv/recent/
ipv4,134.175.151.226,text_feeds:threatfox_c2,2026-09-30T06:03:33Z,CLEAR,0.5,c2;threatfox_c2,https://threatfox.abuse.ch/export/csv/recent/
ipv4,135.136.140.150,text_feeds:threatfox_c2,2026-09-30T08:30:42Z,CLEAR,0.5,c2;threatfox_c2,https://threatfox.abuse.ch/export/csv/recent/
ipv4,138.16.179.204,text_feeds:threatfox_c2,2026-07-11T02:05:06Z,CLEAR,0.5,c2;threatfox_c2,https://threatfox.abuse.ch/export/csv/recent/
ipv4,139.180.213.153,text_feeds:threatfox_c2,2026-09-25T07:05:09Z,CLEAR,0.5,c2;threatfox_c2,https://threatfox.abuse.ch/export/csv/recent/
ipv4,139.180.222.135,text_feeds:threatfox_c2,2026-09-30T06:02:38Z,CLEAR,0.5,c2;threatfox_c2,https://threatfox.abuse.ch/export/csv/recent/
ipv4,139.212.143.218,text_feeds:threatfox_c2,2026-08-07T04:05:07Z,CLEAR,0.5,c2;threatfox_c2,https://threatfox.abuse.ch/export/csv/recent/
ipv4,139.224.14.4,text_feeds:threatfox_c2,2026-09-30T06:02:37Z,CLEAR,0.5,c2;threatfox_c2,https://threatfox.abuse.ch/export/csv/recent/
ipv4,14.116.159.128,text_feeds:threatfox_c2,2023-11-09T17:45:57Z,CLEAR,0.5,c2;threatfox_c2,https://threatfox.abuse.ch/export/csv/recent/
ipv4,141.94.95.38,text_feeds:threatfox_c2,2026-09-30T06:02:37Z,CLEAR,0.5,c2;threatfox_c2,https://threatfox.abuse.ch/export/csv/recent/
ipv4,142.93.6.168,text_feeds:threatfox_c2,2026-09-30T09:28:45Z,CLEAR,0.5,c2;threatfox_c2,https://threatfox.abuse.ch/export/csv/recent/
ipv4,143.244.155.53,text_feeds:threatfox_c2,2026-09-30T09:57:03Z,CLEAR,0.5,c2;threatfox_c2,https://threatfox.abuse.ch/export/csv/recent/
ipv4,143.244.190.5,text_feeds:threatfox_c2,2026-09-26T15:11:58Z,CLEAR,0.5,c2;threatfox_c2,https://threatfox.abuse.ch/export/csv/recent/
ipv4,144.31.123.157,text_feeds:threatfox_c2,2026-09-30T06:02:53Z,CLEAR,0.5,c2;threatfox_c2,https://threatfox.abuse.ch/export/csv/recent/
ipv4,144.31.139.201,text_feeds:threatfox_c2,2026-09-30T06:02:53Z,CLEAR,0.5,c2;threatfox_c2,https://threatfox.abuse.ch/export/csv/recent/
ipv4,144.31.139.203,text_feeds:threatfox_c2,2026-09-30T06:02:52Z,CLEAR,0.5,c2;threatfox_c2,https://threatfox.abuse.ch/export/csv/recent/
ipv4,144.31.151.214,text_feeds:threatfox_c2,2026-09-30T08:04:33Z,CLEAR,0.5,c2;threatfox_c2,https://threatfox.abuse.ch/export/csv/recent/
ipv4,146.70.87.173,text_feeds:threatfox_c2,2026-09-30T07:05:06Z,CLEAR,0.5,c2;threatfox_c2,https://threatfox.abuse.ch/export/csv/recent/
ipv4,148.66.17.123,text_feeds:threatfox_c2,2026-09-30T02:05:06Z,CLEAR,0.5,c2;threatfox_c2,https://threatfox.abuse.ch/export/csv/recent/
ipv4,148.66.17.124,text_feeds:threatfox_c2,2026-09-30T02:05:06Z,CLEAR,0.5,c2;threatfox_c2,https://threatfox.abuse.ch/export/csv/recent/
ipv4,148.66.17.125,text_feeds:threatfox_c2,2026-09-30T02:05:07Z,CLEAR,0.5,c2;threatfox_c2,https://threatfox.abuse.ch/export/csv/recent/
ipv4,149.104.71.157,text_feeds:threatfox_c2,2026-09-30T06:02:34Z,CLEAR,0.5,c2;threatfox_c2,https://threatfox.abuse.ch/export/csv/recent/
ipv4,149.88.65.173,text_feeds:threatfox_c2,2026-09-30T06:02:30Z,CLEAR,0.5,c2;threatfox_c2,https://threatfox.abuse.ch/export/csv/recent/
ipv4,151.242.69.179,text_feeds:threatfox_c2,2026-09-30T06:02:57Z,CLEAR,0.5,c2;threatfox_c2,https://threatfox.abuse.ch/export/csv/recent/
ipv4,152.136.101.119,text_feeds:threatfox_c2,2026-09-30T06:02:29Z,CLEAR,0.5,c2;threatfox_c2,https://threatfox.abuse.ch/export/csv/recent/
ipv4,152.32.133.192,text_feeds:threatfox_c2,2026-09-09T19:05:07Z,CLEAR,0.5,c2;threatfox_c2,https://threatfox.abuse.ch/export/csv/recent/
ipv4,152.42.185.244,text_feeds:threatfox_c2,2026-09-30T06:03:32Z,CLEAR,0.5,c2;threatfox_c2,https://threatfox.abuse.ch/export/csv/recent/
ipv4,154.219.105.134,text_feeds:threatfox_c2,2026-08-08T07:05:08Z,CLEAR,0.5,c2;threatfox_c2,https://threatfox.abuse.ch/export/csv/recent/
ipv4,154.219.123.78,text_feeds:threatfox_c2,2026-09-30T06:02:56Z,CLEAR,0.5,c2;threatfox_c2,https://threatfox.abuse.ch/export/csv/recent/
ipv4,154.222.31.149,text_feeds:threatfox_c2,2026-09-30T06:02:28Z,CLEAR,0.5,c2;threatfox_c2,https://threatfox.abuse.ch/export/csv/recent/
ipv4,154.31.219.211,text_feeds:threatfox_c2,2026-09-15T01:05:07Z,CLEAR,0.5,c2;threatfox_c2,https://threatfox.abuse.ch/export/csv/recent/
ipv4,154.92.252.60,text_feeds:threatfox_c2,2026-09-30T06:02:28Z,CLEAR,0.5,c2;threatfox_c2,https://threatfox.abuse.ch/export/csv/recent/
ipv4,154.92.252.61,text_feeds:threatfox_c2,2026-09-30T06:02:27Z,CLEAR,0.5,c2;threatfox_c2,https://threatfox.abuse.ch/export/csv/recent/
ipv4,155.103.69.249,text_feeds:threatfox_c2,2026-09-30T05:48:53Z,CLEAR,0.5,c2;threatfox_c2,https://threatfox.abuse.ch/export/csv/recent/
ipv4,155.103.69.55,text_feeds:threatfox_c2,2026-09-30T08:25:22Z,CLEAR,0.5,c2;threatfox_c2,https://threatfox.abuse.ch/export/csv/recent/
ipv4,155.117.155.141,text_feeds:threatfox_c2,2026-08-24T14:05:05Z,CLEAR,0.5,c2;threatfox_c2,https://threatfox.abuse.ch/export/csv/recent/
ipv4,156.252.92.138,text_feeds:threatfox_c2,2026-09-30T09:43:46Z,CLEAR,0.5,c2;threatfox_c2,https://threatfox.abuse.ch/export/csv/recent/
ipv4,157.20.182.14,text_feeds:threatfox_c2,2026-09-30T09:43:46Z,CLEAR,0.5,c2;threatfox_c2,https://threatfox.abuse.ch/export/csv/recent/
ipv4,157.20.182.15,text_feeds:threatfox_c2,2026-09-30T09:43:46Z,CLEAR,0.5,c2;threatfox_c2,https://threatfox.abuse.ch/export/csv/recent/
ipv4,158.94.209.12,text_feeds:threatfox_c2,2026-09-30T06:02:27Z,CLEAR,0.5,c2;threatfox_c2,https://threatfox.abuse.ch/export/csv/recent/
ipv4,159.198.77.176,text_feeds:threatfox_c2,2026-09-30T06:02:26Z,CLEAR,0.5,c2;threatfox_c2,https://threatfox.abuse.ch/export/csv/recent/
ipv4,159.223.24.190,text_feeds:threatfox_c2,2026-09-30T09:28:44Z,CLEAR,0.5,c2;threatfox_c2,https://threatfox.abuse.ch/export/csv/recent/
ipv4,159.89.166.50,text_feeds:threatfox_c2,2026-09-30T05:49:36Z,CLEAR,0.5,c2;threatfox_c2,https://threatfox.abuse.ch/export/csv/recent/
ipv4,16.171.181.149,text_feeds:threatfox_c2,2026-09-30T11:12:36Z,CLEAR,0.5,c2;threatfox_c2,https://threatfox.abuse.ch/export/csv/recent/
ipv4,162.243.6.201,text_feeds:threatfox_c2,2026-09-30T09:43:50Z,CLEAR,0.5,c2;threatfox_c2,https://threatfox.abuse.ch/export/csv/recent/
ipv4,165.245.250.162,text_feeds:threatfox_c2,2026-09-30T09:28:46Z,CLEAR,0.5,c2;threatfox_c2,https://threatfox.abuse.ch/export/csv/recent/
ipv4,167.172.71.210,text_feeds:threatfox_c2,2026-09-30T09:28:45Z,CLEAR,0.5,c2;threatfox_c2,https://threatfox.abuse.ch/export/csv/recent/
ipv4,168.100.10.145,text_feeds:threatfox_c2,2026-09-30T06:02:26Z,CLEAR,0.5,c2;threatfox_c2,https://threatfox.abuse.ch/export/csv/recent/
ipv4,170.62.130.234,text_feeds:threatfox_c2,2026-09-30T06:02:26Z,CLEAR,0.5,c2;threatfox_c2,https://threatfox.abuse.ch/export/csv/recent/
ipv4,172.111.163.169,text_feeds:threatfox_c2,2026-07-11T07:09:37Z,CLEAR,0.5,c2;threatfox_c2,https://threatfox.abuse.ch/export/csv/recent/
ipv4,172.245.123.81,text_feeds:threatfox_c2,2026-09-30T06:02:25Z,CLEAR,0.5,c2;threatfox_c2,https://threatfox.abuse.ch/export/csv/recent/
ipv4,172.81.182.244,text_feeds:threatfox_c2,2026-09-30T09:43:55Z,CLEAR,0.5,c2;threatfox_c2,https://threatfox.abuse.ch/export/csv/recent/
ipv4,172.86.87.77,text_feeds:threatfox_c2,2026-09-30T06:02:25Z,CLEAR,0.5,c2;threatfox_c2,https://threatfox.abuse.ch/export/csv/recent/
ipv4,172.94.9.134,text_feeds:threatfox_c2,2026-09-30T05:48:44Z,CLEAR,0.5,c2;threatfox_c2,https://threatfox.abuse.ch/export/csv/recent/
ipv4,172.94.9.155,text_feeds:threatfox_c2,2026-09-30T05:48:44Z,CLEAR,0.5,c2;threatfox_c2,https://threatfox.abuse.ch/export/csv/recent/
ipv4,178.128.20.3,text_feeds:threatfox_c2,2026-09-30T06:02:24Z,CLEAR,0.5,c2;threatfox_c2,https://threatfox.abuse.ch/export/csv/recent/
ipv4,18.143.169.148,text_feeds:threatfox_c2,2026-09-30T06:02:21Z,CLEAR,0.5,c2;threatfox_c2,https://threatfox.abuse.ch/export/csv/recent/
ipv4,180.101.25.48,text_feeds:threatfox_c2,2024-04-29T11:09:28Z,CLEAR,0.5,c2;threatfox_c2,https://threatfox.abuse.ch/export/csv/recent/
ipv4,182.61.6.24,text_feeds:threatfox_c2,2026-09-30T10:05:04Z,CLEAR,0.5,c2;threatfox_c2,https://threatfox.abuse.ch/export/csv/recent/
ipv4,182.92.203.40,text_feeds:threatfox_c2,2026-09-30T06:02:20Z,CLEAR,0.5,c2;threatfox_c2,https://threatfox.abuse.ch/export/csv/recent/
ipv4,187.124.49.109,text_feeds:threatfox_c2,2026-09-30T06:02:55Z,CLEAR,0.5,c2;threatfox_c2,https://threatfox.abuse.ch/export/csv/recent/
ipv4,187.127.178.97,text_feeds:threatfox_c2,2026-09-30T05:49:11Z,CLEAR,0.5,c2;threatfox_c2,https://threatfox.abuse.ch/export/csv/recent/
ipv4,188.34.196.109,text_feeds:threatfox_c2,2026-09-30T05:49:19Z,CLEAR,0.5,c2;threatfox_c2,https://threatfox.abuse.ch/export/csv/recent/
ipv4,192.144.211.249,text_feeds:threatfox_c2,2026-02-14T03:00:39Z,CLEAR,0.5,c2;threatfox_c2,https://threatfox.abuse.ch/export/csv/recent/
ipv4,192.166.82.76,text_feeds:threatfox_c2,2026-09-30T06:02:18Z,CLEAR,0.5,c2;threatfox_c2,https://threatfox.abuse.ch/export/csv/recent/
ipv4,192.71.227.243,text_feeds:threatfox_c2,2026-09-30T06:02:17Z,CLEAR,0.5,c2;threatfox_c2,https://threatfox.abuse.ch/export/csv/recent/
ipv4,193.112.176.26,text_feeds:threatfox_c2,2026-09-30T06:02:16Z,CLEAR,0.5,c2;threatfox_c2,https://threatfox.abuse.ch/export/csv/recent/
ipv4,193.23.211.29,text_feeds:threatfox_c2,2026-09-30T06:02:52Z,CLEAR,0.5,c2;threatfox_c2,https://threatfox.abuse.ch/export/csv/recent/
ipv4,195.209.220.165,text_feeds:threatfox_c2,2026-09-30T06:02:16Z,CLEAR,0.5,c2;threatfox_c2,https://threatfox.abuse.ch/export/csv/recent/
ipv4,195.88.191.40,text_feeds:threatfox_c2,2026-09-30T08:05:04Z,CLEAR,0.5,c2;threatfox_c2,https://threatfox.abuse.ch/export/csv/recent/
ipv4,198.13.47.210,text_feeds:threatfox_c2,2026-09-30T06:02:15Z,CLEAR,0.5,c2;threatfox_c2,https://threatfox.abuse.ch/export/csv/recent/
ipv4,198.211.102.128,text_feeds:threatfox_c2,2026-09-30T09:44:24Z,CLEAR,0.5,c2;threatfox_c2,https://threatfox.abuse.ch/export/csv/recent/
ipv4,2.26.116.156,text_feeds:threatfox_c2,2026-09-30T06:02:15Z,CLEAR,0.5,c2;threatfox_c2,https://threatfox.abuse.ch/export/csv/recent/
ipv4,2.26.229.254,text_feeds:threatfox_c2,2026-07-16T22:05:04Z,CLEAR,0.5,c2;threatfox_c2,https://threatfox.abuse.ch/export/csv/recent/
ipv4,20.220.105.236,text_feeds:threatfox_c2,2026-09-30T06:02:14Z,CLEAR,0.5,c2;threatfox_c2,https://threatfox.abuse.ch/export/csv/recent/
ipv4,201.23.66.55,text_feeds:threatfox_c2,2026-09-30T06:02:14Z,CLEAR,0.5,c2;threatfox_c2,https://threatfox.abuse.ch/export/csv/recent/
ipv4,202.61.130.163,text_feeds:threatfox_c2,2026-08-20T14:05:05Z,CLEAR,0.5,c2;threatfox_c2,https://threatfox.abuse.ch/export/csv/recent/
ipv4,202.61.130.209,text_feeds:threatfox_c2,2026-08-19T19:05:06Z,CLEAR,0.5,c2;threatfox_c2,https://threatfox.abuse.ch/export/csv/recent/
ipv4,202.61.138.81,text_feeds:threatfox_c2,2026-09-30T05:25:04Z,CLEAR,0.5,c2;threatfox_c2,https://threatfox.abuse.ch/export/csv/recent/
ipv4,202.61.75.208,text_feeds:threatfox_c2,2026-09-30T10:05:05Z,CLEAR,0.5,c2;threatfox_c2,https://threatfox.abuse.ch/export/csv/recent/
ipv4,203.195.217.161,text_feeds:threatfox_c2,2025-11-07T11:01:27Z,CLEAR,0.5,c2;threatfox_c2,https://threatfox.abuse.ch/export/csv/recent/
ipv4,203.91.93.189,text_feeds:threatfox_c2,2026-09-30T11:05:05Z,CLEAR,0.5,c2;threatfox_c2,https://threatfox.abuse.ch/export/csv/recent/
ipv4,205.234.170.231,text_feeds:threatfox_c2,2026-09-30T06:02:13Z,CLEAR,0.5,c2;threatfox_c2,https://threatfox.abuse.ch/export/csv/recent/
ipv4,207.148.122.131,text_feeds:threatfox_c2,2026-09-30T11:05:09Z,CLEAR,0.5,c2;threatfox_c2,https://threatfox.abuse.ch/export/csv/recent/
ipv4,208.87.201.226,text_feeds:threatfox_c2,2024-03-30T15:43:28Z,CLEAR,0.5,c2;threatfox_c2,https://threatfox.abuse.ch/export/csv/recent/
ipv4,209.250.241.80,text_feeds:threatfox_c2,2026-09-30T07:57:30Z,CLEAR,0.5,c2;threatfox_c2,https://threatfox.abuse.ch/export/csv/recent/
ipv4,209.99.189.83,text_feeds:threatfox_c2,2026-09-30T12:05:06Z,CLEAR,0.5,c2;threatfox_c2,https://threatfox.abuse.ch/export/csv/recent/
ipv4,213.199.53.152,text_feeds:threatfox_c2,2026-08-18T09:45:34Z,CLEAR,0.5,c2;threatfox_c2,https://threatfox.abuse.ch/export/csv/recent/
ipv4,221.226.128.227,text_feeds:threatfox_c2,2026-09-30T06:02:07Z,CLEAR,0.5,c2;threatfox_c2,https://threatfox.abuse.ch/export/csv/recent/
ipv4,221.236.125.241,text_feeds:threatfox_c2,2026-09-21T22:05:06Z,CLEAR,0.5,c2;threatfox_c2,https://threatfox.abuse.ch/export/csv/recent/
ipv4,221.236.125.52,text_feeds:threatfox_c2,2026-09-30T06:02:55Z,CLEAR,0.5,c2;threatfox_c2,https://threatfox.abuse.ch/export/csv/recent/
ipv4,23.227.203.71,text_feeds:threatfox_c2,2026-07-17T05:05:05Z,CLEAR,0.5,c2;threatfox_c2,https://threatfox.abuse.ch/export/csv/recent/
ipv4,23.94.27.110,text_feeds:threatfox_c2,2026-09-30T06:02:54Z,CLEAR,0.5,c2;threatfox_c2,https://threatfox.abuse.ch/export/csv/recent/
ipv4,23.94.44.214,text_feeds:threatfox_c2,2025-10-15T18:47:32Z,CLEAR,0.5,c2;threatfox_c2,https://threatfox.abuse.ch/export/csv/recent/
ipv4,3.209.60.1,text_feeds:threatfox_c2,2026-09-30T06:02:06Z,CLEAR,0.5,c2;threatfox_c2,https://threatfox.abuse.ch/export/csv/recent/
ipv4,3.89.19.221,text_feeds:threatfox_c2,2026-09-30T06:02:06Z,CLEAR,0.5,c2;threatfox_c2,https://threatfox.abuse.ch/export/csv/recent/
ipv4,31.40.204.71,text_feeds:threatfox_c2,2026-09-30T10:00:39Z,CLEAR,0.5,c2;threatfox_c2,https://threatfox.abuse.ch/export/csv/recent/
ipv4,31.56.228.50,text_feeds:threatfox_c2,2026-09-30T06:02:05Z,CLEAR,0.5,c2;threatfox_c2,https://threatfox.abuse.ch/export/csv/recent/
ipv4,31.57.219.52,text_feeds:threatfox_c2,2026-09-30T06:02:05Z,CLEAR,0.5,c2;threatfox_c2,https://threatfox.abuse.ch/export/csv/recent/
ipv4,31.58.87.123,text_feeds:threatfox_c2,2026-08-22T00:05:05Z,CLEAR,0.5,c2;threatfox_c2,https://threatfox.abuse.ch/export/csv/recent/
ipv4,34.224.224.102,text_feeds:threatfox_c2,2026-09-30T06:02:04Z,CLEAR,0.5,c2;threatfox_c2,https://threatfox.abuse.ch/export/csv/recent/
ipv4,34.44.74.178,text_feeds:threatfox_c2,2026-09-30T06:02:04Z,CLEAR,0.5,c2;threatfox_c2,https://threatfox.abuse.ch/export/csv/recent/
ipv4,35.179.92.211,text_feeds:threatfox_c2,2026-09-30T06:02:03Z,CLEAR,0.5,c2;threatfox_c2,https://threatfox.abuse.ch/export/csv/recent/
ipv4,37.72.168.199,text_feeds:threatfox_c2,2026-09-30T09:45:10Z,CLEAR,0.5,c2;threatfox_c2,https://threatfox.abuse.ch/export/csv/recent/
ipv4,38.14.248.161,text_feeds:threatfox_c2,2026-09-30T06:02:02Z,CLEAR,0.5,c2;threatfox_c2,https://threatfox.abuse.ch/export/csv/recent/
ipv4,38.47.107.122,text_feeds:threatfox_c2,2026-09-30T06:02:01Z,CLEAR,0.5,c2;threatfox_c2,https://threatfox.abuse.ch/export/csv/recent/
ipv4,38.54.50.36,text_feeds:threatfox_c2,2026-09-30T06:02:01Z,CLEAR,0.5,c2;threatfox_c2,https://threatfox.abuse.ch/export/csv/recent/
ipv4,38.60.202.13,text_feeds:threatfox_c2,2026-09-30T06:02:00Z,CLEAR,0.5,c2;threatfox_c2,https://threatfox.abuse.ch/export/csv/recent/
ipv4,38.60.203.203,text_feeds:threatfox_c2,2026-08-27T05:05:07Z,CLEAR,0.5,c2;threatfox_c2,https://threatfox.abuse.ch/export/csv/recent/
ipv4,38.60.212.217,text_feeds:threatfox_c2,2026-09-30T06:01:59Z,CLEAR,0.5,c2;threatfox_c2,https://threatfox.abuse.ch/export/csv/recent/
ipv4,38.60.212.240,text_feeds:threatfox_c2,2026-09-30T06:01:59Z,CLEAR,0.5,c2;threatfox_c2,https://threatfox.abuse.ch/export/csv/recent/
ipv4,38.60.238.109,text_feeds:threatfox_c2,2026-09-30T05:49:04Z,CLEAR,0.5,c2;threatfox_c2,https://threatfox.abuse.ch/export/csv/recent/
ipv4,41.216.189.62,text_feeds:threatfox_c2,2026-09-30T06:01:58Z,CLEAR,0.5,c2;threatfox_c2,https://threatfox.abuse.ch/export/csv/recent/
ipv4,43.133.13.81,text_feeds:threatfox_c2,2026-09-30T11:13:09Z,CLEAR,0.5,c2;threatfox_c2,https://threatfox.abuse.ch/export/csv/recent/
ipv4,43.143.94.53,text_feeds:threatfox_c2,2025-04-07T05:47:34Z,CLEAR,0.5,c2;threatfox_c2,https://threatfox.abuse.ch/export/csv/recent/
ipv4,43.153.171.132,text_feeds:threatfox_c2,2025-12-27T07:18:00Z,CLEAR,0.5,c2;threatfox_c2,https://threatfox.abuse.ch/export/csv/recent/
ipv4,43.156.63.124,text_feeds:threatfox_c2,2025-11-19T23:00:16Z,CLEAR,0.5,c2;threatfox_c2,https://threatfox.abuse.ch/export/csv/recent/
ipv4,43.161.250.35,text_feeds:threatfox_c2,2026-09-30T06:01:57Z,CLEAR,0.5,c2;threatfox_c2,https://threatfox.abuse.ch/export/csv/recent/
ipv4,43.248.173.97,text_feeds:threatfox_c2,2026-09-30T06:01:56Z,CLEAR,0.5,c2;threatfox_c2,https://threatfox.abuse.ch/export/csv/recent/
ipv4,43.98.178.28,text_feeds:threatfox_c2,2026-09-30T06:01:54Z,CLEAR,0.5,c2;threatfox_c2,https://threatfox.abuse.ch/export/csv/recent/
ipv4,45.142.142.252,text_feeds:threatfox_c2,2026-09-30T06:01:53Z,CLEAR,0.5,c2;threatfox_c2,https://threatfox.abuse.ch/export/csv/recent/
ipv4,45.142.143.152,text_feeds:threatfox_c2,2026-09-30T06:01:53Z,CLEAR,0.5,c2;threatfox_c2,https://threatfox.abuse.ch/export/csv/recent/
ipv4,45.147.28.58,text_feeds:threatfox_c2,2026-09-30T06:01:51Z,CLEAR,0.5,c2;threatfox_c2,https://threatfox.abuse.ch/export/csv/recent/
ipv4,45.192.105.141,text_feeds:threatfox_c2,2026-08-29T12:05:05Z,CLEAR,0.5,c2;threatfox_c2,https://threatfox.abuse.ch/export/csv/recent/
ipv4,45.76.0.96,text_feeds:threatfox_c2,2026-08-19T07:11:04Z,CLEAR,0.5,c2;threatfox_c2,https://threatfox.abuse.ch/export/csv/recent/
ipv4,45.76.14.210,text_feeds:threatfox_c2,2026-09-30T06:01:50Z,CLEAR,0.5,c2;threatfox_c2,https://threatfox.abuse.ch/export/csv/recent/
ipv4,45.76.191.22,text_feeds:threatfox_c2,2026-09-16T04:05:05Z,CLEAR,0.5,c2;threatfox_c2,https://threatfox.abuse.ch/export/csv/recent/
ipv4,45.77.255.102,text_feeds:threatfox_c2,2026-09-30T06:01:50Z,CLEAR,0.5,c2;threatfox_c2,https://threatfox.abuse.ch/export/csv/recent/
ipv4,45.86.60.114,text_feeds:threatfox_c2,2026-09-30T06:01:49Z,CLEAR,0.5,c2;threatfox_c2,https://threatfox.abuse.ch/export/csv/recent/
ipv4,47.116.17.233,text_feeds:threatfox_c2,2026-09-30T06:01:49Z,CLEAR,0.5,c2;threatfox_c2,https://threatfox.abuse.ch/export/csv/recent/
ipv4,47.130.215.99,text_feeds:threatfox_c2,2026-09-30T06:01:48Z,CLEAR,0.5,c2;threatfox_c2,https://threatfox.abuse.ch/export/csv/recent/
ipv4,47.236.202.216,text_feeds:threatfox_c2,2026-09-30T06:01:48Z,CLEAR,0.5,c2;threatfox_c2,https://threatfox.abuse.ch/export/csv/recent/
ipv4,47.243.153.232,text_feeds:threatfox_c2,2026-09-30T12:05:07Z,CLEAR,0.5,c2;threatfox_c2,https://threatfox.abuse.ch/export/csv/recent/
ipv4,47.80.241.141,text_feeds:threatfox_c2,2026-09-30T06:01:47Z,CLEAR,0.5,c2;threatfox_c2,https://threatfox.abuse.ch/export/csv/recent/
ipv4,47.86.97.42,text_feeds:threatfox_c2,2025-09-03T20:48:11Z,CLEAR,0.5,c2;threatfox_c2,https://threatfox.abuse.ch/export/csv/recent/
ipv4,47.94.13.0,text_feeds:threatfox_c2,2024-11-30T20:05:56Z,CLEAR,0.5,c2;threatfox_c2,https://threatfox.abuse.ch/export/csv/recent/
ipv4,47.96.176.28,text_feeds:threatfox_c2,2026-09-30T05:15:02Z,CLEAR,0.5,c2;threatfox_c2,https://threatfox.abuse.ch/export/csv/recent/
ipv4,5.181.2.72,text_feeds:threatfox_c2,2026-09-30T05:49:38Z,CLEAR,0.5,c2;threatfox_c2,https://threatfox.abuse.ch/export/csv/recent/
ipv4,51.178.49.164,text_feeds:threatfox_c2,2026-09-30T11:11:59Z,CLEAR,0.5,c2;threatfox_c2,https://threatfox.abuse.ch/export/csv/recent/
ipv4,51.195.219.185,text_feeds:threatfox_c2,2026-09-30T06:01:47Z,CLEAR,0.5,c2;threatfox_c2,https://threatfox.abuse.ch/export/csv/recent/
ipv4,52.22.15.69,text_feeds:threatfox_c2,2026-09-30T06:01:46Z,CLEAR,0.5,c2;threatfox_c2,https://threatfox.abuse.ch/export/csv/recent/
ipv4,54.173.174.159,text_feeds:threatfox_c2,2026-09-30T06:01:45Z,CLEAR,0.5,c2;threatfox_c2,https://threatfox.abuse.ch/export/csv/recent/
ipv4,54.251.235.248,text_feeds:threatfox_c2,2026-09-30T06:01:44Z,CLEAR,0.5,c2;threatfox_c2,https://threatfox.abuse.ch/export/csv/recent/
ipv4,56.124.18.15,text_feeds:threatfox_c2,2026-09-30T06:01:44Z,CLEAR,0.5,c2;threatfox_c2,https://threatfox.abuse.ch/export/csv/recent/
ipv4,62.113.106.171,text_feeds:threatfox_c2,2026-09-30T09:45:39Z,CLEAR,0.5,c2;threatfox_c2,https://threatfox.abuse.ch/export/csv/recent/
ipv4,63.187.27.88,text_feeds:threatfox_c2,2026-09-30T06:01:44Z,CLEAR,0.5,c2;threatfox_c2,https://threatfox.abuse.ch/export/csv/recent/
ipv4,64.111.93.165,text_feeds:threatfox_c2,2026-09-30T06:01:43Z,CLEAR,0.5,c2;threatfox_c2,https://threatfox.abuse.ch/export/csv/recent/
ipv4,64.176.199.134,text_feeds:threatfox_c2,2026-08-15T19:46:32Z,CLEAR,0.5,c2;threatfox_c2,https://threatfox.abuse.ch/export/csv/recent/
ipv4,64.188.104.2,text_feeds:threatfox_c2,2026-09-30T06:02:51Z,CLEAR,0.5,c2;threatfox_c2,https://threatfox.abuse.ch/export/csv/recent/
ipv4,64.7.198.250,text_feeds:threatfox_c2,2026-09-30T06:01:43Z,CLEAR,0.5,c2;threatfox_c2,https://threatfox.abuse.ch/export/csv/recent/
ipv4,64.94.85.21,text_feeds:threatfox_c2,2026-09-30T06:01:42Z,CLEAR,0.5,c2;threatfox_c2,https://threatfox.abuse.ch/export/csv/recent/
ipv4,64.95.10.70,text_feeds:threatfox_c2,2026-09-30T06:01:41Z,CLEAR,0.5,c2;threatfox_c2,https://threatfox.abuse.ch/export/csv/recent/
ipv4,65.20.107.184,text_feeds:threatfox_c2,2026-09-30T09:45:42Z,CLEAR,0.5,c2;threatfox_c2,https://threatfox.abuse.ch/export/csv/recent/
ipv4,65.49.220.29,text_feeds:threatfox_c2,2026-08-02T14:05:07Z,CLEAR,0.5,c2;threatfox_c2,https://threatfox.abuse.ch/export/csv/recent/
ipv4,66.78.40.230,text_feeds:threatfox_c2,2026-09-30T06:01:41Z,CLEAR,0.5,c2;threatfox_c2,https://threatfox.abuse.ch/export/csv/recent/
ipv4,68.183.17.13,text_feeds:threatfox_c2,2026-09-30T11:13:10Z,CLEAR,0.5,c2;threatfox_c2,https://threatfox.abuse.ch/export/csv/recent/
ipv4,69.8.133.216,text_feeds:threatfox_c2,2026-09-30T06:01:40Z,CLEAR,0.5,c2;threatfox_c2,https://threatfox.abuse.ch/export/csv/recent/
ipv4,69.8.133.42,text_feeds:threatfox_c2,2026-09-30T06:01:40Z,CLEAR,0.5,c2;threatfox_c2,https://threatfox.abuse.ch/export/csv/recent/
ipv4,69.8.133.45,text_feeds:threatfox_c2,2026-09-30T06:01:39Z,CLEAR,0.5,c2;threatfox_c2,https://threatfox.abuse.ch/export/csv/recent/
ipv4,74.0.32.177,text_feeds:threatfox_c2,2026-09-30T11:11:16Z,CLEAR,0.5,c2;threatfox_c2,https://threatfox.abuse.ch/export/csv/recent/
ipv4,77.239.121.3,text_feeds:threatfox_c2,2026-04-26T18:10:47Z,CLEAR,0.5,c2;threatfox_c2,https://threatfox.abuse.ch/export/csv/recent/
ipv4,77.245.76.103,text_feeds:threatfox_c2,2026-09-30T06:01:38Z,CLEAR,0.5,c2;threatfox_c2,https://threatfox.abuse.ch/export/csv/recent/
ipv4,8.138.179.29,text_feeds:threatfox_c2,2024-11-30T20:05:59Z,CLEAR,0.5,c2;threatfox_c2,https://threatfox.abuse.ch/export/csv/recent/
ipv4,8.166.128.186,text_feeds:threatfox_c2,2026-09-30T03:46:41Z,CLEAR,0.5,c2;threatfox_c2,https://threatfox.abuse.ch/export/csv/recent/
ipv4,80.78.22.202,text_feeds:threatfox_c2,2026-09-30T06:01:37Z,CLEAR,0.5,c2;threatfox_c2,https://threatfox.abuse.ch/export/csv/recent/
ipv4,80.78.27.42,text_feeds:threatfox_c2,2026-07-25T15:05:06Z,CLEAR,0.5,c2;threatfox_c2,https://threatfox.abuse.ch/export/csv/recent/
ipv4,81.70.224.95,text_feeds:threatfox_c2,2026-09-30T06:02:53Z,CLEAR,0.5,c2;threatfox_c2,https://threatfox.abuse.ch/export/csv/recent/
ipv4,82.156.166.227,text_feeds:threatfox_c2,2023-11-09T17:48:19Z,CLEAR,0.5,c2;threatfox_c2,https://threatfox.abuse.ch/export/csv/recent/
ipv4,82.29.71.130,text_feeds:threatfox_c2,2026-09-30T06:01:36Z,CLEAR,0.5,c2;threatfox_c2,https://threatfox.abuse.ch/export/csv/recent/
ipv4,84.38.129.15,text_feeds:threatfox_c2,2026-09-30T08:35:24Z,CLEAR,0.5,c2;threatfox_c2,https://threatfox.abuse.ch/export/csv/recent/
ipv4,84.38.133.207,text_feeds:threatfox_c2,2026-09-30T05:49:49Z,CLEAR,0.5,c2;threatfox_c2,https://threatfox.abuse.ch/export/csv/recent/
ipv4,85.137.240.26,text_feeds:threatfox_c2,2026-07-08T11:05:07Z,CLEAR,0.5,c2;threatfox_c2,https://threatfox.abuse.ch/export/csv/recent/
ipv4,86.48.30.193,text_feeds:threatfox_c2,2026-09-30T06:01:36Z,CLEAR,0.5,c2;threatfox_c2,https://threatfox.abuse.ch/export/csv/recent/
ipv4,87.232.84.18,text_feeds:threatfox_c2,2026-09-30T06:01:35Z,CLEAR,0.5,c2;threatfox_c2,https://threatfox.abuse.ch/export/csv/recent/
ipv4,89.125.43.152,text_feeds:threatfox_c2,2026-09-30T05:48:42Z,CLEAR,0.5,c2;threatfox_c2,https://threatfox.abuse.ch/export/csv/recent/
ipv4,89.34.227.72,text_feeds:threatfox_c2,2026-09-30T06:01:35Z,CLEAR,0.5,c2;threatfox_c2,https://threatfox.abuse.ch/export/csv/recent/
ipv4,89.44.9.164,text_feeds:threatfox_c2,2026-09-30T06:01:34Z,CLEAR,0.5,c2;threatfox_c2,https://threatfox.abuse.ch/export/csv/recent/
ipv4,91.221.191.167,text_feeds:threatfox_c2,2026-09-30T06:01:34Z,CLEAR,0.5,c2;threatfox_c2,https://threatfox.abuse.ch/export/csv/recent/
ipv4,91.92.243.115,text_feeds:threatfox_c2,2026-09-30T06:01:33Z,CLEAR,0.5,c2;threatfox_c2,https://threatfox.abuse.ch/export/csv/recent/
ipv4,92.118.230.7,text_feeds:threatfox_c2,2026-09-30T06:01:33Z,CLEAR,0.5,c2;threatfox_c2,https://threatfox.abuse.ch/export/csv/recent/
ipv4,92.242.33.17,text_feeds:threatfox_c2,2026-09-30T06:01:33Z,CLEAR,0.5,c2;threatfox_c2,https://threatfox.abuse.ch/export/csv/recent/
ipv4,94.139.252.190,text_feeds:threatfox_c2,2026-09-30T06:01:32Z,CLEAR,0.5,c2;threatfox_c2,https://threatfox.abuse.ch/export/csv/recent/
ipv4,96.9.231.213,text_feeds:threatfox_c2,2026-07-15T00:05:10Z,CLEAR,0.5,c2;threatfox_c2,https://threatfox.abuse.ch/export/csv/recent/
url,http://101.99.91.180/?h=101.99.91.180&p=80&t=ws&a=w64&stage=true,text_feeds:threatfox_c2,2026-09-30T05:49:43Z,CLEAR,0.5,c2;threatfox_c2,https://threatfox.abuse.ch/export/csv/recent/
url,http://103.151.42.13:43034/i,text_feeds:urlhaus_urls,2026-09-30T12:22:31Z,CLEAR,0.5,phishing;malware-url;urlhaus_urls,https://urlhaus.abuse.ch/downloads/csv_recent/
url,http://103.157.210.26:53001/i,text_feeds:urlhaus_urls,2026-09-30T12:22:31Z,CLEAR,0.5,phishing;malware-url;urlhaus_urls,https://urlhaus.abuse.ch/downloads/csv_recent/
url,http://103.172.186.170:49799/i,text_feeds:urlhaus_urls,2026-09-30T12:22:31Z,CLEAR,0.5,phishing;malware-url;urlhaus_urls,https://urlhaus.abuse.ch/downloads/csv_recent/
url,http://103.172.186.194:44990/bin.sh,text_feeds:urlhaus_urls,2026-09-30T12:22:31Z,CLEAR,0.5,phishing;malware-url;urlhaus_urls,https://urlhaus.abuse.ch/downloads/csv_recent/
url,http://103.172.186.194:44990/i,text_feeds:urlhaus_urls,2026-09-30T12:22:31Z,CLEAR,0.5,phishing;malware-url;urlhaus_urls,https://urlhaus.abuse.ch/downloads/csv_recent/
url,http://103.252.219.217:50029/bin.sh,text_feeds:urlhaus_urls,2026-09-30T12:22:31Z,CLEAR,0.5,phishing;malware-url;urlhaus_urls,https://urlhaus.abuse.ch/downloads/csv_recent/
url,http://103.252.219.217:50029/i,text_feeds:urlhaus_urls,2026-09-30T12:22:31Z,CLEAR,0.5,phishing;malware-url;urlhaus_urls,https://urlhaus.abuse.ch/downloads/csv_recent/
url,http://105.184.239.238:53765/bin.sh,text_feeds:urlhaus_urls,2026-09-30T12:22:31Z,CLEAR,0.5,phishing;malware-url;urlhaus_urls,https://urlhaus.abuse.ch/downloads/csv_recent/
url,http://105.184.239.238:53765/i,text_feeds:urlhaus_urls,2026-09-30T12:22:31Z,CLEAR,0.5,phishing;malware-url;urlhaus_urls,https://urlhaus.abuse.ch/downloads/csv_recent/
url,http://105.186.247.57:51539/bin.sh,text_feeds:urlhaus_urls,2026-09-30T12:22:31Z,CLEAR,0.5,phishing;malware-url;urlhaus_urls,https://urlhaus.abuse.ch/downloads/csv_recent/
url,http://105.186.247.57:51539/i,text_feeds:urlhaus_urls,2026-09-30T12:22:31Z,CLEAR,0.5,phishing;malware-url;urlhaus_urls,https://urlhaus.abuse.ch/downloads/csv_recent/
url,http://105.224.47.70:38811/i,text_feeds:urlhaus_urls,2026-09-30T12:22:31Z,CLEAR,0.5,phishing;malware-url;urlhaus_urls,https://urlhaus.abuse.ch/downloads/csv_recent/
url,http://105.225.86.19:55707/i,text_feeds:urlhaus_urls,2026-09-30T12:22:31Z,CLEAR,0.5,phishing;malware-url;urlhaus_urls,https://urlhaus.abuse.ch/downloads/csv_recent/
url,http://107.172.235.223/img/3.jpg,text_feeds:urlhaus_urls,2026-09-30T12:22:31Z,CLEAR,0.5,phishing;malware-url;urlhaus_urls,https://urlhaus.abuse.ch/downloads/csv_recent/
url,http://112.198.194.175:38816/bin.sh,text_feeds:urlhaus_urls,2026-09-30T12:22:31Z,CLEAR,0.5,phishing;malware-url;urlhaus_urls,https://urlhaus.abuse.ch/downloads/csv_recent/
url,http://112.198.194.175:38816/i,text_feeds:urlhaus_urls,2026-09-30T12:22:31Z,CLEAR,0.5,phishing;malware-url;urlhaus_urls,https://urlhaus.abuse.ch/downloads/csv_recent/
url,http://112.239.98.236:49384/bin.sh,text_feeds:urlhaus_urls,2026-09-30T12:22:31Z,CLEAR,0.5,phishing;malware-url;urlhaus_urls,https://urlhaus.abuse.ch/downloads/csv_recent/
url,http://112.239.98.236:49384/i,text_feeds:urlhaus_urls,2026-09-30T12:22:31Z,CLEAR,0.5,phishing;malware-url;urlhaus_urls,https://urlhaus.abuse.ch/downloads/csv_recent/
url,http://112.248.143.211:35534/i,text_feeds:urlhaus_urls,2026-09-30T12:22:31Z,CLEAR,0.5,phishing;malware-url;urlhaus_urls,https://urlhaus.abuse.ch/downloads/csv_recent/
url,http://112.248.188.252:35543/bin.sh,text_feeds:urlhaus_urls,2026-09-30T12:22:31Z,CLEAR,0.5,phishing;malware-url;urlhaus_urls,https://urlhaus.abuse.ch/downloads/csv_recent/
url,http://112.248.188.252:35543/i,text_feeds:urlhaus_urls,2026-09-30T12:22:31Z,CLEAR,0.5,phishing;malware-url;urlhaus_urls,https://urlhaus.abuse.ch/downloads/csv_recent/
url,http://113.221.46.225:58353/i,text_feeds:urlhaus_urls,2026-09-30T12:22:31Z,CLEAR,0.5,phishing;malware-url;urlhaus_urls,https://urlhaus.abuse.ch/downloads/csv_recent/
url,http://113.221.97.64:34329/i,text_feeds:urlhaus_urls,2026-09-30T12:22:31Z,CLEAR,0.5,phishing;malware-url;urlhaus_urls,https://urlhaus.abuse.ch/downloads/csv_recent/
url,http://113.230.242.151:45138/bin.sh,text_feeds:urlhaus_urls,2026-09-30T12:22:31Z,CLEAR,0.5,phishing;malware-url;urlhaus_urls,https://urlhaus.abuse.ch/downloads/csv_recent/
url,http://113.230.242.151:45138/i,text_feeds:urlhaus_urls,2026-09-30T12:22:31Z,CLEAR,0.5,phishing;malware-url;urlhaus_urls,https://urlhaus.abuse.ch/downloads/csv_recent/
url,http://113.230.94.34:51478/bin.sh,text_feeds:urlhaus_urls,2026-09-30T12:22:31Z,CLEAR,0.5,phishing;malware-url;urlhaus_urls,https://urlhaus.abuse.ch/downloads/csv_recent/
url,http://113.236.234.222:53135/bin.sh,text_feeds:urlhaus_urls,2026-09-30T12:22:31Z,CLEAR,0.5,phishing;malware-url;urlhaus_urls,https://urlhaus.abuse.ch/downloads/csv_recent/
url,http://113.236.234.222:53135/i,text_feeds:urlhaus_urls,2026-09-30T12:22:31Z,CLEAR,0.5,phishing;malware-url;urlhaus_urls,https://urlhaus.abuse.ch/downloads/csv_recent/
url,http://113.237.37.78:60329/bin.sh,text_feeds:urlhaus_urls,2026-09-30T12:22:31Z,CLEAR,0.5,phishing;malware-url;urlhaus_urls,https://urlhaus.abuse.ch/downloads/csv_recent/
url,http://113.238.228.103:48279/bin.sh,text_feeds:urlhaus_urls,2026-09-30T12:22:31Z,CLEAR,0.5,phishing;malware-url;urlhaus_urls,https://urlhaus.abuse.ch/downloads/csv_recent/
url,http://113.239.243.14:58771/bin.sh,text_feeds:urlhaus_urls,2026-09-30T12:22:31Z,CLEAR,0.5,phishing;malware-url;urlhaus_urls,https://urlhaus.abuse.ch/downloads/csv_recent/
url,http://115.193.10.177:37315/i,text_feeds:urlhaus_urls,2026-09-30T12:22:31Z,CLEAR,0.5,phishing;malware-url;urlhaus_urls,https://urlhaus.abuse.ch/downloads/csv_recent/
url,http://115.205.191.19:47036/bin.sh,text_feeds:urlhaus_urls,2026-09-30T12:22:31Z,CLEAR,0.5,phishing;malware-url;urlhaus_urls,https://urlhaus.abuse.ch/downloads/csv_recent/
url,http://115.205.191.19:47036/i,text_feeds:urlhaus_urls,2026-09-30T12:22:31Z,CLEAR,0.5,phishing;malware-url;urlhaus_urls,https://urlhaus.abuse.ch/downloads/csv_recent/
url,http://115.49.79.234:53948/bin.sh,text_feeds:urlhaus_urls,2026-09-30T12:22:31Z,CLEAR,0.5,phishing;malware-url;urlhaus_urls,https://urlhaus.abuse.ch/downloads/csv_recent/
url,http://115.49.79.234:53948/i,text_feeds:urlhaus_urls,2026-09-30T12:22:31Z,CLEAR,0.5,phishing;malware-url;urlhaus_urls,https://urlhaus.abuse.ch/downloads/csv_recent/
url,http://115.50.105.81:59352/i,text_feeds:urlhaus_urls,2026-09-30T12:22:31Z,CLEAR,0.5,phishing;malware-url;urlhaus_urls,https://urlhaus.abuse.ch/downloads/csv_recent/
url,http://115.50.89.31:50619/bin.sh,text_feeds:urlhaus_urls,2026-09-30T12:22:31Z,CLEAR,0.5,phishing;malware-url;urlhaus_urls,https://urlhaus.abuse.ch/downloads/csv_recent/
url,http://115.50.89.31:50619/i,text_feeds:urlhaus_urls,2026-09-30T12:22:31Z,CLEAR,0.5,phishing;malware-url;urlhaus_urls,https://urlhaus.abuse.ch/downloads/csv_recent/
url,http://115.52.188.153:45845/i,text_feeds:urlhaus_urls,2026-09-30T12:22:31Z,CLEAR,0.5,phishing;malware-url;urlhaus_urls,https://urlhaus.abuse.ch/downloads/csv_recent/
url,http://115.55.132.192:36496/i,text_feeds:urlhaus_urls,2026-09-30T12:22:31Z,CLEAR,0.5,phishing;malware-url;urlhaus_urls,https://urlhaus.abuse.ch/downloads/csv_recent/
url,http://115.56.149.174:38372/bin.sh,text_feeds:urlhaus_urls,2026-09-30T12:22:31Z,CLEAR,0.5,phishing;malware-url;urlhaus_urls,https://urlhaus.abuse.ch/downloads/csv_recent/
url,http://115.57.186.197:57600/bin.sh,text_feeds:urlhaus_urls,2026-09-30T12:22:31Z,CLEAR,0.5,phishing;malware-url;urlhaus_urls,https://urlhaus.abuse.ch/downloads/csv_recent/
url,http://115.57.186.197:57600/i,text_feeds:urlhaus_urls,2026-09-30T12:22:31Z,CLEAR,0.5,phishing;malware-url;urlhaus_urls,https://urlhaus.abuse.ch/downloads/csv_recent/
url,http://115.58.179.244:33235/bin.sh,text_feeds:urlhaus_urls,2026-09-30T12:22:31Z,CLEAR,0.5,phishing;malware-url;urlhaus_urls,https://urlhaus.abuse.ch/downloads/csv_recent/
url,http://115.61.236.146:59968/bin.sh,text_feeds:urlhaus_urls,2026-09-30T12:22:31Z,CLEAR,0.5,phishing;malware-url;urlhaus_urls,https://urlhaus.abuse.ch/downloads/csv_recent/
url,http://115.61.7.215:35181/i,text_feeds:urlhaus_urls,2026-09-30T12:22:31Z,CLEAR,0.5,phishing;malware-url;urlhaus_urls,https://urlhaus.abuse.ch/downloads/csv_recent/
url,http://115.63.244.171:52991/i,text_feeds:urlhaus_urls,2026-09-30T12:22:31Z,CLEAR,0.5,phishing;malware-url;urlhaus_urls,https://urlhaus.abuse.ch/downloads/csv_recent/
url,http://117.63.189.217:40173/bin.sh,text_feeds:urlhaus_urls,2026-09-30T12:22:31Z,CLEAR,0.5,phishing;malware-url;urlhaus_urls,https://urlhaus.abuse.ch/downloads/csv_recent/
url,http://117.63.189.217:40173/i,text_feeds:urlhaus_urls,2026-09-30T12:22:31Z,CLEAR,0.5,phishing;malware-url;urlhaus_urls,https://urlhaus.abuse.ch/downloads/csv_recent/
url,http://119.116.36.88:41477/bin.sh,text_feeds:urlhaus_urls,2026-09-30T12:22:31Z,CLEAR,0.5,phishing;malware-url;urlhaus_urls,https://urlhaus.abuse.ch/downloads/csv_recent/
url,http://119.116.36.88:41477/i,text_feeds:urlhaus_urls,2026-09-30T12:22:31Z,CLEAR,0.5,phishing;malware-url;urlhaus_urls,https://urlhaus.abuse.ch/downloads/csv_recent/
url,http://119.117.112.16:53857/bin.sh,text_feeds:urlhaus_urls,2026-09-30T12:22:31Z,CLEAR,0.5,phishing;malware-url;urlhaus_urls,https://urlhaus.abuse.ch/downloads/csv_recent/
url,http://119.117.161.201:41335/bin.sh,text_feeds:urlhaus_urls,2026-09-30T12:22:31Z,CLEAR,0.5,phishing;malware-url;urlhaus_urls,https://urlhaus.abuse.ch/downloads/csv_recent/
url,http://119.117.161.201:41335/i,text_feeds:urlhaus_urls,2026-09-30T12:22:31Z,CLEAR,0.5,phishing;malware-url;urlhaus_urls,https://urlhaus.abuse.ch/downloads/csv_recent/
url,http://119.154.97.42:46082/i,text_feeds:urlhaus_urls,2026-09-30T12:22:31Z,CLEAR,0.5,phishing;malware-url;urlhaus_urls,https://urlhaus.abuse.ch/downloads/csv_recent/
url,http://119.154.99.35:46056/i,text_feeds:urlhaus_urls,2026-09-30T12:22:31Z,CLEAR,0.5,phishing;malware-url;urlhaus_urls,https://urlhaus.abuse.ch/downloads/csv_recent/
url,http://119.179.254.246:49561/bin.sh,text_feeds:urlhaus_urls,2026-09-30T12:22:31Z,CLEAR,0.5,phishing;malware-url;urlhaus_urls,https://urlhaus.abuse.ch/downloads/csv_recent/
url,http://119.179.254.246:49561/i,text_feeds:urlhaus_urls,2026-09-30T12:22:31Z,CLEAR,0.5,phishing;malware-url;urlhaus_urls,https://urlhaus.abuse.ch/downloads/csv_recent/
url,http://119.99.165.199:44042/i,text_feeds:urlhaus_urls,2026-09-30T12:22:31Z,CLEAR,0.5,phishing;malware-url;urlhaus_urls,https://urlhaus.abuse.ch/downloads/csv_recent/
url,http://119.99.91.121:46578/i,text_feeds:urlhaus_urls,2026-09-30T12:22:31Z,CLEAR,0.5,phishing;malware-url;urlhaus_urls,https://urlhaus.abuse.ch/downloads/csv_recent/
url,http://120.28.161.60:33403/bin.sh,text_feeds:urlhaus_urls,2026-09-30T12:22:31Z,CLEAR,0.5,phishing;malware-url;urlhaus_urls,https://urlhaus.abuse.ch/downloads/csv_recent/
url,http://120.28.161.60:33403/i,text_feeds:urlhaus_urls,2026-09-30T12:22:31Z,CLEAR,0.5,phishing;malware-url;urlhaus_urls,https://urlhaus.abuse.ch/downloads/csv_recent/
url,http://120.28.195.161:47210/i,text_feeds:urlhaus_urls,2026-09-30T12:22:31Z,CLEAR,0.5,phishing;malware-url;urlhaus_urls,https://urlhaus.abuse.ch/downloads/csv_recent/
url,http://120.84.212.102:56316/i,text_feeds:urlhaus_urls,2026-09-30T12:22:31Z,CLEAR,0.5,phishing;malware-url;urlhaus_urls,https://urlhaus.abuse.ch/downloads/csv_recent/
url,http://120.84.213.139:43148/bin.sh,text_feeds:urlhaus_urls,2026-09-30T12:22:31Z,CLEAR,0.5,phishing;malware-url;urlhaus_urls,https://urlhaus.abuse.ch/downloads/csv_recent/
url,http://120.84.213.172:59517/bin.sh,text_feeds:urlhaus_urls,2026-09-30T12:22:31Z,CLEAR,0.5,phishing;malware-url;urlhaus_urls,https://urlhaus.abuse.ch/downloads/csv_recent/
url,http://120.84.214.251:57988/i,text_feeds:urlhaus_urls,2026-09-30T12:22:31Z,CLEAR,0.5,phishing;malware-url;urlhaus_urls,https://urlhaus.abuse.ch/downloads/csv_recent/
url,http://121.231.77.1:3312/i,text_feeds:urlhaus_urls,2026-09-30T12:22:31Z,CLEAR,0.5,phishing;malware-url;urlhaus_urls,https://urlhaus.abuse.ch/downloads/csv_recent/
url,http://123.7.226.61:39775/bin.sh,text_feeds:urlhaus_urls,2026-09-30T12:22:31Z,CLEAR,0.5,phishing;malware-url;urlhaus_urls,https://urlhaus.abuse.ch/downloads/csv_recent/
url,http://123.7.226.61:39775/i,text_feeds:urlhaus_urls,2026-09-30T12:22:31Z,CLEAR,0.5,phishing;malware-url;urlhaus_urls,https://urlhaus.abuse.ch/downloads/csv_recent/
url,http://123.8.6.179:55524/bin.sh,text_feeds:urlhaus_urls,2026-09-30T12:22:31Z,CLEAR,0.5,phishing;malware-url;urlhaus_urls,https://urlhaus.abuse.ch/downloads/csv_recent/
url,http://123.8.6.179:55524/i,text_feeds:urlhaus_urls,2026-09-30T12:22:31Z,CLEAR,0.5,phishing;malware-url;urlhaus_urls,https://urlhaus.abuse.ch/downloads/csv_recent/
url,http://124.135.67.111:42156/mozi.a,text_feeds:urlhaus_urls,2026-09-30T12:22:31Z,CLEAR,0.5,phishing;malware-url;urlhaus_urls,https://urlhaus.abuse.ch/downloads/csv_recent/
url,http://125.123.82.231:60201/i,text_feeds:urlhaus_urls,2026-09-30T12:22:31Z,CLEAR,0.5,phishing;malware-url;urlhaus_urls,https://urlhaus.abuse.ch/downloads/csv_recent/
url,http://131.123.43.239/up,text_feeds:urlhaus_urls,2026-09-30T12:22:31Z,CLEAR,0.5,phishing;malware-url;urlhaus_urls,https://urlhaus.abuse.ch/downloads/csv_recent/
url,http://131.123.43.239:8123/pldq.sh,text_feeds:urlhaus_urls,2026-09-30T12:22:31Z,CLEAR,0.5,phishing;malware-url;urlhaus_urls,https://urlhaus.abuse.ch/downloads/csv_recent/
url,http://131.123.43.239:8123/plx.sh,text_feeds:urlhaus_urls,2026-09-30T12:22:31Z,CLEAR,0.5,phishing;malware-url;urlhaus_urls,https://urlhaus.abuse.ch/downloads/csv_recent/
url,http://131.123.43.239:8123/q.sh,text_feeds:urlhaus_urls,2026-09-30T12:22:31Z,CLEAR,0.5,phishing;malware-url;urlhaus_urls,https://urlhaus.abuse.ch/downloads/csv_recent/
url,http://131.123.43.239:8123/rs.sh,text_feeds:urlhaus_urls,2026-09-30T12:22:31Z,CLEAR,0.5,phishing;malware-url;urlhaus_urls,https://urlhaus.abuse.ch/downloads/csv_recent/
url,http://138.204.196.244:37931/i,text_feeds:urlhaus_urls,2026-09-30T12:22:31Z,CLEAR,0.5,phishing;malware-url;urlhaus_urls,https://urlhaus.abuse.ch/downloads/csv_recent/
url,http://139.95.24.51:8081/?h=139.95.24.51&p=8081&t=ws&a=l64&stage=true,text_feeds:threatfox_c2,2026-09-30T06:47:51Z,CLEAR,0.5,c2;threatfox_c2,https://threatfox.abuse.ch/export/csv/recent/
url,http://144.31.151.8,text_feeds:threatfox_c2,2026-09-30T05:49:38Z,CLEAR,0.5,c2;threatfox_c2,https://threatfox.abuse.ch/export/csv/recent/
url,http://146.19.213.28:443/?h=146.19.213.28&p=443&t=ws&a=w32&stage=true,text_feeds:threatfox_c2,2026-09-30T09:28:44Z,CLEAR,0.5,c2;threatfox_c2,https://threatfox.abuse.ch/export/csv/recent/
url,http://148.66.17.122:60003/?h=148.66.17.122&p=60003&t=ws&a=w64&stage=true,text_feeds:threatfox_c2,2026-09-30T05:49:29Z,CLEAR,0.5,c2;threatfox_c2,https://threatfox.abuse.ch/export/csv/recent/
url,http://148.66.17.125:60003/?h=148.66.17.125&p=60003&t=ws&a=w64&stage=true,text_feeds:threatfox_c2,2026-09-30T11:08:15Z,CLEAR,0.5,c2;threatfox_c2,https://threatfox.abuse.ch/export/csv/recent/
url,http://151.243.24.225/0uparm,text_feeds:urlhaus_urls,2026-09-30T12:22:31Z,CLEAR,0.5,phishing;malware-url;urlhaus_urls,https://urlhaus.abuse.ch/downloads/csv_recent/
url,http://151.243.24.225/0uparm5,text_feeds:urlhaus_urls,2026-09-30T12:22:31Z,CLEAR,0.5,phishing;malware-url;urlhaus_urls,https://urlhaus.abuse.ch/downloads/csv_recent/
url,http://151.243.24.225/0uparm6,text_feeds:urlhaus_urls,2026-09-30T12:22:31Z,CLEAR,0.5,phishing;malware-url;urlhaus_urls,https://urlhaus.abuse.ch/downloads/csv_recent/
url,http://151.243.24.225/0uparm7,text_feeds:urlhaus_urls,2026-09-30T12:22:31Z,CLEAR,0.5,phishing;malware-url;urlhaus_urls,https://urlhaus.abuse.ch/downloads/csv_recent/
url,http://151.243.24.225/0upm68k,text_feeds:urlhaus_urls,2026-09-30T12:22:31Z,CLEAR,0.5,phishing;malware-url;urlhaus_urls,https://urlhaus.abuse.ch/downloads/csv_recent/
url,http://151.243.24.225/0upmips,text_feeds:urlhaus_urls,2026-09-30T12:22:31Z,CLEAR,0.5,phishing;malware-url;urlhaus_urls,https://urlhaus.abuse.ch/downloads/csv_recent/
url,http://151.243.24.225/0upmpsl,text_feeds:urlhaus_urls,2026-09-30T12:22:31Z,CLEAR,0.5,phishing;malware-url;urlhaus_urls,https://urlhaus.abuse.ch/downloads/csv_recent/
url,http://151.243.24.225/0upppc,text_feeds:urlhaus_urls,2026-09-30T12:22:31Z,CLEAR,0.5,phishing;malware-url;urlhaus_urls,https://urlhaus.abuse.ch/downloads/csv_recent/
url,http://151.243.24.225/0upsh4,text_feeds:urlhaus_urls,2026-09-30T12:22:31Z,CLEAR,0.5,phishing;malware-url;urlhaus_urls,https://urlhaus.abuse.ch/downloads/csv_recent/
url,http://151.243.24.225/0upspc,text_feeds:urlhaus_urls,2026-09-30T12:22:31Z,CLEAR,0.5,phishing;malware-url;urlhaus_urls,https://urlhaus.abuse.ch/downloads/csv_recent/
url,http://151.243.24.225/0upx64,text_feeds:urlhaus_urls,2026-09-30T12:22:31Z,CLEAR,0.5,phishing;malware-url;urlhaus_urls,https://urlhaus.abuse.ch/downloads/csv_recent/
url,http://151.243.24.225/0upx86,text_feeds:urlhaus_urls,2026-09-30T12:22:31Z,CLEAR,0.5,phishing;malware-url;urlhaus_urls,https://urlhaus.abuse.ch/downloads/csv_recent/
url,http://151.243.24.225/ok,text_feeds:urlhaus_urls,2026-09-30T12:22:31Z,CLEAR,0.5,phishing;malware-url;urlhaus_urls,https://urlhaus.abuse.ch/downloads/csv_recent/
url,http://153.117.34.231:35083/mozi.a,text_feeds:threatfox_c2,2026-09-30T05:49:22Z,CLEAR,0.5,c2;threatfox_c2,https://threatfox.abuse.ch/export/csv/recent/
url,http://154.223.128.222:54472/bin.sh,text_feeds:urlhaus_urls,2026-09-30T12:22:31Z,CLEAR,0.5,phishing;malware-url;urlhaus_urls,https://urlhaus.abuse.ch/downloads/csv_recent/
url,http://156.251.16.126:8084/?h=156.251.16.126&p=8084&t=ws&a=w32&stage=true,text_feeds:threatfox_c2,2026-09-30T08:06:58Z,CLEAR,0.5,c2;threatfox_c2,https://threatfox.abuse.ch/export/csv/recent/
url,http://160.179.98.18:59492/bin.sh,text_feeds:urlhaus_urls,2026-09-30T12:22:31Z,CLEAR,0.5,phishing;malware-url;urlhaus_urls,https://urlhaus.abuse.ch/downloads/csv_recent/
url,http://160.179.98.18:59492/i,text_feeds:urlhaus_urls,2026-09-30T12:22:31Z,CLEAR,0.5,phishing;malware-url;urlhaus_urls,https://urlhaus.abuse.ch/downloads/csv_recent/
url,http://160.250.181.124/arm4,text_feeds:urlhaus_urls,2026-09-30T12:22:31Z,CLEAR,0.5,phishing;malware-url;urlhaus_urls,https://urlhaus.abuse.ch/downloads/csv_recent/
url,http://160.250.181.124/arm5,text_feeds:urlhaus_urls,2026-09-30T12:22:31Z,CLEAR,0.5,phishing;malware-url;urlhaus_urls,https://urlhaus.abuse.ch/downloads/csv_recent/
url,http://160.250.181.124/arm6,text_feeds:urlhaus_urls,2026-09-30T12:22:31Z,CLEAR,0.5,phishing;malware-url;urlhaus_urls,https://urlhaus.abuse.ch/downloads/csv_recent/
url,http://160.250.181.124/arm7,text_feeds:urlhaus_urls,2026-09-30T12:22:31Z,CLEAR,0.5,phishing;malware-url;urlhaus_urls,https://urlhaus.abuse.ch/downloads/csv_recent/
url,http://160.250.181.124/mips,text_feeds:urlhaus_urls,2026-09-30T12:22:31Z,CLEAR,0.5,phishing;malware-url;urlhaus_urls,https://urlhaus.abuse.ch/downloads/csv_recent/
url,http://160.250.181.124/x86_64,text_feeds:urlhaus_urls,2026-09-30T12:22:31Z,CLEAR,0.5,phishing;malware-url;urlhaus_urls,https://urlhaus.abuse.ch/downloads/csv_recent/
url,http://163.142.93.26:45931/i,text_feeds:urlhaus_urls,2026-09-30T12:22:31Z,CLEAR,0.5,phishing;malware-url;urlhaus_urls,https://urlhaus.abuse.ch/downloads/csv_recent/
url,http://171.38.149.69:45678/bin.sh,text_feeds:urlhaus_urls,2026-09-30T12:22:31Z,CLEAR,0.5,phishing;malware-url;urlhaus_urls,https://urlhaus.abuse.ch/downloads/csv_recent/
url,http://171.38.149.69:45678/i,text_feeds:urlhaus_urls,2026-09-30T12:22:31Z,CLEAR,0.5,phishing;malware-url;urlhaus_urls,https://urlhaus.abuse.ch/downloads/csv_recent/
url,http://172.245.209.172/55/img_94905005050.jpg.js,text_feeds:urlhaus_urls,2026-09-30T12:22:31Z,CLEAR,0.5,phishing;malware-url;urlhaus_urls,https://urlhaus.abuse.ch/downloads/csv_recent/
url,http://175.147.231.222:55108/bin.sh,text_feeds:urlhaus_urls,2026-09-30T12:22:31Z,CLEAR,0.5,phishing;malware-url;urlhaus_urls,https://urlhaus.abuse.ch/downloads/csv_recent/
url,http://175.147.231.222:55108/i,text_feeds:urlhaus_urls,2026-09-30T12:22:31Z,CLEAR,0.5,phishing;malware-url;urlhaus_urls,https://urlhaus.abuse.ch/downloads/csv_recent/
url,http://175.160.101.22:58191/bin.sh,text_feeds:urlhaus_urls,2026-09-30T12:22:31Z,CLEAR,0.5,phishing;malware-url;urlhaus_urls,https://urlhaus.abuse.ch/downloads/csv_recent/
url,http://175.165.81.177:45157/bin.sh,text_feeds:urlhaus_urls,2026-09-30T12:22:31Z,CLEAR,0.5,phishing;malware-url;urlhaus_urls,https://urlhaus.abuse.ch/downloads/csv_recent/
url,http://175.165.81.177:45157/i,text_feeds:urlhaus_urls,2026-09-30T12:22:31Z,CLEAR,0.5,phishing;malware-url;urlhaus_urls,https://urlhaus.abuse.ch/downloads/csv_recent/
url,http://175.165.83.137:42890/bin.sh,text_feeds:urlhaus_urls,2026-09-30T12:22:31Z,CLEAR,0.5,phishing;malware-url;urlhaus_urls,https://urlhaus.abuse.ch/downloads/csv_recent/
url,http://175.165.87.230:52406/i,text_feeds:urlhaus_urls,2026-09-30T12:22:31Z,CLEAR,0.5,phishing;malware-url;urlhaus_urls,https://urlhaus.abuse.ch/downloads/csv_recent/
url,http://175.170.11.184:37375/bin.sh,text_feeds:urlhaus_urls,2026-09-30T12:22:31Z,CLEAR,0.5,phishing;malware-url;urlhaus_urls,https://urlhaus.abuse.ch/downloads/csv_recent/
url,http://175.173.212.106:56893/i,text_feeds:urlhaus_urls,2026-09-30T12:22:31Z,CLEAR,0.5,phishing;malware-url;urlhaus_urls,https://urlhaus.abuse.ch/downloads/csv_recent/
url,http://176.65.139.135/arm,text_feeds:urlhaus_urls,2026-09-30T12:22:31Z,CLEAR,0.5,phishing;malware-url;urlhaus_urls,https://urlhaus.abuse.ch/downloads/csv_recent/
url,http://176.65.139.135/arm5,text_feeds:urlhaus_urls,2026-09-30T12:22:31Z,CLEAR,0.5,phishing;malware-url;urlhaus_urls,https://urlhaus.abuse.ch/downloads/csv_recent/
url,http://176.65.139.135/arm6,text_feeds:urlhaus_urls,2026-09-30T12:22:31Z,CLEAR,0.5,phishing;malware-url;urlhaus_urls,https://urlhaus.abuse.ch/downloads/csv_recent/
url,http://176.65.139.135/arm7,text_feeds:urlhaus_urls,2026-09-30T12:22:31Z,CLEAR,0.5,phishing;malware-url;urlhaus_urls,https://urlhaus.abuse.ch/downloads/csv_recent/
url,http://176.65.139.135/bins/arm,text_feeds:urlhaus_urls,2026-09-30T12:22:31Z,CLEAR,0.5,phishing;malware-url;urlhaus_urls,https://urlhaus.abuse.ch/downloads/csv_recent/
url,http://176.65.139.135/bins/arm5,text_feeds:urlhaus_urls,2026-09-30T12:22:31Z,CLEAR,0.5,phishing;malware-url;urlhaus_urls,https://urlhaus.abuse.ch/downloads/csv_recent/
url,http://176.65.139.135/bins/arm6,text_feeds:urlhaus_urls,2026-09-30T12:22:31Z,CLEAR,0.5,phishing;malware-url;urlhaus_urls,https://urlhaus.abuse.ch/downloads/csv_recent/
url,http://176.65.139.135/bins/arm7,text_feeds:urlhaus_urls,2026-09-30T12:22:31Z,CLEAR,0.5,phishing;malware-url;urlhaus_urls,https://urlhaus.abuse.ch/downloads/csv_recent/
url,http://176.65.139.135/bins/m68k,text_feeds:urlhaus_urls,2026-09-30T12:22:31Z,CLEAR,0.5,phishing;malware-url;urlhaus_urls,https://urlhaus.abuse.ch/downloads/csv_recent/
url,http://176.65.139.135/bins/mips,text_feeds:urlhaus_urls,2026-09-30T12:22:31Z,CLEAR,0.5,phishing;malware-url;urlhaus_urls,https://urlhaus.abuse.ch/downloads/csv_recent/
url,http://176.65.139.135/bins/mpsl,text_feeds:urlhaus_urls,2026-09-30T12:22:31Z,CLEAR,0.5,phishing;malware-url;urlhaus_urls,https://urlhaus.abuse.ch/downloads/csv_recent/
url,http://176.65.139.135/bins/ppc,text_feeds:urlhaus_urls,2026-09-30T12:22:31Z,CLEAR,0.5,phishing;malware-url;urlhaus_urls,https://urlhaus.abuse.ch/downloads/csv_recent/
url,http://176.65.139.135/bins/sh4,text_feeds:urlhaus_urls,2026-09-30T12:22:31Z,CLEAR,0.5,phishing;malware-url;urlhaus_urls,https://urlhaus.abuse.ch/downloads/csv_recent/
url,http://176.65.139.135/bins/spc,text_feeds:urlhaus_urls,2026-09-30T12:22:31Z,CLEAR,0.5,phishing;malware-url;urlhaus_urls,https://urlhaus.abuse.ch/downloads/csv_recent/
url,http://176.65.139.135/m68k,text_feeds:urlhaus_urls,2026-09-30T12:22:31Z,CLEAR,0.5,phishing;malware-url;urlhaus_urls,https://urlhaus.abuse.ch/downloads/csv_recent/
url,http://176.65.139.135/mips,text_feeds:urlhaus_urls,2026-09-30T12:22:31Z,CLEAR,0.5,phishing;malware-url;urlhaus_urls,https://urlhaus.abuse.ch/downloads/csv_recent/
url,http://176.65.139.135/spc,text_feeds:urlhaus_urls,2026-09-30T12:22:31Z,CLEAR,0.5,phishing;malware-url;urlhaus_urls,https://urlhaus.abuse.ch/downloads/csv_recent/
url,http://178.16.53.91:8443/?h=178.16.53.91&p=8443&t=tcp&a=l32&stage=true,text_feeds:threatfox_c2,2026-09-30T09:57:03Z,CLEAR,0.5,c2;threatfox_c2,https://threatfox.abuse.ch/export/csv/recent/
url,http://178.16.54.109/solopada,text_feeds:urlhaus_urls,2026-09-30T12:22:31Z,CLEAR,0.5,phishing;malware-url;urlhaus_urls,https://urlhaus.abuse.ch/downloads/csv_recent/
url,http://179.49.213.85:58769/i,text_feeds:urlhaus_urls,2026-09-30T12:22:31Z,CLEAR,0.5,phishing;malware-url;urlhaus_urls,https://urlhaus.abuse.ch/downloads/csv_recent/
url,http://180.190.188.110:41166/bin.sh,text_feeds:urlhaus_urls,2026-09-30T12:22:31Z,CLEAR,0.5,phishing;malware-url;urlhaus_urls,https://urlhaus.abuse.ch/downloads/csv_recent/
url,http://180.190.202.144:58114/i,text_feeds:urlhaus_urls,2026-09-30T12:22:31Z,CLEAR,0.5,phishing;malware-url;urlhaus_urls,https://urlhaus.abuse.ch/downloads/csv_recent/
url,http://180.191.123.162:54155/i,text_feeds:urlhaus_urls,2026-09-30T12:22:31Z,CLEAR,0.5,phishing;malware-url;urlhaus_urls,https://urlhaus.abuse.ch/downloads/csv_recent/
url,http://180.243.179.18:38219/i,text_feeds:urlhaus_urls,2026-09-30T12:22:31Z,CLEAR,0.5,phishing;malware-url;urlhaus_urls,https://urlhaus.abuse.ch/downloads/csv_recent/
url,http://180.249.37.145:56583/mozi.m,text_feeds:threatfox_c2,2026-09-30T06:28:17Z,CLEAR,0.5,c2;threatfox_c2,https://threatfox.abuse.ch/export/csv/recent/
url,http://181.174.231.21:33868/i,text_feeds:urlhaus_urls,2026-09-30T12:22:31Z,CLEAR,0.5,phishing;malware-url;urlhaus_urls,https://urlhaus.abuse.ch/downloads/csv_recent/
url,http://182.113.11.106:51276/i,text_feeds:urlhaus_urls,2026-09-30T12:22:31Z,CLEAR,0.5,phishing;malware-url;urlhaus_urls,https://urlhaus.abuse.ch/downloads/csv_recent/
url,http://182.116.117.82:60594/i,text_feeds:urlhaus_urls,2026-09-30T12:22:31Z,CLEAR,0.5,phishing;malware-url;urlhaus_urls,https://urlhaus.abuse.ch/downloads/csv_recent/
url,http://182.116.121.56:39682/i,text_feeds:urlhaus_urls,2026-09-30T12:22:31Z,CLEAR,0.5,phishing;malware-url;urlhaus_urls,https://urlhaus.abuse.ch/downloads/csv_recent/
url,http://182.116.123.107:40523/bin.sh,text_feeds:urlhaus_urls,2026-09-30T12:22:31Z,CLEAR,0.5,phishing;malware-url;urlhaus_urls,https://urlhaus.abuse.ch/downloads/csv_recent/
url,http://182.116.123.107:40523/i,text_feeds:urlhaus_urls,2026-09-30T12:22:31Z,CLEAR,0.5,phishing;malware-url;urlhaus_urls,https://urlhaus.abuse.ch/downloads/csv_recent/
url,http://182.117.25.168:59885/i,text_feeds:urlhaus_urls,2026-09-30T12:22:31Z,CLEAR,0.5,phishing;malware-url;urlhaus_urls,https://urlhaus.abuse.ch/downloads/csv_recent/
url,http://182.119.166.213:41734/bin.sh,text_feeds:urlhaus_urls,2026-09-30T12:22:31Z,CLEAR,0.5,phishing;malware-url;urlhaus_urls,https://urlhaus.abuse.ch/downloads/csv_recent/
url,http://182.122.239.54:43134/bin.sh,text_feeds:urlhaus_urls,2026-09-30T12:22:31Z,CLEAR,0.5,phishing;malware-url;urlhaus_urls,https://urlhaus.abuse.ch/downloads/csv_recent/
url,http://182.122.239.54:43134/i,text_feeds:urlhaus_urls,2026-09-30T12:22:31Z,CLEAR,0.5,phishing;malware-url;urlhaus_urls,https://urlhaus.abuse.ch/downloads/csv_recent/
url,http://182.123.208.11:33900/bin.sh,text_feeds:urlhaus_urls,2026-09-30T12:22:31Z,CLEAR,0.5,phishing;malware-url;urlhaus_urls,https://urlhaus.abuse.ch/downloads/csv_recent/
url,http://182.123.208.11:33900/i,text_feeds:urlhaus_urls,2026-09-30T12:22:31Z,CLEAR,0.5,phishing;malware-url;urlhaus_urls,https://urlhaus.abuse.ch/downloads/csv_recent/
url,http://182.124.40.197:43364/bin.sh,text_feeds:urlhaus_urls,2026-09-30T12:22:31Z,CLEAR,0.5,phishing;malware-url;urlhaus_urls,https://urlhaus.abuse.ch/downloads/csv_recent/
url,http://182.124.40.197:43364/i,text_feeds:urlhaus_urls,2026-09-30T12:22:31Z,CLEAR,0.5,phishing;malware-url;urlhaus_urls,https://urlhaus.abuse.ch/downloads/csv_recent/
url,http://182.126.212.96:42118/i,text_feeds:urlhaus_urls,2026-09-30T12:22:31Z,CLEAR,0.5,phishing;malware-url;urlhaus_urls,https://urlhaus.abuse.ch/downloads/csv_recent/
url,http://182.127.123.209:40669/bin.sh,text_feeds:urlhaus_urls,2026-09-30T12:22:31Z,CLEAR,0.5,phishing;malware-url;urlhaus_urls,https://urlhaus.abuse.ch/downloads/csv_recent/
url,http://182.127.123.209:40669/i,text_feeds:urlhaus_urls,2026-09-30T12:22:31Z,CLEAR,0.5,phishing;malware-url;urlhaus_urls,https://urlhaus.abuse.ch/downloads/csv_recent/
url,http://185.166.155.221/clip.exe,text_feeds:urlhaus_urls,2026-09-30T12:22:31Z,CLEAR,0.5,phishing;malware-url;urlhaus_urls,https://urlhaus.abuse.ch/downloads/csv_recent/
url,http://185.166.155.221/grab.exe,text_feeds:urlhaus_urls,2026-09-30T12:22:31Z,CLEAR,0.5,phishing;malware-url;urlhaus_urls,https://urlhaus.abuse.ch/downloads/csv_recent/
url,http://185.166.155.221/teststil.exe,text_feeds:urlhaus_urls,2026-09-30T12:22:31Z,CLEAR,0.5,phishing;malware-url;urlhaus_urls,https://urlhaus.abuse.ch/downloads/csv_recent/
url,http://185.39.181.103:35427/i,text_feeds:urlhaus_urls,2026-09-30T12:22:31Z,CLEAR,0.5,phishing;malware-url;urlhaus_urls,https://urlhaus.abuse.ch/downloads/csv_recent/
url,http://186.149.204.12:37515/bin.sh,text_feeds:urlhaus_urls,2026-09-30T12:22:31Z,CLEAR,0.5,phishing;malware-url;urlhaus_urls,https://urlhaus.abuse.ch/downloads/csv_recent/
url,http://186.149.204.12:37515/i,text_feeds:urlhaus_urls,2026-09-30T12:22:31Z,CLEAR,0.5,phishing;malware-url;urlhaus_urls,https://urlhaus.abuse.ch/downloads/csv_recent/
url,http://187.121.141.140:53752/bin.sh,text_feeds:urlhaus_urls,2026-09-30T12:22:31Z,CLEAR,0.5,phishing;malware-url;urlhaus_urls,https://urlhaus.abuse.ch/downloads/csv_recent/
url,http://190.103.70.8:55858/bin.sh,text_feeds:urlhaus_urls,2026-09-30T12:22:31Z,CLEAR,0.5,phishing;malware-url;urlhaus_urls,https://urlhaus.abuse.ch/downloads/csv_recent/
url,http://190.103.70.8:55858/i,text_feeds:urlhaus_urls,2026-09-30T12:22:31Z,CLEAR,0.5,phishing;malware-url;urlhaus_urls,https://urlhaus.abuse.ch/downloads/csv_recent/
url,http://190.109.227.240:35220/bin.sh,text_feeds:urlhaus_urls,2026-09-30T12:22:31Z,CLEAR,0.5,phishing;malware-url;urlhaus_urls,https://urlhaus.abuse.ch/downloads/csv_recent/
url,http://194.26.220.134:34097/i,text_feeds:urlhaus_urls,2026-09-30T12:22:31Z,CLEAR,0.5,phishing;malware-url;urlhaus_urls,https://urlhaus.abuse.ch/downloads/csv_recent/
url,http://196.189.9.27:41305/i,text_feeds:urlhaus_urls,2026-09-30T12:22:31Z,CLEAR,0.5,phishing;malware-url;urlhaus_urls,https://urlhaus.abuse.ch/downloads/csv_recent/
url,http://196.190.105.170:47840/i,text_feeds:urlhaus_urls,2026-09-30T12:22:31Z,CLEAR,0.5,phishing;malware-url;urlhaus_urls,https://urlhaus.abuse.ch/downloads/csv_recent/
url,http://196.190.195.130:38274/i,text_feeds:urlhaus_urls,2026-09-30T12:22:31Z,CLEAR,0.5,phishing;malware-url;urlhaus_urls,https://urlhaus.abuse.ch/downloads/csv_recent/
url,http://200.115.102.246:36653/i,text_feeds:urlhaus_urls,2026-09-30T12:22:31Z,CLEAR,0.5,phishing;malware-url;urlhaus_urls,https://urlhaus.abuse.ch/downloads/csv_recent/
url,http://202.166.165.60:49979/i,text_feeds:urlhaus_urls,2026-09-30T12:22:31Z,CLEAR,0.5,phishing;malware-url;urlhaus_urls,https://urlhaus.abuse.ch/downloads/csv_recent/
url,http://202.61.138.81:443/?h=202.61.138.81&p=443&t=tcp&a=w32&stage=true,text_feeds:threatfox_c2,2026-09-30T05:49:16Z,CLEAR,0.5,c2;threatfox_c2,https://threatfox.abuse.ch/export/csv/recent/
url,http://202.61.138.81:443/?h=202.61.138.81&p=443&t=tcp&a=w64&stage=true,text_feeds:threatfox_c2,2026-09-30T05:49:27Z,CLEAR,0.5,c2;threatfox_c2,https://threatfox.abuse.ch/export/csv/recent/
url,http://203.221.8.159:35564/i,text_feeds:urlhaus_urls,2026-09-30T12:22:31Z,CLEAR,0.5,phishing;malware-url;urlhaus_urls,https://urlhaus.abuse.ch/downloads/csv_recent/
url,http://209.126.103.97/pemex.sh,text_feeds:urlhaus_urls,2026-09-30T12:22:31Z,CLEAR,0.5,phishing;malware-url;urlhaus_urls,https://urlhaus.abuse.ch/downloads/csv_recent/
url,http://210.97.100.192:53396/i,text_feeds:urlhaus_urls,2026-09-30T12:22:31Z,CLEAR,0.5,phishing;malware-url;urlhaus_urls,https://urlhaus.abuse.ch/downloads/csv_recent/
url,http://211.158.150.254:59626/bin.sh,text_feeds:urlhaus_urls,2026-09-30T12:22:31Z,CLEAR,0.5,phishing;malware-url;urlhaus_urls,https://urlhaus.abuse.ch/downloads/csv_recent/
url,http://213.66.64.21:51943/bin.sh,text_feeds:urlhaus_urls,2026-09-30T12:22:31Z,CLEAR,0.5,phishing;malware-url;urlhaus_urls,https://urlhaus.abuse.ch/downloads/csv_recent/
url,http://213.66.64.21:51943/i,text_feeds:urlhaus_urls,2026-09-30T12:22:31Z,CLEAR,0.5,phishing;malware-url;urlhaus_urls,https://urlhaus.abuse.ch/downloads/csv_recent/
url,http://218.16.164.246:41915/i,text_feeds:urlhaus_urls,2026-09-30T12:22:31Z,CLEAR,0.5,phishing;malware-url;urlhaus_urls,https://urlhaus.abuse.ch/downloads/csv_recent/
url,http://218.60.176.42:46601/i,text_feeds:urlhaus_urls,2026-09-30T12:22:31Z,CLEAR,0.5,phishing;malware-url;urlhaus_urls,https://urlhaus.abuse.ch/downloads/csv_recent/
url,http://219.155.208.166:42904/i,text_feeds:urlhaus_urls,2026-09-30T12:22:31Z,CLEAR,0.5,phishing;malware-url;urlhaus_urls,https://urlhaus.abuse.ch/downloads/csv_recent/
url,http://221.225.254.239:35167/bin.sh,text_feeds:urlhaus_urls,2026-09-30T12:22:31Z,CLEAR,0.5,phishing;malware-url;urlhaus_urls,https://urlhaus.abuse.ch/downloads/csv_recent/
url,http://222.124.55.6:35367/bin.sh,text_feeds:urlhaus_urls,2026-09-30T12:22:31Z,CLEAR,0.5,phishing;malware-url;urlhaus_urls,https://urlhaus.abuse.ch/downloads/csv_recent/
url,http://222.127.53.189:51343/bin.sh,text_feeds:urlhaus_urls,2026-09-30T12:22:31Z,CLEAR,0.5,phishing;malware-url;urlhaus_urls,https://urlhaus.abuse.ch/downloads/csv_recent/
url,http://222.127.63.144:52226/bin.sh,text_feeds:urlhaus_urls,2026-09-30T12:22:31Z,CLEAR,0.5,phishing;malware-url;urlhaus_urls,https://urlhaus.abuse.ch/downloads/csv_recent/
url,http://222.127.71.33:46157/i,text_feeds:urlhaus_urls,2026-09-30T12:22:31Z,CLEAR,0.5,phishing;malware-url;urlhaus_urls,https://urlhaus.abuse.ch/downloads/csv_recent/
url,http://222.127.73.23:42679/bin.sh,text_feeds:urlhaus_urls,2026-09-30T12:22:31Z,CLEAR,0.5,phishing;malware-url;urlhaus_urls,https://urlhaus.abuse.ch/downloads/csv_recent/
url,http://222.137.105.190:55766/i,text_feeds:urlhaus_urls,2026-09-30T12:22:31Z,CLEAR,0.5,phishing;malware-url;urlhaus_urls,https://urlhaus.abuse.ch/downloads/csv_recent/
url,http://222.137.138.7:39392/bin.sh,text_feeds:urlhaus_urls,2026-09-30T12:22:31Z,CLEAR,0.5,phishing;malware-url;urlhaus_urls,https://urlhaus.abuse.ch/downloads/csv_recent/
url,http://222.137.138.7:39392/i,text_feeds:urlhaus_urls,2026-09-30T12:22:31Z,CLEAR,0.5,phishing;malware-url;urlhaus_urls,https://urlhaus.abuse.ch/downloads/csv_recent/
url,http://222.137.22.204:60483/bin.sh,text_feeds:urlhaus_urls,2026-09-30T12:22:31Z,CLEAR,0.5,phishing;malware-url;urlhaus_urls,https://urlhaus.abuse.ch/downloads/csv_recent/
url,http://222.137.22.204:60483/i,text_feeds:urlhaus_urls,2026-09-30T12:22:31Z,CLEAR,0.5,phishing;malware-url;urlhaus_urls,https://urlhaus.abuse.ch/downloads/csv_recent/
url,http://222.137.36.26:57891/bin.sh,text_feeds:urlhaus_urls,2026-09-30T12:22:31Z,CLEAR,0.5,phishing;malware-url;urlhaus_urls,https://urlhaus.abuse.ch/downloads/csv_recent/
url,http://222.137.36.26:57891/i,text_feeds:urlhaus_urls,2026-09-30T12:22:31Z,CLEAR,0.5,phishing;malware-url;urlhaus_urls,https://urlhaus.abuse.ch/downloads/csv_recent/
url,http://222.138.119.35:37962/bin.sh,text_feeds:urlhaus_urls,2026-09-30T12:22:31Z,CLEAR,0.5,phishing;malware-url;urlhaus_urls,https://urlhaus.abuse.ch/downloads/csv_recent/
url,http://222.138.119.35:37962/i,text_feeds:urlhaus_urls,2026-09-30T12:22:31Z,CLEAR,0.5,phishing;malware-url;urlhaus_urls,https://urlhaus.abuse.ch/downloads/csv_recent/
url,http://222.141.136.78:39236/i,text_feeds:urlhaus_urls,2026-09-30T12:22:31Z,CLEAR,0.5,phishing;malware-url;urlhaus_urls,https://urlhaus.abuse.ch/downloads/csv_recent/
url,http://222.141.43.139:50825/bin.sh,text_feeds:urlhaus_urls,2026-09-30T12:22:31Z,CLEAR,0.5,phishing;malware-url;urlhaus_urls,https://urlhaus.abuse.ch/downloads/csv_recent/
url,http://222.142.202.135:52734/bin.sh,text_feeds:urlhaus_urls,2026-09-30T12:22:31Z,CLEAR,0.5,phishing;malware-url;urlhaus_urls,https://urlhaus.abuse.ch/downloads/csv_recent/
url,http://222.142.220.150:54414/i,text_feeds:urlhaus_urls,2026-09-30T12:22:31Z,CLEAR,0.5,phishing;malware-url;urlhaus_urls,https://urlhaus.abuse.ch/downloads/csv_recent/
url,http://222.220.247.123:48119/bin.sh,text_feeds:urlhaus_urls,2026-09-30T12:22:31Z,CLEAR,0.5,phishing;malware-url;urlhaus_urls,https://urlhaus.abuse.ch/downloads/csv_recent/
url,http://222.220.247.123:48119/i,text_feeds:urlhaus_urls,2026-09-30T12:22:31Z,CLEAR,0.5,phishing;malware-url;urlhaus_urls,https://urlhaus.abuse.ch/downloads/csv_recent/
url,http://27.202.242.64:54178/bin.sh,text_feeds:urlhaus_urls,2026-09-30T12:22:31Z,CLEAR,0.5,phishing;malware-url;urlhaus_urls,https://urlhaus.abuse.ch/downloads/csv_recent/
url,http://27.204.193.238:45881/bin.sh,text_feeds:urlhaus_urls,2026-09-30T12:22:31Z,CLEAR,0.5,phishing;malware-url;urlhaus_urls,https://urlhaus.abuse.ch/downloads/csv_recent/
url,http://27.204.193.238:45881/i,text_feeds:urlhaus_urls,2026-09-30T12:22:31Z,CLEAR,0.5,phishing;malware-url;urlhaus_urls,https://urlhaus.abuse.ch/downloads/csv_recent/
url,http://27.215.127.195:41248/bin.sh,text_feeds:urlhaus_urls,2026-09-30T12:22:31Z,CLEAR,0.5,phishing;malware-url;urlhaus_urls,https://urlhaus.abuse.ch/downloads/csv_recent/
url,http://27.215.127.195:41248/i,text_feeds:urlhaus_urls,2026-09-30T12:22:31Z,CLEAR,0.5,phishing;malware-url;urlhaus_urls,https://urlhaus.abuse.ch/downloads/csv_recent/
url,http://27.215.180.151:42764/bin.sh,text_feeds:urlhaus_urls,2026-09-30T12:22:31Z,CLEAR,0.5,phishing;malware-url;urlhaus_urls,https://urlhaus.abuse.ch/downloads/csv_recent/
url,http://27.215.180.151:42764/i,text_feeds:urlhaus_urls,2026-09-30T12:22:31Z,CLEAR,0.5,phishing;malware-url;urlhaus_urls,https://urlhaus.abuse.ch/downloads/csv_recent/
url,http://27.220.95.236:55514/bin.sh,text_feeds:urlhaus_urls,2026-09-30T12:22:31Z,CLEAR,0.5,phishing;malware-url;urlhaus_urls,https://urlhaus.abuse.ch/downloads/csv_recent/
url,http://27.44.145.149:44234/i,text_feeds:urlhaus_urls,2026-09-30T12:22:31Z,CLEAR,0.5,phishing;malware-url;urlhaus_urls,https://urlhaus.abuse.ch/downloads/csv_recent/
url,http://27.44.146.138:52695/bin.sh,text_feeds:urlhaus_urls,2026-09-30T12:22:31Z,CLEAR,0.5,phishing;malware-url;urlhaus_urls,https://urlhaus.abuse.ch/downloads/csv_recent/
url,http://27.44.146.192:53273/bin.sh,text_feeds:urlhaus_urls,2026-09-30T12:22:31Z,CLEAR,0.5,phishing;malware-url;urlhaus_urls,https://urlhaus.abuse.ch/downloads/csv_recent/
url,http://34.89.60.35/stripe.exe,text_feeds:urlhaus_urls,2026-09-30T12:22:31Z,CLEAR,0.5,phishing;malware-url;urlhaus_urls,https://urlhaus.abuse.ch/downloads/csv_recent/
url,http://36.71.17.24:39847/i,text_feeds:urlhaus_urls,2026-09-30T12:22:31Z,CLEAR,0.5,phishing;malware-url;urlhaus_urls,https://urlhaus.abuse.ch/downloads/csv_recent/
url,http://38.137.249.60:39717/bin.sh,text_feeds:urlhaus_urls,2026-09-30T12:22:31Z,CLEAR,0.5,phishing;malware-url;urlhaus_urls,https://urlhaus.abuse.ch/downloads/csv_recent/
url,http://38.137.249.60:39717/i,text_feeds:urlhaus_urls,2026-09-30T12:22:31Z,CLEAR,0.5,phishing;malware-url;urlhaus_urls,https://urlhaus.abuse.ch/downloads/csv_recent/
url,http://39.34.207.135:39673/i,text_feeds:urlhaus_urls,2026-09-30T12:22:31Z,CLEAR,0.5,phishing;malware-url;urlhaus_urls,https://urlhaus.abuse.ch/downloads/csv_recent/
url,http://39.38.205.21:43762/i,text_feeds:urlhaus_urls,2026-09-30T12:22:31Z,CLEAR,0.5,phishing;malware-url;urlhaus_urls,https://urlhaus.abuse.ch/downloads/csv_recent/
url,http://39.39.25.233:47126/bin.sh,text_feeds:urlhaus_urls,2026-09-30T12:22:31Z,CLEAR,0.5,phishing;malware-url;urlhaus_urls,https://urlhaus.abuse.ch/downloads/csv_recent/
url,http://39.39.25.233:47126/i,text_feeds:urlhaus_urls,2026-09-30T12:22:31Z,CLEAR,0.5,phishing;malware-url;urlhaus_urls,https://urlhaus.abuse.ch/downloads/csv_recent/
url,http://39.57.99.253:41303/i,text_feeds:urlhaus_urls,2026-09-30T12:22:31Z,CLEAR,0.5,phishing;malware-url;urlhaus_urls,https://urlhaus.abuse.ch/downloads/csv_recent/
url,http://39.90.144.140:50338/bin.sh,text_feeds:urlhaus_urls,2026-09-30T12:22:31Z,CLEAR,0.5,phishing;malware-url;urlhaus_urls,https://urlhaus.abuse.ch/downloads/csv_recent/
url,http://39.90.144.140:50338/i,text_feeds:urlhaus_urls,2026-09-30T12:22:31Z,CLEAR,0.5,phishing;malware-url;urlhaus_urls,https://urlhaus.abuse.ch/downloads/csv_recent/
url,http://41.142.43.253:44688/i,text_feeds:urlhaus_urls,2026-09-30T12:22:31Z,CLEAR,0.5,phishing;malware-url;urlhaus_urls,https://urlhaus.abuse.ch/downloads/csv_recent/
url,http://41.216.226.56:51974/i,text_feeds:urlhaus_urls,2026-09-30T12:22:31Z,CLEAR,0.5,phishing;malware-url;urlhaus_urls,https://urlhaus.abuse.ch/downloads/csv_recent/
url,http://42.180.85.86:44269/bin.sh,text_feeds:urlhaus_urls,2026-09-30T12:22:31Z,CLEAR,0.5,phishing;malware-url;urlhaus_urls,https://urlhaus.abuse.ch/downloads/csv_recent/
url,http://42.180.85.86:44269/i,text_feeds:urlhaus_urls,2026-09-30T12:22:31Z,CLEAR,0.5,phishing;malware-url;urlhaus_urls,https://urlhaus.abuse.ch/downloads/csv_recent/
url,http://42.224.194.138:58573/i,text_feeds:urlhaus_urls,2026-09-30T12:22:31Z,CLEAR,0.5,phishing;malware-url;urlhaus_urls,https://urlhaus.abuse.ch/downloads/csv_recent/
url,http://42.224.252.148:51347/i,text_feeds:urlhaus_urls,2026-09-30T12:22:31Z,CLEAR,0.5,phishing;malware-url;urlhaus_urls,https://urlhaus.abuse.ch/downloads/csv_recent/
url,http://42.224.65.82:47701/i,text_feeds:urlhaus_urls,2026-09-30T12:22:31Z,CLEAR,0.5,phishing;malware-url;urlhaus_urls,https://urlhaus.abuse.ch/downloads/csv_recent/
url,http://42.224.94.161:48225/bin.sh,text_feeds:urlhaus_urls,2026-09-30T12:22:31Z,CLEAR,0.5,phishing;malware-url;urlhaus_urls,https://urlhaus.abuse.ch/downloads/csv_recent/
url,http://42.225.14.228:51095/i,text_feeds:urlhaus_urls,2026-09-30T12:22:31Z,CLEAR,0.5,phishing;malware-url;urlhaus_urls,https://urlhaus.abuse.ch/downloads/csv_recent/
url,http://42.226.69.93:55546/bin.sh,text_feeds:urlhaus_urls,2026-09-30T12:22:31Z,CLEAR,0.5,phishing;malware-url;urlhaus_urls,https://urlhaus.abuse.ch/downloads/csv_recent/
url,http://42.226.69.93:55546/i,text_feeds:urlhaus_urls,2026-09-30T12:22:31Z,CLEAR,0.5,phishing;malware-url;urlhaus_urls,https://urlhaus.abuse.ch/downloads/csv_recent/
url,http://42.229.165.9:55384/bin.sh,text_feeds:urlhaus_urls,2026-09-30T12:22:31Z,CLEAR,0.5,phishing;malware-url;urlhaus_urls,https://urlhaus.abuse.ch/downloads/csv_recent/
url,http://42.230.206.118:44734/bin.sh,text_feeds:urlhaus_urls,2026-09-30T12:22:31Z,CLEAR,0.5,phishing;malware-url;urlhaus_urls,https://urlhaus.abuse.ch/downloads/csv_recent/
url,http://42.231.107.205:46973/i,text_feeds:urlhaus_urls,2026-09-30T12:22:31Z,CLEAR,0.5,phishing;malware-url;urlhaus_urls,https://urlhaus.abuse.ch/downloads/csv_recent/
url,http://42.232.75.152:40145/bin.sh,text_feeds:urlhaus_urls,2026-09-30T12:22:31Z,CLEAR,0.5,phishing;malware-url;urlhaus_urls,https://urlhaus.abuse.ch/downloads/csv_recent/
url,http://42.232.75.152:40145/i,text_feeds:urlhaus_urls,2026-09-30T12:22:31Z,CLEAR,0.5,phishing;malware-url;urlhaus_urls,https://urlhaus.abuse.ch/downloads/csv_recent/
url,http://42.238.170.251:57332/bin.sh,text_feeds:urlhaus_urls,2026-09-30T12:22:31Z,CLEAR,0.5,phishing;malware-url;urlhaus_urls,https://urlhaus.abuse.ch/downloads/csv_recent/
url,http://42.238.170.251:57332/i,text_feeds:urlhaus_urls,2026-09-30T12:22:31Z,CLEAR,0.5,phishing;malware-url;urlhaus_urls,https://urlhaus.abuse.ch/downloads/csv_recent/
url,http://42.238.243.197:47417/i,text_feeds:urlhaus_urls,2026-09-30T12:22:31Z,CLEAR,0.5,phishing;malware-url;urlhaus_urls,https://urlhaus.abuse.ch/downloads/csv_recent/
url,http://42.239.109.120:48525/bin.sh,text_feeds:urlhaus_urls,2026-09-30T12:22:31Z,CLEAR,0.5,phishing;malware-url;urlhaus_urls,https://urlhaus.abuse.ch/downloads/csv_recent/
url,http://42.239.109.120:48525/i,text_feeds:urlhaus_urls,2026-09-30T12:22:31Z,CLEAR,0.5,phishing;malware-url;urlhaus_urls,https://urlhaus.abuse.ch/downloads/csv_recent/
url,http://42.239.152.137:46765/bin.sh,text_feeds:urlhaus_urls,2026-09-30T12:22:31Z,CLEAR,0.5,phishing;malware-url;urlhaus_urls,https://urlhaus.abuse.ch/downloads/csv_recent/
url,http://42.239.152.137:46765/i,text_feeds:urlhaus_urls,2026-09-30T12:22:31Z,CLEAR,0.5,phishing;malware-url;urlhaus_urls,https://urlhaus.abuse.ch/downloads/csv_recent/
url,http://42.5.130.144:35073/i,text_feeds:urlhaus_urls,2026-09-30T12:22:31Z,CLEAR,0.5,phishing;malware-url;urlhaus_urls,https://urlhaus.abuse.ch/downloads/csv_recent/
url,http://42.52.196.15:39377/i,text_feeds:urlhaus_urls,2026-09-30T12:22:31Z,CLEAR,0.5,phishing;malware-url;urlhaus_urls,https://urlhaus.abuse.ch/downloads/csv_recent/
url,http://42.56.194.171:41737/bin.sh,text_feeds:urlhaus_urls,2026-09-30T12:22:31Z,CLEAR,0.5,phishing;malware-url;urlhaus_urls,https://urlhaus.abuse.ch/downloads/csv_recent/
url,http://42.56.194.171:41737/i,text_feeds:urlhaus_urls,2026-09-30T12:22:31Z,CLEAR,0.5,phishing;malware-url;urlhaus_urls,https://urlhaus.abuse.ch/downloads/csv_recent/
url,http://43.111.235.219:16667/?h=43.111.235.219&p=16667&t=tcp&a=l64&stage=true,text_feeds:threatfox_c2,2026-09-30T08:06:58Z,CLEAR,0.5,c2;threatfox_c2,https://threatfox.abuse.ch/export/csv/recent/
url,http://43.254.207.35:45644/i,text_feeds:urlhaus_urls,2026-09-30T12:22:31Z,CLEAR,0.5,phishing;malware-url;urlhaus_urls,https://urlhaus.abuse.ch/downloads/csv_recent/
url,http://45.163.86.184:52229/bin.sh,text_feeds:urlhaus_urls,2026-09-30T12:22:31Z,CLEAR,0.5,phishing;malware-url;urlhaus_urls,https://urlhaus.abuse.ch/downloads/csv_recent/
url,http://45.163.86.184:52229/i,text_feeds:urlhaus_urls,2026-09-30T12:22:31Z,CLEAR,0.5,phishing;malware-url;urlhaus_urls,https://urlhaus.abuse.ch/downloads/csv_recent/
url,http://45.171.177.193:52155/bin.sh,text_feeds:urlhaus_urls,2026-09-30T12:22:31Z,CLEAR,0.5,phishing;malware-url;urlhaus_urls,https://urlhaus.abuse.ch/downloads/csv_recent/
url,http://45.171.177.193:52155/i,text_feeds:urlhaus_urls,2026-09-30T12:22:31Z,CLEAR,0.5,phishing;malware-url;urlhaus_urls,https://urlhaus.abuse.ch/downloads/csv_recent/
url,http://45.174.0.26:45602/bin.sh,text_feeds:urlhaus_urls,2026-09-30T12:22:31Z,CLEAR,0.5,phishing;malware-url;urlhaus_urls,https://urlhaus.abuse.ch/downloads/csv_recent/
url,http://5.165.228.242:23299/bin.sh,text_feeds:urlhaus_urls,2026-09-30T12:22:31Z,CLEAR,0.5,phishing;malware-url;urlhaus_urls,https://urlhaus.abuse.ch/downloads/csv_recent/
url,http://5.206.227.37:60144/linux,text_feeds:urlhaus_urls,2026-09-30T12:22:31Z,CLEAR,0.5,phishing;malware-url;urlhaus_urls,https://urlhaus.abuse.ch/downloads/csv_recent/
url,http://51.144.45.141/exe_0707/client.exe,text_feeds:threatfox_c2,2026-09-30T09:57:03Z,CLEAR,0.5,c2;threatfox_c2,https://threatfox.abuse.ch/export/csv/recent/
url,http://58.47.104.163:35522/i,text_feeds:urlhaus_urls,2026-09-30T12:22:31Z,CLEAR,0.5,phishing;malware-url;urlhaus_urls,https://urlhaus.abuse.ch/downloads/csv_recent/
url,http://58.47.17.20:45141/i,text_feeds:urlhaus_urls,2026-09-30T12:22:31Z,CLEAR,0.5,phishing;malware-url;urlhaus_urls,https://urlhaus.abuse.ch/downloads/csv_recent/
url,http://59.103.116.83:56134/i,text_feeds:urlhaus_urls,2026-09-30T12:22:31Z,CLEAR,0.5,phishing;malware-url;urlhaus_urls,https://urlhaus.abuse.ch/downloads/csv_recent/
url,http://59.180.181.204:47627/bin.sh,text_feeds:urlhaus_urls,2026-09-30T12:22:31Z,CLEAR,0.5,phishing;malware-url;urlhaus_urls,https://urlhaus.abuse.ch/downloads/csv_recent/
url,http://59.180.181.204:47627/i,text_feeds:urlhaus_urls,2026-09-30T12:22:31Z,CLEAR,0.5,phishing;malware-url;urlhaus_urls,https://urlhaus.abuse.ch/downloads/csv_recent/
url,http://59.58.115.103:56313/i,text_feeds:urlhaus_urls,2026-09-30T12:22:31Z,CLEAR,0.5,phishing;malware-url;urlhaus_urls,https://urlhaus.abuse.ch/downloads/csv_recent/
url,http://59.96.139.34:41830/bin.sh,text_feeds:urlhaus_urls,2026-09-30T12:22:31Z,CLEAR,0.5,phishing;malware-url;urlhaus_urls,https://urlhaus.abuse.ch/downloads/csv_recent/
url,http://59.96.140.224:60418/bin.sh,text_feeds:urlhaus_urls,2026-09-30T12:22:31Z,CLEAR,0.5,phishing;malware-url;urlhaus_urls,https://urlhaus.abuse.ch/downloads/csv_recent/
url,http://59.96.140.224:60418/i,text_feeds:urlhaus_urls,2026-09-30T12:22:31Z,CLEAR,0.5,phishing;malware-url;urlhaus_urls,https://urlhaus.abuse.ch/downloads/csv_recent/
url,http://59.96.141.187:33588/i,text_feeds:urlhaus_urls,2026-09-30T12:22:31Z,CLEAR,0.5,phishing;malware-url;urlhaus_urls,https://urlhaus.abuse.ch/downloads/csv_recent/
url,http://59.96.141.2:47868/i,text_feeds:urlhaus_urls,2026-09-30T12:22:31Z,CLEAR,0.5,phishing;malware-url;urlhaus_urls,https://urlhaus.abuse.ch/downloads/csv_recent/
url,http://59.96.142.189:51736/bin.sh,text_feeds:urlhaus_urls,2026-09-30T12:22:31Z,CLEAR,0.5,phishing;malware-url;urlhaus_urls,https://urlhaus.abuse.ch/downloads/csv_recent/
url,http://59.96.142.189:51736/i,text_feeds:urlhaus_urls,2026-09-30T12:22:31Z,CLEAR,0.5,phishing;malware-url;urlhaus_urls,https://urlhaus.abuse.ch/downloads/csv_recent/
url,http://59.97.248.150:48716/bin.sh,text_feeds:urlhaus_urls,2026-09-30T12:22:31Z,CLEAR,0.5,phishing;malware-url;urlhaus_urls,https://urlhaus.abuse.ch/downloads/csv_recent/
url,http://59.97.248.150:48716/i,text_feeds:urlhaus_urls,2026-09-30T12:22:31Z,CLEAR,0.5,phishing;malware-url;urlhaus_urls,https://urlhaus.abuse.ch/downloads/csv_recent/
url,http://59.97.251.166:57710/bin.sh,text_feeds:urlhaus_urls,2026-09-30T12:22:31Z,CLEAR,0.5,phishing;malware-url;urlhaus_urls,https://urlhaus.abuse.ch/downloads/csv_recent/
url,http://59.97.251.166:57710/i,text_feeds:urlhaus_urls,2026-09-30T12:22:31Z,CLEAR,0.5,phishing;malware-url;urlhaus_urls,https://urlhaus.abuse.ch/downloads/csv_recent/
url,http://59.97.255.29:43241/i,text_feeds:urlhaus_urls,2026-09-30T12:22:31Z,CLEAR,0.5,phishing;malware-url;urlhaus_urls,https://urlhaus.abuse.ch/downloads/csv_recent/
url,http://60.19.217.107:36620/i,text_feeds:urlhaus_urls,2026-09-30T12:22:31Z,CLEAR,0.5,phishing;malware-url;urlhaus_urls,https://urlhaus.abuse.ch/downloads/csv_recent/
url,http://60.23.235.19:47196/i,text_feeds:urlhaus_urls,2026-09-30T12:22:31Z,CLEAR,0.5,phishing;malware-url;urlhaus_urls,https://urlhaus.abuse.ch/downloads/csv_recent/
url,http://60.23.237.100:34954/i,text_feeds:urlhaus_urls,2026-09-30T12:22:31Z,CLEAR,0.5,phishing;malware-url;urlhaus_urls,https://urlhaus.abuse.ch/downloads/csv_recent/
url,http://61.136.86.187:54523/bin.sh,text_feeds:urlhaus_urls,2026-09-30T12:22:31Z,CLEAR,0.5,phishing;malware-url;urlhaus_urls,https://urlhaus.abuse.ch/downloads/csv_recent/
url,http://61.136.86.187:54523/i,text_feeds:urlhaus_urls,2026-09-30T12:22:31Z,CLEAR,0.5,phishing;malware-url;urlhaus_urls,https://urlhaus.abuse.ch/downloads/csv_recent/
url,http://61.136.87.191:41220/i,text_feeds:urlhaus_urls,2026-09-30T12:22:31Z,CLEAR,0.5,phishing;malware-url;urlhaus_urls,https://urlhaus.abuse.ch/downloads/csv_recent/
url,http://61.163.130.41:37975/i,text_feeds:urlhaus_urls,2026-09-30T12:22:31Z,CLEAR,0.5,phishing;malware-url;urlhaus_urls,https://urlhaus.abuse.ch/downloads/csv_recent/
url,http://61.53.107.20:37834/i,text_feeds:urlhaus_urls,2026-09-30T12:22:31Z,CLEAR,0.5,phishing;malware-url;urlhaus_urls,https://urlhaus.abuse.ch/downloads/csv_recent/
url,http://61.53.218.227:44615/bin.sh,text_feeds:urlhaus_urls,2026-09-30T12:22:31Z,CLEAR,0.5,phishing;malware-url;urlhaus_urls,https://urlhaus.abuse.ch/downloads/csv_recent/
url,http://61.53.89.172:58830/bin.sh,text_feeds:urlhaus_urls,2026-09-30T12:22:31Z,CLEAR,0.5,phishing;malware-url;urlhaus_urls,https://urlhaus.abuse.ch/downloads/csv_recent/
url,http://61.53.89.172:58830/i,text_feeds:urlhaus_urls,2026-09-30T12:22:31Z,CLEAR,0.5,phishing;malware-url;urlhaus_urls,https://urlhaus.abuse.ch/downloads/csv_recent/
url,http://66.8.135.142:36280/bin.sh,text_feeds:urlhaus_urls,2026-09-30T12:22:31Z,CLEAR,0.5,phishing;malware-url;urlhaus_urls,https://urlhaus.abuse.ch/downloads/csv_recent/
url,http://66.8.135.142:36280/i,text_feeds:urlhaus_urls,2026-09-30T12:22:31Z,CLEAR,0.5,phishing;malware-url;urlhaus_urls,https://urlhaus.abuse.ch/downloads/csv_recent/
url,http://77.32.122.59:36965/bin.sh,text_feeds:urlhaus_urls,2026-09-30T12:22:31Z,CLEAR,0.5,phishing;malware-url;urlhaus_urls,https://urlhaus.abuse.ch/downloads/csv_recent/
url,http://77.32.122.59:36965/i,text_feeds:urlhaus_urls,2026-09-30T12:22:31Z,CLEAR,0.5,phishing;malware-url;urlhaus_urls,https://urlhaus.abuse.ch/downloads/csv_recent/
url,http://79.36.217.100:45375/bin.sh,text_feeds:urlhaus_urls,2026-09-30T12:22:31Z,CLEAR,0.5,phishing;malware-url;urlhaus_urls,https://urlhaus.abuse.ch/downloads/csv_recent/
url,http://81.26.83.155:58389/i,text_feeds:urlhaus_urls,2026-09-30T12:22:31Z,CLEAR,0.5,phishing;malware-url;urlhaus_urls,https://urlhaus.abuse.ch/downloads/csv_recent/
url,http://83.168.69.95/x86_64,text_feeds:urlhaus_urls,2026-09-30T12:22:31Z,CLEAR,0.5,phishing;malware-url;urlhaus_urls,https://urlhaus.abuse.ch/downloads/csv_recent/
url,http://86.107.14.245:38851/bin.sh,text_feeds:urlhaus_urls,2026-09-30T12:22:31Z,CLEAR,0.5,phishing;malware-url;urlhaus_urls,https://urlhaus.abuse.ch/downloads/csv_recent/
url,http://86.107.14.245:38851/i,text_feeds:urlhaus_urls,2026-09-30T12:22:31Z,CLEAR,0.5,phishing;malware-url;urlhaus_urls,https://urlhaus.abuse.ch/downloads/csv_recent/
url,http://91.92.242.236/files-129312398/files/file_10d4ece2c9e4d42c.exe,text_feeds:urlhaus_urls,2026-09-30T12:22:31Z,CLEAR,0.5,phishing;malware-url;urlhaus_urls,https://urlhaus.abuse.ch/downloads/csv_recent/
url,http://91.92.242.236/files-129312398/files/file_53f26aa255487411.exe,text_feeds:urlhaus_urls,2026-09-30T12:22:31Z,CLEAR,0.5,phishing;malware-url;urlhaus_urls,https://urlhaus.abuse.ch/downloads/csv_recent/
url,http://91.92.242.236/files-129312398/files/file_6e3e4cd57f3bdadd.exe,text_feeds:urlhaus_urls,2026-09-30T12:22:31Z,CLEAR,0.5,phishing;malware-url;urlhaus_urls,https://urlhaus.abuse.ch/downloads/csv_recent/
url,http://91.92.242.236/files-129312398/files/file_7d75a79198b16112.exe,text_feeds:urlhaus_urls,2026-09-30T12:22:31Z,CLEAR,0.5,phishing;malware-url;urlhaus_urls,https://urlhaus.abuse.ch/downloads/csv_recent/
url,http://91.92.242.236/files-129312398/files/file_d704a83d08416a2d.exe,text_feeds:urlhaus_urls,2026-09-30T12:22:31Z,CLEAR,0.5,phishing;malware-url;urlhaus_urls,https://urlhaus.abuse.ch/downloads/csv_recent/
url,http://91.92.242.236/files-129312398/files/file_ea030d4efa812b7c.exe,text_feeds:urlhaus_urls,2026-09-30T12:22:31Z,CLEAR,0.5,phishing;malware-url;urlhaus_urls,https://urlhaus.abuse.ch/downloads/csv_recent/
url,http://assetvs.biz:4529/images,text_feeds:threatfox_c2,2026-09-29T22:54:23Z,CLEAR,0.5,c2;threatfox_c2,https://threatfox.abuse.ch/export/csv/recent/
url,http://autriep.click:9832/categories,text_feeds:threatfox_c2,2026-09-30T00:43:39Z,CLEAR,0.5,c2;threatfox_c2,https://threatfox.abuse.ch/export/csv/recent/
url,http://b.9-9-11.com/brysj/b.sh,text_feeds:urlhaus_urls,2026-09-30T12:22:31Z,CLEAR,0.5,phishing;malware-url;urlhaus_urls,https://urlhaus.abuse.ch/downloads/csv_recent/
url,http://bescaphoto.ga,text_feeds:threatfox_c2,2026-09-30T09:28:46Z,CLEAR,0.5,c2;threatfox_c2,https://threatfox.abuse.ch/export/csv/recent/
url,http://bins.oceanic-node.su/curl.sh,text_feeds:urlhaus_urls,2026-09-30T12:22:31Z,CLEAR,0.5,phishing;malware-url;urlhaus_urls,https://urlhaus.abuse.ch/downloads/csv_recent/
url,http://bins.oceanic-node.su/wget.sh,text_feeds:urlhaus_urls,2026-09-30T12:22:31Z,CLEAR,0.5,phishing;malware-url;urlhaus_urls,https://urlhaus.abuse.ch/downloads/csv_recent/
url,http://caxools.click:7728/comments,text_feeds:threatfox_c2,2026-09-30T04:15:23Z,CLEAR,0.5,c2;threatfox_c2,https://threatfox.abuse.ch/export/csv/recent/
url,http://caxools.click:7728/tags,text_feeds:threatfox_c2,2026-09-30T01:41:42Z,CLEAR,0.5,c2;threatfox_c2,https://threatfox.abuse.ch/export/csv/recent/
url,http://caxools.click:7728/tokens,text_feeds:threatfox_c2,2026-09-29T20:34:23Z,CLEAR,0.5,c2;threatfox_c2,https://threatfox.abuse.ch/export/csv/recent/
url,http://creesbs.sbs:9932/documents,text_feeds:threatfox_c2,2026-09-30T00:43:39Z,CLEAR,0.5,c2;threatfox_c2,https://threatfox.abuse.ch/export/csv/recent/
url,http://creesbs.sbs:9932/products,text_feeds:threatfox_c2,2026-09-30T03:44:03Z,CLEAR,0.5,c2;threatfox_c2,https://threatfox.abuse.ch/export/csv/recent/
url,http://creesbs.sbs:9932/profiles,text_feeds:threatfox_c2,2026-09-30T11:54:23Z,CLEAR,0.5,c2;threatfox_c2,https://threatfox.abuse.ch/export/csv/recent/
url,http://creesbs.sbs:9932/tags,text_feeds:threatfox_c2,2026-09-30T10:36:08Z,CLEAR,0.5,c2;threatfox_c2,https://threatfox.abuse.ch/export/csv/recent/
url,http://creesbs.sbs:9932/tasks,text_feeds:threatfox_c2,2026-09-30T10:57:43Z,CLEAR,0.5,c2;threatfox_c2,https://threatfox.abuse.ch/export/csv/recent/
url,http://creesbs.sbs:9932/tokens,text_feeds:threatfox_c2,2026-09-29T23:57:13Z,CLEAR,0.5,c2;threatfox_c2,https://threatfox.abuse.ch/export/csv/recent/
url,http://eliroup.best:5621/payments,text_feeds:threatfox_c2,2026-09-30T11:54:23Z,CLEAR,0.5,c2;threatfox_c2,https://threatfox.abuse.ch/export/csv/recent/
url,http://eliroup.best:5621/workspaces,text_feeds:threatfox_c2,2026-09-30T10:57:43Z,CLEAR,0.5,c2;threatfox_c2,https://threatfox.abuse.ch/export/csv/recent/
url,http://equigfy.biz:9932/comments,text_feeds:threatfox_c2,2026-09-30T07:51:53Z,CLEAR,0.5,c2;threatfox_c2,https://threatfox.abuse.ch/export/csv/recent/
url,http://equigfy.biz:9932/reviews,text_feeds:threatfox_c2,2026-09-29T22:54:23Z,CLEAR,0.5,c2;threatfox_c2,https://threatfox.abuse.ch/export/csv/recent/
url,http://equigfy.biz:9932/tokens,text_feeds:threatfox_c2,2026-09-30T00:28:37Z,CLEAR,0.5,c2;threatfox_c2,https://threatfox.abuse.ch/export/csv/recent/
url,http://fujeigroup.com:8888/web/img_031721.png,text_feeds:urlhaus_urls,2026-09-30T12:22:31Z,CLEAR,0.5,phishing;malware-url;urlhaus_urls,https://urlhaus.abuse.ch/downloads/csv_recent/
url,http://fujeigroup.com:8888/web/img_173933.png,text_feeds:urlhaus_urls,2026-09-30T12:22:31Z,CLEAR,0.5,phishing;malware-url;urlhaus_urls,https://urlhaus.abuse.ch/downloads/csv_recent/
url,http://fujeigroup.com:8888/web/img_193047.png,text_feeds:urlhaus_urls,2026-09-30T12:22:31Z,CLEAR,0.5,phishing;malware-url;urlhaus_urls,https://urlhaus.abuse.ch/downloads/csv_recent/
url,http://fujeigroup.com:8888/web/img_200150.png,text_feeds:urlhaus_urls,2026-09-30T12:22:31Z,CLEAR,0.5,phishing;malware-url;urlhaus_urls,https://urlhaus.abuse.ch/downloads/csv_recent/
url,http://gerzone.click:4262/comments,text_feeds:threatfox_c2,2026-09-30T01:41:42Z,CLEAR,0.5,c2;threatfox_c2,https://threatfox.abuse.ch/export/csv/recent/
url,http://gerzone.click:4262/messages,text_feeds:threatfox_c2,2026-09-30T04:15:23Z,CLEAR,0.5,c2;threatfox_c2,https://threatfox.abuse.ch/export/csv/recent/
url,http://glotech.art:9932/customers,text_feeds:threatfox_c2,2026-09-30T07:51:53Z,CLEAR,0.5,c2;threatfox_c2,https://threatfox.abuse.ch/export/csv/recent/
url,http://glotech.art:9932/events,text_feeds:threatfox_c2,2026-09-29T21:39:23Z,CLEAR,0.5,c2;threatfox_c2,https://threatfox.abuse.ch/export/csv/recent/
url,http://glotech.art:9932/reviews,text_feeds:threatfox_c2,2026-09-30T00:28:37Z,CLEAR,0.5,c2;threatfox_c2,https://threatfox.abuse.ch/export/csv/recent/
url,http://johnsonsvalves.cam/hf1w1z5k,text_feeds:urlhaus_urls,2026-09-30T12:22:31Z,CLEAR,0.5,phishing;malware-url;urlhaus_urls,https://urlhaus.abuse.ch/downloads/csv_recent/
url,http://petcarv.click:8239/comments,text_feeds:threatfox_c2,2026-09-29T21:39:23Z,CLEAR,0.5,c2;threatfox_c2,https://threatfox.abuse.ch/export/csv/recent/
url,http://petcarv.click:8239/images,text_feeds:threatfox_c2,2026-09-29T20:34:23Z,CLEAR,0.5,c2;threatfox_c2,https://threatfox.abuse.ch/export/csv/recent/
url,http://petcarv.click:8239/payments,text_feeds:threatfox_c2,2026-09-30T10:57:43Z,CLEAR,0.5,c2;threatfox_c2,https://threatfox.abuse.ch/export/csv/recent/
url,http://petcarv.click:8239/permissions,text_feeds:threatfox_c2,2026-09-29T21:23:38Z,CLEAR,0.5,c2;threatfox_c2,https://threatfox.abuse.ch/export/csv/recent/
url,http://petcarv.click:8239/posts,text_feeds:threatfox_c2,2026-09-30T10:36:08Z,CLEAR,0.5,c2;threatfox_c2,https://threatfox.abuse.ch/export/csv/recent/
url,http://petcarv.click:8239/settings,text_feeds:threatfox_c2,2026-09-29T23:57:13Z,CLEAR,0.5,c2;threatfox_c2,https://threatfox.abuse.ch/export/csv/recent/
url,http://smatart.my:8531/articles,text_feeds:threatfox_c2,2026-09-29T21:23:38Z,CLEAR,0.5,c2;threatfox_c2,https://threatfox.abuse.ch/export/csv/recent/
url,http://smatart.my:8531/notifications,text_feeds:threatfox_c2,2026-09-29T21:39:23Z,CLEAR,0.5,c2;threatfox_c2,https://threatfox.abuse.ch/export/csv/recent/
url,http://smatart.my:8531/payments,text_feeds:threatfox_c2,2026-09-30T10:36:08Z,CLEAR,0.5,c2;threatfox_c2,https://threatfox.abuse.ch/export/csv/recent/
url,http://smatart.my:8531/products,text_feeds:threatfox_c2,2026-09-30T00:43:39Z,CLEAR,0.5,c2;threatfox_c2,https://threatfox.abuse.ch/export/csv/recent/
url,http://smatart.my:8531/projects,text_feeds:threatfox_c2,2026-09-30T03:44:03Z,CLEAR,0.5,c2;threatfox_c2,https://threatfox.abuse.ch/export/csv/recent/
url,http://smatart.my:8531/tasks,text_feeds:threatfox_c2,2026-09-29T23:57:13Z,CLEAR,0.5,c2;threatfox_c2,https://threatfox.abuse.ch/export/csv/recent/
url,http://sxdment.click:5003/messages,text_feeds:threatfox_c2,2026-09-29T20:34:23Z,CLEAR,0.5,c2;threatfox_c2,https://threatfox.abuse.ch/export/csv/recent/
url,http://synerfy.biz:6627/imports,text_feeds:threatfox_c2,2026-09-29T22:54:23Z,CLEAR,0.5,c2;threatfox_c2,https://threatfox.abuse.ch/export/csv/recent/
url,http://tradingengineers.in/troldbundne.thn,text_feeds:urlhaus_urls,2026-09-30T12:22:31Z,CLEAR,0.5,phishing;malware-url;urlhaus_urls,https://urlhaus.abuse.ch/downloads/csv_recent/
url,http://trenpeak.click:9837/settings,text_feeds:threatfox_c2,2026-09-30T11:54:23Z,CLEAR,0.5,c2;threatfox_c2,https://threatfox.abuse.ch/export/csv/recent/
url,https://107.175.88.100/img/remcos_a.dat,text_feeds:threatfox_c2,2026-09-30T11:08:14Z,CLEAR,0.5,c2;threatfox_c2,https://threatfox.abuse.ch/export/csv/recent/
url,https://172.236.206.79,text_feeds:threatfox_c2,2026-09-30T11:08:15Z,CLEAR,0.5,c2;threatfox_c2,https://threatfox.abuse.ch/export/csv/recent/
url,https://2.28.204.175,text_feeds:threatfox_c2,2026-09-29T22:45:31Z,CLEAR,0.5,c2;threatfox_c2,https://threatfox.abuse.ch/export/csv/recent/
url,https://217.60.103.200,text_feeds:threatfox_c2,2026-09-30T09:38:04Z,CLEAR,0.5,c2;threatfox_c2,https://threatfox.abuse.ch/export/csv/recent/
url,https://6ab746fb57212ca6e1e7b121.imgix.net/img_142142.png,text_feeds:urlhaus_urls,2026-09-30T12:22:31Z,CLEAR,0.5,phishing;malware-url;urlhaus_urls,https://urlhaus.abuse.ch/downloads/csv_recent/
url,https://91.228.153.116:6886,text_feeds:threatfox_c2,2026-09-30T05:49:39Z,CLEAR,0.5,c2;threatfox_c2,https://threatfox.abuse.ch/export/csv/recent/
url,https://ahsniper.org/ah-sniper-v2.1.9-1.21.11.jar,text_feeds:urlhaus_urls,2026-09-30T12:22:31Z,CLEAR,0.5,phishing;malware-url;urlhaus_urls,https://urlhaus.abuse.ch/downloads/csv_recent/
url,https://argon-client.com/argonclient-1.21.11.jar,text_feeds:urlhaus_urls,2026-09-30T12:22:31Z,CLEAR,0.5,phishing;malware-url;urlhaus_urls,https://urlhaus.abuse.ch/downloads/csv_recent/
url,https://argon-client.com/argonclient-26.2.jar,text_feeds:urlhaus_urls,2026-09-30T12:22:31Z,CLEAR,0.5,phishing;malware-url;urlhaus_urls,https://urlhaus.abuse.ch/downloads/csv_recent/
url,https://bomboclat.sbs/get/config,text_feeds:threatfox_c2,2026-09-30T05:49:20Z,CLEAR,0.5,c2;threatfox_c2,https://threatfox.abuse.ch/export/csv/recent/
url,https://bomboclat.sbs/ws,text_feeds:threatfox_c2,2026-09-30T05:49:20Z,CLEAR,0.5,c2;threatfox_c2,https://threatfox.abuse.ch/export/csv/recent/
url,https://browscheck.codes,text_feeds:threatfox_c2,2026-09-30T11:08:10Z,CLEAR,0.5,c2;threatfox_c2,https://threatfox.abuse.ch/export/csv/recent/
url,https://bumcoinc.site/binsir/img_sir035737.png,text_feeds:urlhaus_urls,2026-09-30T12:22:31Z,CLEAR,0.5,phishing;malware-url;urlhaus_urls,https://urlhaus.abuse.ch/downloads/csv_recent/
url,https://carolcolecatholicartist.com/wp-includes/js/jquery/articles.zip,text_feeds:threatfox_c2,2026-09-30T05:48:35Z,CLEAR,0.5,c2;threatfox_c2,https://threatfox.abuse.ch/export/csv/recent/
url,https://cdn.discordapp.com/attachments/1547475077057085460/1554732207753527296/bundle.zip?ex=6abdf4b3&is=6abca333&hm=a111372e4c819bd35a833aaa8a2e7211e706da2b8724266502140b33830426f4&,text_feeds:urlhaus_urls,2026-09-30T12:22:31Z,CLEAR,0.5,phishing;malware-url;urlhaus_urls,https://urlhaus.abuse.ch/downloads/csv_recent/
url,https://cdn.jsdelivr.net/gh/52-7aa5/a861d732-5ddf-46c2-a574-c0649f8df6b8/859a49159d7b,text_feeds:threatfox_c2,2026-09-30T11:13:24Z,CLEAR,0.5,c2;threatfox_c2,https://threatfox.abuse.ch/export/csv/recent/
url,https://cdn.jsdelivr.net/gh/dsteru3421/4f77-bdc8-7e8087412ccf/457b-b003-d5999c246f25,text_feeds:threatfox_c2,2026-09-30T07:32:33Z,CLEAR,0.5,c2;threatfox_c2,https://threatfox.abuse.ch/export/csv/recent/
url,https://donutsmpcheats.org/mods/doomsday-client-1.21.11.jar,text_feeds:urlhaus_urls,2026-09-30T12:22:31Z,CLEAR,0.5,phishing;malware-url;urlhaus_urls,https://urlhaus.abuse.ch/downloads/csv_recent/
url,https://donutsmpcheats.org/mods/fakepay-1.21.x.jar,text_feeds:urlhaus_urls,2026-09-30T12:22:31Z,CLEAR,0.5,phishing;malware-url;urlhaus_urls,https://urlhaus.abuse.ch/downloads/csv_recent/
url,https://donutsmpcheats.org/mods/glazed-addon-1.21.11.jar,text_feeds:urlhaus_urls,2026-09-30T12:22:31Z,CLEAR,0.5,phishing;malware-url;urlhaus_urls,https://urlhaus.abuse.ch/downloads/csv_recent/
url,https://donutsmpcheats.org/mods/krypton-client.jar,text_feeds:urlhaus_urls,2026-09-30T12:22:31Z,CLEAR,0.5,phishing;malware-url;urlhaus_urls,https://urlhaus.abuse.ch/downloads/csv_recent/
url,https://donutsmpcheats.org/mods/liquidbounce-1.21.x.jar,text_feeds:urlhaus_urls,2026-09-30T12:22:31Z,CLEAR,0.5,phishing;malware-url;urlhaus_urls,https://urlhaus.abuse.ch/downloads/csv_recent/
url,https://donutsmpcheats.org/mods/meteor-client-1.21.11.jar,text_feeds:urlhaus_urls,2026-09-30T12:22:31Z,CLEAR,0.5,phishing;malware-url;urlhaus_urls,https://urlhaus.abuse.ch/downloads/csv_recent/
url,https://donutsmpcheats.org/mods/wurst-7.54-mc1.21.11.jar,text_feeds:urlhaus_urls,2026-09-30T12:22:31Z,CLEAR,0.5,phishing;malware-url;urlhaus_urls,https://urlhaus.abuse.ch/downloads/csv_recent/
url,https://drive.google.com/uc?export=download&id=10wq0z-vbsdbx4zvni64byaeolnweg3qd,text_feeds:urlhaus_urls,2026-09-30T12:22:31Z,CLEAR,0.5,phishing;malware-url;urlhaus_urls,https://urlhaus.abuse.ch/downloads/csv_recent/
url,https://drive.google.com/uc?export=download&id=12uqoo8llknpp1x6letsalgnktkk3prk-,text_feeds:urlhaus_urls,2026-09-30T12:22:31Z,CLEAR,0.5,phishing;malware-url;urlhaus_urls,https://urlhaus.abuse.ch/downloads/csv_recent/
url,https://drive.google.com/uc?export=download&id=1g65mnhgcsvmfatd2prui2u_2nvuimlim,text_feeds:urlhaus_urls,2026-09-30T12:22:31Z,CLEAR,0.5,phishing;malware-url;urlhaus_urls,https://urlhaus.abuse.ch/downloads/csv_recent/
url,https://drive.google.com/uc?export=download&id=1gijuitls_rwdhgl4msh3euzcnkuvytqi,text_feeds:urlhaus_urls,2026-09-30T12:22:31Z,CLEAR,0.5,phishing;malware-url;urlhaus_urls,https://urlhaus.abuse.ch/downloads/csv_recent/
url,https://drive.google.com/uc?export=download&id=1oo1ohlssgvvbpvq252fg2vajgxmckmpj,text_feeds:urlhaus_urls,2026-09-30T12:22:31Z,CLEAR,0.5,phishing;malware-url;urlhaus_urls,https://urlhaus.abuse.ch/downloads/csv_recent/
url,https://drive.google.com/uc?export=download&id=1oykwcfbxubnjjnmdia6reh0vfqunkn-e,text_feeds:urlhaus_urls,2026-09-30T12:22:31Z,CLEAR,0.5,phishing;malware-url;urlhaus_urls,https://urlhaus.abuse.ch/downloads/csv_recent/
url,https://drive.google.com/uc?export=download&id=1_3lqajyfdw3v64f5xtqfljyp1elu3y5a,text_feeds:urlhaus_urls,2026-09-30T12:22:31Z,CLEAR,0.5,phishing;malware-url;urlhaus_urls,https://urlhaus.abuse.ch/downloads/csv_recent/
url,https://drive.google.com/uc?export=download&id=1cgpgs5ya_bkydacrkswhg2qe8ys39lpo,text_feeds:urlhaus_urls,2026-09-30T12:22:31Z,CLEAR,0.5,phishing;malware-url;urlhaus_urls,https://urlhaus.abuse.ch/downloads/csv_recent/
url,https://drive.google.com/uc?export=download&id=1hbyr6dq5_afx-7jeoiswnzzjsqkvwnc9,text_feeds:urlhaus_urls,2026-09-30T12:22:31Z,CLEAR,0.5,phishing;malware-url;urlhaus_urls,https://urlhaus.abuse.ch/downloads/csv_recent/
url,https://ficus.in/img/img_220032.png,text_feeds:urlhaus_urls,2026-09-30T12:22:31Z,CLEAR,0.5,phishing;malware-url;urlhaus_urls,https://urlhaus.abuse.ch/downloads/csv_recent/
url,https://frameworkservice.online,text_feeds:threatfox_c2,2026-09-29T23:30:59Z,CLEAR,0.5,c2;threatfox_c2,https://threatfox.abuse.ch/export/csv/recent/
url,https://fussionmd.com/chrome.exe,text_feeds:urlhaus_urls,2026-09-30T12:22:31Z,CLEAR,0.5,phishing;malware-url;urlhaus_urls,https://urlhaus.abuse.ch/downloads/csv_recent/
url,https://fussionmd.com/google.exe,text_feeds:urlhaus_urls,2026-09-30T12:22:31Z,CLEAR,0.5,phishing;malware-url;urlhaus_urls,https://urlhaus.abuse.ch/downloads/csv_recent/
url,https://gfnstuff.pages.dev/galactictoolsv3.exe,text_feeds:threatfox_c2,2026-09-30T05:49:17Z,CLEAR,0.5,c2;threatfox_c2,https://threatfox.abuse.ch/export/csv/recent/
url,https://github.com/clearretent/valley9/releases/download/latest/chrome.exe,text_feeds:urlhaus_urls,2026-09-30T12:22:31Z,CLEAR,0.5,phishing;malware-url;urlhaus_urls,https://urlhaus.abuse.ch/downloads/csv_recent/
url,https://github.com/clearretent/valley9/releases/download/latest/chromesetup.exe,text_feeds:urlhaus_urls,2026-09-30T12:22:31Z,CLEAR,0.5,phishing;malware-url;urlhaus_urls,https://urlhaus.abuse.ch/downloads/csv_recent/
url,https://github.com/clearretent/valley9/releases/download/latest/google.exe,text_feeds:urlhaus_urls,2026-09-30T12:22:31Z,CLEAR,0.5,phishing;malware-url;urlhaus_urls,https://urlhaus.abuse.ch/downloads/csv_recent/
url,https://grupocaprem.com/chrome.exe,text_feeds:urlhaus_urls,2026-09-30T12:22:31Z,CLEAR,0.5,phishing;malware-url;urlhaus_urls,https://urlhaus.abuse.ch/downloads/csv_recent/
url,https://grupocaprem.com/google.exe,text_feeds:urlhaus_urls,2026-09-30T12:22:31Z,CLEAR,0.5,phishing;malware-url;urlhaus_urls,https://urlhaus.abuse.ch/downloads/csv_recent/
url,https://johnsonsvalves.cam/img_215919.png,text_feeds:urlhaus_urls,2026-09-30T12:22:31Z,CLEAR,0.5,phishing;malware-url;urlhaus_urls,https://urlhaus.abuse.ch/downloads/csv_recent/
url,https://larpaddon.net/download,text_feeds:urlhaus_urls,2026-09-30T12:22:31Z,CLEAR,0.5,phishing;malware-url;urlhaus_urls,https://urlhaus.abuse.ch/downloads/csv_recent/
url,https://meteorrejects.net/meteor-rejects-addon-1.21.0.jar,text_feeds:urlhaus_urls,2026-09-30T12:22:31Z,CLEAR,0.5,phishing;malware-url;urlhaus_urls,https://urlhaus.abuse.ch/downloads/csv_recent/
url,https://meteorrejects.net/meteor-rejects-addon-1.21.4.jar,text_feeds:urlhaus_urls,2026-09-30T12:22:31Z,CLEAR,0.5,phishing;malware-url;urlhaus_urls,https://urlhaus.abuse.ch/downloads/csv_recent/
url,https://noxxclient.org/noxxclient-1.21.11.jar,text_feeds:urlhaus_urls,2026-09-30T12:22:31Z,CLEAR,0.5,phishing;malware-url;urlhaus_urls,https://urlhaus.abuse.ch/downloads/csv_recent/
url,https://noxxclient.org/noxxclient-26.2.jar,text_feeds:urlhaus_urls,2026-09-30T12:22:31Z,CLEAR,0.5,phishing;malware-url;urlhaus_urls,https://urlhaus.abuse.ch/downloads/csv_recent/
url,https://pub-a06eb79f0ebe4a6999bcc71a2227d8e3.r2.dev/net.png,text_feeds:urlhaus_urls,2026-09-30T12:22:31Z,CLEAR,0.5,phishing;malware-url;urlhaus_urls,https://urlhaus.abuse.ch/downloads/csv_recent/
url,https://raw.githubusercontent.com/dsteru3421/02-fd9159f9-9a/refs/heads/main/4fea-a19d-c354a1aaa4eb,text_feeds:urlhaus_urls,2026-09-30T12:22:31Z,CLEAR,0.5,phishing;malware-url;urlhaus_urls,https://urlhaus.abuse.ch/downloads/csv_recent/
url,https://raw.githubusercontent.com/dsteru3421/02-fd9159f9-9a/refs/heads/main/f28ddb96-d4bc-410,text_feeds:urlhaus_urls,2026-09-30T12:22:31Z,CLEAR,0.5,phishing;malware-url;urlhaus_urls,https://urlhaus.abuse.ch/downloads/csv_recent/
url,https://raw.githubusercontent.com/dsteru3421/4f77-bdc8-7e8087412ccf/refs/heads/main/457b-b003-d5999c246f25,text_feeds:urlhaus_urls,2026-09-30T12:22:31Z,CLEAR,0.5,phishing;malware-url;urlhaus_urls,https://urlhaus.abuse.ch/downloads/csv_recent/
url,https://raw.githubusercontent.com/dsteru3421/559f-2414-494a-8560-23ce5908/refs/heads/main/089c8e594-4e62-a464-d512b030,text_feeds:urlhaus_urls,2026-09-30T12:22:31Z,CLEAR,0.5,phishing;malware-url;urlhaus_urls,https://urlhaus.abuse.ch/downloads/csv_recent/
url,https://raw.githubusercontent.com/dsteru3421/559f-2414-494a-8560-23ce5908/refs/heads/main/eea997-d7e6-43f3-a5bd,text_feeds:urlhaus_urls,2026-09-30T12:22:31Z,CLEAR,0.5,phishing;malware-url;urlhaus_urls,https://urlhaus.abuse.ch/downloads/csv_recent/
url,https://raw.githubusercontent.com/dsteru3421/5c5d8d-0333-4cbe-b328-d84e0dd9d/refs/heads/main/71f93c0a-94ad-4763-bab8-ba459e8b3395,text_feeds:urlhaus_urls,2026-09-30T12:22:31Z,CLEAR,0.5,phishing;malware-url;urlhaus_urls,https://urlhaus.abuse.ch/downloads/csv_recent/
url,https://raw.githubusercontent.com/dsteru3421/5c5d8d-0333-4cbe-b328-d84e0dd9d/refs/heads/main/76f4346f-d81c-465f-9d7b-fa5089c9ea3b,text_feeds:urlhaus_urls,2026-09-30T12:22:31Z,CLEAR,0.5,phishing;malware-url;urlhaus_urls,https://urlhaus.abuse.ch/downloads/csv_recent/
url,https://raw.githubusercontent.com/dsteru3421/fb61c458-d12f-8139-fbd375534040/refs/heads/main/97ef08464f9cef83c5,text_feeds:urlhaus_urls,2026-09-30T12:22:31Z,CLEAR,0.5,phishing;malware-url;urlhaus_urls,https://urlhaus.abuse.ch/downloads/csv_recent/
url,https://raw.githubusercontent.com/dsteru3421/fb61c458-d12f-8139-fbd375534040/refs/heads/main/ede9f684-6985-898b-3f80f312d1b0,text_feeds:urlhaus_urls,2026-09-30T12:22:31Z,CLEAR,0.5,phishing;malware-url;urlhaus_urls,https://urlhaus.abuse.ch/downloads/csv_recent/
url,https://recebyrn.co/tqfprveo/install-windows-update-to-play-voicemail.vbs,text_feeds:threatfox_c2,2026-09-30T05:50:27Z,CLEAR,0.5,c2;threatfox_c2,https://threatfox.abuse.ch/export/csv/recent/
url,https://rough-glade-bfc8.pentagon-e8b.workers.dev/deps/baritone/baritone-client-mod-meteor-fabric-1.21.1.jar,text_feeds:urlhaus_urls,2026-09-30T12:22:31Z,CLEAR,0.5,phishing;malware-url;urlhaus_urls,https://urlhaus.abuse.ch/downloads/csv_recent/
url,https://rough-glade-bfc8.pentagon-e8b.workers.dev/deps/baritone/baritone-client-mod-meteor-fabric-1.21.10.jar,text_feeds:urlhaus_urls,2026-09-30T12:22:31Z,CLEAR,0.5,phishing;malware-url;urlhaus_urls,https://urlhaus.abuse.ch/downloads/csv_recent/
url,https://rough-glade-bfc8.pentagon-e8b.workers.dev/deps/baritone/baritone-client-mod-meteor-fabric-1.21.4.jar,text_feeds:urlhaus_urls,2026-09-30T12:22:31Z,CLEAR,0.5,phishing;malware-url;urlhaus_urls,https://urlhaus.abuse.ch/downloads/csv_recent/
url,https://rough-glade-bfc8.pentagon-e8b.workers.dev/deps/baritone/baritone-client-mod-meteor-fabric-1.21.5.jar,text_feeds:urlhaus_urls,2026-09-30T12:22:31Z,CLEAR,0.5,phishing;malware-url;urlhaus_urls,https://urlhaus.abuse.ch/downloads/csv_recent/
url,https://rough-glade-bfc8.pentagon-e8b.workers.dev/deps/baritone/baritone-client-mod-meteor-fabric-1.21.8.jar,text_feeds:urlhaus_urls,2026-09-30T12:22:31Z,CLEAR,0.5,phishing;malware-url;urlhaus_urls,https://urlhaus.abuse.ch/downloads/csv_recent/
url,https://rough-glade-bfc8.pentagon-e8b.workers.dev/deps/baritone/baritone-meteor-1.21.11.jar,text_feeds:urlhaus_urls,2026-09-30T12:22:31Z,CLEAR,0.5,phishing;malware-url;urlhaus_urls,https://urlhaus.abuse.ch/downloads/csv_recent/
url,https://rough-glade-bfc8.pentagon-e8b.workers.dev/deps/fabric-api/fabric-api-0.116.8%2b1.21.1.jar,text_feeds:urlhaus_urls,2026-09-30T12:22:31Z,CLEAR,0.5,phishing;malware-url;urlhaus_urls,https://urlhaus.abuse.ch/downloads/csv_recent/
url,https://rough-glade-bfc8.pentagon-e8b.workers.dev/deps/fabric-api/fabric-api-0.119.4%2b1.21.4.jar,text_feeds:urlhaus_urls,2026-09-30T12:22:31Z,CLEAR,0.5,phishing;malware-url;urlhaus_urls,https://urlhaus.abuse.ch/downloads/csv_recent/
url,https://rough-glade-bfc8.pentagon-e8b.workers.dev/deps/fabric-api/fabric-api-0.128.2%2b1.21.5.jar,text_feeds:urlhaus_urls,2026-09-30T12:22:31Z,CLEAR,0.5,phishing;malware-url;urlhaus_urls,https://urlhaus.abuse.ch/downloads/csv_recent/
url,https://rough-glade-bfc8.pentagon-e8b.workers.dev/deps/fabric-api/fabric-api-0.136.1%2b1.21.8.jar,text_feeds:urlhaus_urls,2026-09-30T12:22:31Z,CLEAR,0.5,phishing;malware-url;urlhaus_urls,https://urlhaus.abuse.ch/downloads/csv_recent/
url,https://rough-glade-bfc8.pentagon-e8b.workers.dev/deps/fabric-api/fabric-api-0.138.4%2b1.21.10.jar,text_feeds:urlhaus_urls,2026-09-30T12:22:31Z,CLEAR,0.5,phishing;malware-url;urlhaus_urls,https://urlhaus.abuse.ch/downloads/csv_recent/
url,https://rough-glade-bfc8.pentagon-e8b.workers.dev/deps/fabric-api/fabric-api-0.141.3%2b1.21.11.jar,text_feeds:urlhaus_urls,2026-09-30T12:22:31Z,CLEAR,0.5,phishing;malware-url;urlhaus_urls,https://urlhaus.abuse.ch/downloads/csv_recent/
url,https://rough-glade-bfc8.pentagon-e8b.workers.dev/deps/meteor/meteor-client-1.21.1-0.5.8.jar,text_feeds:urlhaus_urls,2026-09-30T12:22:31Z,CLEAR,0.5,phishing;malware-url;urlhaus_urls,https://urlhaus.abuse.ch/downloads/csv_recent/
url,https://rough-glade-bfc8.pentagon-e8b.workers.dev/deps/meteor/meteor-client-1.21.10-54.jar,text_feeds:urlhaus_urls,2026-09-30T12:22:31Z,CLEAR,0.5,phishing;malware-url;urlhaus_urls,https://urlhaus.abuse.ch/downloads/csv_recent/
url,https://rough-glade-bfc8.pentagon-e8b.workers.dev/deps/meteor/meteor-client-1.21.11-63.jar,text_feeds:urlhaus_urls,2026-09-30T12:22:31Z,CLEAR,0.5,phishing;malware-url;urlhaus_urls,https://urlhaus.abuse.ch/downloads/csv_recent/
url,https://rough-glade-bfc8.pentagon-e8b.workers.dev/deps/meteor/meteor-client-1.21.4-42.jar,text_feeds:urlhaus_urls,2026-09-30T12:22:31Z,CLEAR,0.5,phishing;malware-url;urlhaus_urls,https://urlhaus.abuse.ch/downloads/csv_recent/
url,https://rough-glade-bfc8.pentagon-e8b.workers.dev/deps/meteor/meteor-client-1.21.5-54.jar,text_feeds:urlhaus_urls,2026-09-30T12:22:31Z,CLEAR,0.5,phishing;malware-url;urlhaus_urls,https://urlhaus.abuse.ch/downloads/csv_recent/
url,https://rough-glade-bfc8.pentagon-e8b.workers.dev/deps/meteor/meteor-client-1.21.8-69.jar,text_feeds:urlhaus_urls,2026-09-30T12:22:31Z,CLEAR,0.5,phishing;malware-url;urlhaus_urls,https://urlhaus.abuse.ch/downloads/csv_recent/
url,https://rough-glade-bfc8.pentagon-e8b.workers.dev/downloads/files/glazed-1.21.11-n-16.1.jar,text_feeds:urlhaus_urls,2026-09-30T12:22:31Z,CLEAR,0.5,phishing;malware-url;urlhaus_urls,https://urlhaus.abuse.ch/downloads/csv_recent/
url,https://rough-truth-e072.publicftpresend.workers.dev/zipoiq,text_feeds:urlhaus_urls,2026-09-30T12:22:31Z,CLEAR,0.5,phishing;malware-url;urlhaus_urls,https://urlhaus.abuse.ch/downloads/csv_recent/
url,https://samadownloads.org/dl/sama-kdx2909_092926k3vd.zip,text_feeds:threatfox_c2,2026-09-30T05:48:50Z,CLEAR,0.5,c2;threatfox_c2,https://threatfox.abuse.ch/export/csv/recent/
url,https://sunstonekeystone.info/redirect/oauth-layout.js,text_feeds:threatfox_c2,2026-09-30T10:22:48Z,CLEAR,0.5,c2;threatfox_c2,https://threatfox.abuse.ch/export/csv/recent/
url,https://taxyy.top/download/%e7%a8%8e%e9%87%91%e3%83%bb%e3%83%9a%e3%83%8a%e3%83%ab%e3%83%86%e3%82%a3%e9%80%9a%e7%9f%a5.zip,text_feeds:threatfox_c2,2026-09-30T05:48:35Z,CLEAR,0.5,c2;threatfox_c2,https://threatfox.abuse.ch/export/csv/recent/
url,https://tutpaste.com/raw/q88luv,text_feeds:urlhaus_urls,2026-09-30T12:22:31Z,CLEAR,0.5,phishing;malware-url;urlhaus_urls,https://urlhaus.abuse.ch/downloads/csv_recent/
url,https://urlhaus.abuse.ch/url/3925125,text_feeds:urlhaus_urls,2026-09-30T12:22:31Z,CLEAR,0.5,phishing;malware-url;urlhaus_urls,https://urlhaus.abuse.ch/downloads/csv_recent/
url,https://urlhaus.abuse.ch/url/3925126,text_feeds:urlhaus_urls,2026-09-30T12:22:31Z,CLEAR,0.5,phishing;malware-url;urlhaus_urls,https://urlhaus.abuse.ch/downloads/csv_recent/
url,https://urlhaus.abuse.ch/url/3925127,text_feeds:urlhaus_urls,2026-09-30T12:22:31Z,CLEAR,0.5,phishing;malware-url;urlhaus_urls,https://urlhaus.abuse.ch/downloads/csv_recent/
url,https://urlhaus.abuse.ch/url/3925128,text_feeds:urlhaus_urls,2026-09-30T12:22:31Z,CLEAR,0.5,phishing;malware-url;urlhaus_urls,https://urlhaus.abuse.ch/downloads/csv_recent/
url,https://urlhaus.abuse.ch/url/3925129,text_feeds:urlhaus_urls,2026-09-30T12:22:31Z,CLEAR,0.5,phishing;malware-url;urlhaus_urls,https://urlhaus.abuse.ch/downloads/csv_recent/
url,https://urlhaus.abuse.ch/url/3925130,text_feeds:urlhaus_urls,2026-09-30T12:22:31Z,CLEAR,0.5,phishing;malware-url;urlhaus_urls,https://urlhaus.abuse.ch/downloads/csv_recent/
url,https://urlhaus.abuse.ch/url/3925131,text_feeds:urlhaus_urls,2026-09-30T12:22:31Z,CLEAR,0.5,phishing;malware-url;urlhaus_urls,https://urlhaus.abuse.ch/downloads/csv_recent/
url,https://urlhaus.abuse.ch/url/3925132,text_feeds:urlhaus_urls,2026-09-30T12:22:31Z,CLEAR,0.5,phishing;malware-url;urlhaus_urls,https://urlhaus.abuse.ch/downloads/csv_recent/
url,https://urlhaus.abuse.ch/url/3925133,text_feeds:urlhaus_urls,2026-09-30T12:22:31Z,CLEAR,0.5,phishing;malware-url;urlhaus_urls,https://urlhaus.abuse.ch/downloads/csv_recent/
url,https://urlhaus.abuse.ch/url/3925134,text_feeds:urlhaus_urls,2026-09-30T12:22:31Z,CLEAR,0.5,phishing;malware-url;urlhaus_urls,https://urlhaus.abuse.ch/downloads/csv_recent/
url,https://urlhaus.abuse.ch/url/3925135,text_feeds:urlhaus_urls,2026-09-30T12:22:31Z,CLEAR,0.5,phishing;malware-url;urlhaus_urls,https://urlhaus.abuse.ch/downloads/csv_recent/
url,https://urlhaus.abuse.ch/url/3925136,text_feeds:urlhaus_urls,2026-09-30T12:22:31Z,CLEAR,0.5,phishing;malware-url;urlhaus_urls,https://urlhaus.abuse.ch/downloads/csv_recent/
url,https://urlhaus.abuse.ch/url/3925137,text_feeds:urlhaus_urls,2026-09-30T12:22:31Z,CLEAR,0.5,phishing;malware-url;urlhaus_urls,https://urlhaus.abuse.ch/downloads/csv_recent/
url,https://urlhaus.abuse.ch/url/3925138,text_feeds:urlhaus_urls,2026-09-30T12:22:31Z,CLEAR,0.5,phishing;malware-url;urlhaus_urls,https://urlhaus.abuse.ch/downloads/csv_recent/
url,https://urlhaus.abuse.ch/url/3925139,text_feeds:urlhaus_urls,2026-09-30T12:22:31Z,CLEAR,0.5,phishing;malware-url;urlhaus_urls,https://urlhaus.abuse.ch/downloads/csv_recent/
url,https://urlhaus.abuse.ch/url/3925140,text_feeds:urlhaus_urls,2026-09-30T12:22:31Z,CLEAR,0.5,phishing;malware-url;urlhaus_urls,https://urlhaus.abuse.ch/downloads/csv_recent/
url,https://urlhaus.abuse.ch/url/3925141,text_feeds:urlhaus_urls,2026-09-30T12:22:31Z,CLEAR,0.5,phishing;malware-url;urlhaus_urls,https://urlhaus.abuse.ch/downloads/csv_recent/
url,https://urlhaus.abuse.ch/url/3925142,text_feeds:urlhaus_urls,2026-09-30T12:22:31Z,CLEAR,0.5,phishing;malware-url;urlhaus_urls,https://urlhaus.abuse.ch/downloads/csv_recent/
url,https://urlhaus.abuse.ch/url/3925143,text_feeds:urlhaus_urls,2026-09-30T12:22:31Z,CLEAR,0.5,phishing;malware-url;urlhaus_urls,https://urlhaus.abuse.ch/downloads/csv_recent/
url,https://urlhaus.abuse.ch/url/3925144,text_feeds:urlhaus_urls,2026-09-30T12:22:31Z,CLEAR,0.5,phishing;malware-url;urlhaus_urls,https://urlhaus.abuse.ch/downloads/csv_recent/
url,https://urlhaus.abuse.ch/url/3925145,text_feeds:urlhaus_urls,2026-09-30T12:22:31Z,CLEAR,0.5,phishing;malware-url;urlhaus_urls,https://urlhaus.abuse.ch/downloads/csv_recent/
url,https://urlhaus.abuse.ch/url/3925146,text_feeds:urlhaus_urls,2026-09-30T12:22:31Z,CLEAR,0.5,phishing;malware-url;urlhaus_urls,https://urlhaus.abuse.ch/downloads/csv_recent/
url,https://urlhaus.abuse.ch/url/3925147,text_feeds:urlhaus_urls,2026-09-30T12:22:31Z,CLEAR,0.5,phishing;malware-url;urlhaus_urls,https://urlhaus.abuse.ch/downloads/csv_recent/
url,https://urlhaus.abuse.ch/url/3925148,text_feeds:urlhaus_urls,2026-09-30T12:22:31Z,CLEAR,0.5,phishing;malware-url;urlhaus_urls,https://urlhaus.abuse.ch/downloads/csv_recent/
url,https://urlhaus.abuse.ch/url/3925149,text_feeds:urlhaus_urls,2026-09-30T12:22:31Z,CLEAR,0.5,phishing;malware-url;urlhaus_urls,https://urlhaus.abuse.ch/downloads/csv_recent/
url,https://urlhaus.abuse.ch/url/3925150,text_feeds:urlhaus_urls,2026-09-30T12:22:31Z,CLEAR,0.5,phishing;malware-url;urlhaus_urls,https://urlhaus.abuse.ch/downloads/csv_recent/
url,https://urlhaus.abuse.ch/url/3925151,text_feeds:urlhaus_urls,2026-09-30T12:22:31Z,CLEAR,0.5,phishing;malware-url;urlhaus_urls,https://urlhaus.abuse.ch/downloads/csv_recent/
url,https://urlhaus.abuse.ch/url/3925152,text_feeds:urlhaus_urls,2026-09-30T12:22:31Z,CLEAR,0.5,phishing;malware-url;urlhaus_urls,https://urlhaus.abuse.ch/downloads/csv_recent/
url,https://urlhaus.abuse.ch/url/3925153,text_feeds:urlhaus_urls,2026-09-30T12:22:31Z,CLEAR,0.5,phishing;malware-url;urlhaus_urls,https://urlhaus.abuse.ch/downloads/csv_recent/
url,https://urlhaus.abuse.ch/url/3925154,text_feeds:urlhaus_urls,2026-09-30T12:22:31Z,CLEAR,0.5,phishing;malware-url;urlhaus_urls,https://urlhaus.abuse.ch/downloads/csv_recent/
url,https://urlhaus.abuse.ch/url/3925155,text_feeds:urlhaus_urls,2026-09-30T12:22:31Z,CLEAR,0.5,phishing;malware-url;urlhaus_urls,https://urlhaus.abuse.ch/downloads/csv_recent/
url,https://urlhaus.abuse.ch/url/3925156,text_feeds:urlhaus_urls,2026-09-30T12:22:31Z,CLEAR,0.5,phishing;malware-url;urlhaus_urls,https://urlhaus.abuse.ch/downloads/csv_recent/
url,https://urlhaus.abuse.ch/url/3925157,text_feeds:urlhaus_urls,2026-09-30T12:22:31Z,CLEAR,0.5,phishing;malware-url;urlhaus_urls,https://urlhaus.abuse.ch/downloads/csv_recent/
url,https://urlhaus.abuse.ch/url/3925158,text_feeds:urlhaus_urls,2026-09-30T12:22:31Z,CLEAR,0.5,phishing;malware-url;urlhaus_urls,https://urlhaus.abuse.ch/downloads/csv_recent/
url,https://urlhaus.abuse.ch/url/3925159,text_feeds:urlhaus_urls,2026-09-30T12:22:31Z,CLEAR,0.5,phishing;malware-url;urlhaus_urls,https://urlhaus.abuse.ch/downloads/csv_recent/
url,https://urlhaus.abuse.ch/url/3925160,text_feeds:urlhaus_urls,2026-09-30T12:22:31Z,CLEAR,0.5,phishing;malware-url;urlhaus_urls,https://urlhaus.abuse.ch/downloads/csv_recent/
url,https://urlhaus.abuse.ch/url/3925161,text_feeds:urlhaus_urls,2026-09-30T12:22:31Z,CLEAR,0.5,phishing;malware-url;urlhaus_urls,https://urlhaus.abuse.ch/downloads/csv_recent/
url,https://urlhaus.abuse.ch/url/3925162,text_feeds:urlhaus_urls,2026-09-30T12:22:31Z,CLEAR,0.5,phishing;malware-url;urlhaus_urls,https://urlhaus.abuse.ch/downloads/csv_recent/
url,https://urlhaus.abuse.ch/url/3925163,text_feeds:urlhaus_urls,2026-09-30T12:22:31Z,CLEAR,0.5,phishing;malware-url;urlhaus_urls,https://urlhaus.abuse.ch/downloads/csv_recent/
url,https://urlhaus.abuse.ch/url/3925164,text_feeds:urlhaus_urls,2026-09-30T12:22:31Z,CLEAR,0.5,phishing;malware-url;urlhaus_urls,https://urlhaus.abuse.ch/downloads/csv_recent/
url,https://urlhaus.abuse.ch/url/3925165,text_feeds:urlhaus_urls,2026-09-30T12:22:31Z,CLEAR,0.5,phishing;malware-url;urlhaus_urls,https://urlhaus.abuse.ch/downloads/csv_recent/
url,https://urlhaus.abuse.ch/url/3925166,text_feeds:urlhaus_urls,2026-09-30T12:22:31Z,CLEAR,0.5,phishing;malware-url;urlhaus_urls,https://urlhaus.abuse.ch/downloads/csv_recent/
url,https://urlhaus.abuse.ch/url/3925167,text_feeds:urlhaus_urls,2026-09-30T12:22:31Z,CLEAR,0.5,phishing;malware-url;urlhaus_urls,https://urlhaus.abuse.ch/downloads/csv_recent/
url,https://urlhaus.abuse.ch/url/3925168,text_feeds:urlhaus_urls,2026-09-30T12:22:31Z,CLEAR,0.5,phishing;malware-url;urlhaus_urls,https://urlhaus.abuse.ch/downloads/csv_recent/
url,https://urlhaus.abuse.ch/url/3925169,text_feeds:urlhaus_urls,2026-09-30T12:22:31Z,CLEAR,0.5,phishing;malware-url;urlhaus_urls,https://urlhaus.abuse.ch/downloads/csv_recent/
url,https://urlhaus.abuse.ch/url/3925170,text_feeds:urlhaus_urls,2026-09-30T12:22:31Z,CLEAR,0.5,phishing;malware-url;urlhaus_urls,https://urlhaus.abuse.ch/downloads/csv_recent/
url,https://urlhaus.abuse.ch/url/3925171,text_feeds:urlhaus_urls,2026-09-30T12:22:31Z,CLEAR,0.5,phishing;malware-url;urlhaus_urls,https://urlhaus.abuse.ch/downloads/csv_recent/
url,https://urlhaus.abuse.ch/url/3925172,text_feeds:urlhaus_urls,2026-09-30T12:22:31Z,CLEAR,0.5,phishing;malware-url;urlhaus_urls,https://urlhaus.abuse.ch/downloads/csv_recent/
url,https://urlhaus.abuse.ch/url/3925173,text_feeds:urlhaus_urls,2026-09-30T12:22:31Z,CLEAR,0.5,phishing;malware-url;urlhaus_urls,https://urlhaus.abuse.ch/downloads/csv_recent/
url,https://urlhaus.abuse.ch/url/3925174,text_feeds:urlhaus_urls,2026-09-30T12:22:31Z,CLEAR,0.5,phishing;malware-url;urlhaus_urls,https://urlhaus.abuse.ch/downloads/csv_recent/
url,https://urlhaus.abuse.ch/url/3925175,text_feeds:urlhaus_urls,2026-09-30T12:22:31Z,CLEAR,0.5,phishing;malware-url;urlhaus_urls,https://urlhaus.abuse.ch/downloads/csv_recent/
url,https://urlhaus.abuse.ch/url/3925176,text_feeds:urlhaus_urls,2026-09-30T12:22:31Z,CLEAR,0.5,phishing;malware-url;urlhaus_urls,https://urlhaus.abuse.ch/downloads/csv_recent/
url,https://urlhaus.abuse.ch/url/3925177,text_feeds:urlhaus_urls,2026-09-30T12:22:31Z,CLEAR,0.5,phishing;malware-url;urlhaus_urls,https://urlhaus.abuse.ch/downloads/csv_recent/
url,https://urlhaus.abuse.ch/url/3925178,text_feeds:urlhaus_urls,2026-09-30T12:22:31Z,CLEAR,0.5,phishing;malware-url;urlhaus_urls,https://urlhaus.abuse.ch/downloads/csv_recent/
url,https://urlhaus.abuse.ch/url/3925179,text_feeds:urlhaus_urls,2026-09-30T12:22:31Z,CLEAR,0.5,phishing;malware-url;urlhaus_urls,https://urlhaus.abuse.ch/downloads/csv_recent/
url,https://urlhaus.abuse.ch/url/3925180,text_feeds:urlhaus_urls,2026-09-30T12:22:31Z,CLEAR,0.5,phishing;malware-url;urlhaus_urls,https://urlhaus.abuse.ch/downloads/csv_recent/
url,https://urlhaus.abuse.ch/url/3925181,text_feeds:urlhaus_urls,2026-09-30T12:22:31Z,CLEAR,0.5,phishing;malware-url;urlhaus_urls,https://urlhaus.abuse.ch/downloads/csv_recent/
url,https://urlhaus.abuse.ch/url/3925182,text_feeds:urlhaus_urls,2026-09-30T12:22:31Z,CLEAR,0.5,phishing;malware-url;urlhaus_urls,https://urlhaus.abuse.ch/downloads/csv_recent/
url,https://urlhaus.abuse.ch/url/3925183,text_feeds:urlhaus_urls,2026-09-30T12:22:31Z,CLEAR,0.5,phishing;malware-url;urlhaus_urls,https://urlhaus.abuse.ch/downloads/csv_recent/
url,https://urlhaus.abuse.ch/url/3925184,text_feeds:urlhaus_urls,2026-09-30T12:22:31Z,CLEAR,0.5,phishing;malware-url;urlhaus_urls,https://urlhaus.abuse.ch/downloads/csv_recent/
url,https://urlhaus.abuse.ch/url/3925185,text_feeds:urlhaus_urls,2026-09-30T12:22:31Z,CLEAR,0.5,phishing;malware-url;urlhaus_urls,https://urlhaus.abuse.ch/downloads/csv_recent/
url,https://urlhaus.abuse.ch/url/3925186,text_feeds:urlhaus_urls,2026-09-30T12:22:31Z,CLEAR,0.5,phishing;malware-url;urlhaus_urls,https://urlhaus.abuse.ch/downloads/csv_recent/
url,https://urlhaus.abuse.ch/url/3925187,text_feeds:urlhaus_urls,2026-09-30T12:22:31Z,CLEAR,0.5,phishing;malware-url;urlhaus_urls,https://urlhaus.abuse.ch/downloads/csv_recent/
url,https://urlhaus.abuse.ch/url/3925188,text_feeds:urlhaus_urls,2026-09-30T12:22:31Z,CLEAR,0.5,phishing;malware-url;urlhaus_urls,https://urlhaus.abuse.ch/downloads/csv_recent/
url,https://urlhaus.abuse.ch/url/3925189,text_feeds:urlhaus_urls,2026-09-30T12:22:31Z,CLEAR,0.5,phishing;malware-url;urlhaus_urls,https://urlhaus.abuse.ch/downloads/csv_recent/
url,https://urlhaus.abuse.ch/url/3925190,text_feeds:urlhaus_urls,2026-09-30T12:22:31Z,CLEAR,0.5,phishing;malware-url;urlhaus_urls,https://urlhaus.abuse.ch/downloads/csv_recent/
url,https://urlhaus.abuse.ch/url/3925191,text_feeds:urlhaus_urls,2026-09-30T12:22:31Z,CLEAR,0.5,phishing;malware-url;urlhaus_urls,https://urlhaus.abuse.ch/downloads/csv_recent/
url,https://urlhaus.abuse.ch/url/3925192,text_feeds:urlhaus_urls,2026-09-30T12:22:31Z,CLEAR,0.5,phishing;malware-url;urlhaus_urls,https://urlhaus.abuse.ch/downloads/csv_recent/
url,https://urlhaus.abuse.ch/url/3925193,text_feeds:urlhaus_urls,2026-09-30T12:22:31Z,CLEAR,0.5,phishing;malware-url;urlhaus_urls,https://urlhaus.abuse.ch/downloads/csv_recent/
url,https://urlhaus.abuse.ch/url/3925194,text_feeds:urlhaus_urls,2026-09-30T12:22:31Z,CLEAR,0.5,phishing;malware-url;urlhaus_urls,https://urlhaus.abuse.ch/downloads/csv_recent/
url,https://urlhaus.abuse.ch/url/3925195,text_feeds:urlhaus_urls,2026-09-30T12:22:31Z,CLEAR,0.5,phishing;malware-url;urlhaus_urls,https://urlhaus.abuse.ch/downloads/csv_recent/
url,https://urlhaus.abuse.ch/url/3925196,text_feeds:urlhaus_urls,2026-09-30T12:22:31Z,CLEAR,0.5,phishing;malware-url;urlhaus_urls,https://urlhaus.abuse.ch/downloads/csv_recent/
url,https://urlhaus.abuse.ch/url/3925197,text_feeds:urlhaus_urls,2026-09-30T12:22:31Z,CLEAR,0.5,phishing;malware-url;urlhaus_urls,https://urlhaus.abuse.ch/downloads/csv_recent/
url,https://urlhaus.abuse.ch/url/3925198,text_feeds:urlhaus_urls,2026-09-30T12:22:31Z,CLEAR,0.5,phishing;malware-url;urlhaus_urls,https://urlhaus.abuse.ch/downloads/csv_recent/
url,https://urlhaus.abuse.ch/url/3925199,text_feeds:urlhaus_urls,2026-09-30T12:22:31Z,CLEAR,0.5,phishing;malware-url;urlhaus_urls,https://urlhaus.abuse.ch/downloads/csv_recent/
url,https://urlhaus.abuse.ch/url/3925200,text_feeds:urlhaus_urls,2026-09-30T12:22:31Z,CLEAR,0.5,phishing;malware-url;urlhaus_urls,https://urlhaus.abuse.ch/downloads/csv_recent/
url,https://urlhaus.abuse.ch/url/3925201,text_feeds:urlhaus_urls,2026-09-30T12:22:31Z,CLEAR,0.5,phishing;malware-url;urlhaus_urls,https://urlhaus.abuse.ch/downloads/csv_recent/
url,https://urlhaus.abuse.ch/url/3925202,text_feeds:urlhaus_urls,2026-09-30T12:22:31Z,CLEAR,0.5,phishing;malware-url;urlhaus_urls,https://urlhaus.abuse.ch/downloads/csv_recent/
url,https://urlhaus.abuse.ch/url/3925203,text_feeds:urlhaus_urls,2026-09-30T12:22:31Z,CLEAR,0.5,phishing;malware-url;urlhaus_urls,https://urlhaus.abuse.ch/downloads/csv_recent/
url,https://urlhaus.abuse.ch/url/3925204,text_feeds:urlhaus_urls,2026-09-30T12:22:31Z,CLEAR,0.5,phishing;malware-url;urlhaus_urls,https://urlhaus.abuse.ch/downloads/csv_recent/
url,https://urlhaus.abuse.ch/url/3925205,text_feeds:urlhaus_urls,2026-09-30T12:22:31Z,CLEAR,0.5,phishing;malware-url;urlhaus_urls,https://urlhaus.abuse.ch/downloads/csv_recent/
url,https://urlhaus.abuse.ch/url/3925206,text_feeds:urlhaus_urls,2026-09-30T12:22:31Z,CLEAR,0.5,phishing;malware-url;urlhaus_urls,https://urlhaus.abuse.ch/downloads/csv_recent/
url,https://urlhaus.abuse.ch/url/3925207,text_feeds:urlhaus_urls,2026-09-30T12:22:31Z,CLEAR,0.5,phishing;malware-url;urlhaus_urls,https://urlhaus.abuse.ch/downloads/csv_recent/
url,https://urlhaus.abuse.ch/url/3925208,text_feeds:urlhaus_urls,2026-09-30T12:22:31Z,CLEAR,0.5,phishing;malware-url;urlhaus_urls,https://urlhaus.abuse.ch/downloads/csv_recent/
url,https://urlhaus.abuse.ch/url/3925209,text_feeds:urlhaus_urls,2026-09-30T12:22:31Z,CLEAR,0.5,phishing;malware-url;urlhaus_urls,https://urlhaus.abuse.ch/downloads/csv_recent/
url,https://urlhaus.abuse.ch/url/3925210,text_feeds:urlhaus_urls,2026-09-30T12:22:31Z,CLEAR,0.5,phishing;malware-url;urlhaus_urls,https://urlhaus.abuse.ch/downloads/csv_recent/
url,https://urlhaus.abuse.ch/url/3925211,text_feeds:urlhaus_urls,2026-09-30T12:22:31Z,CLEAR,0.5,phishing;malware-url;urlhaus_urls,https://urlhaus.abuse.ch/downloads/csv_recent/
url,https://urlhaus.abuse.ch/url/3925212,text_feeds:urlhaus_urls,2026-09-30T12:22:31Z,CLEAR,0.5,phishing;malware-url;urlhaus_urls,https://urlhaus.abuse.ch/downloads/csv_recent/
url,https://urlhaus.abuse.ch/url/3925213,text_feeds:urlhaus_urls,2026-09-30T12:22:31Z,CLEAR,0.5,phishing;malware-url;urlhaus_urls,https://urlhaus.abuse.ch/downloads/csv_recent/
url,https://urlhaus.abuse.ch/url/3925214,text_feeds:urlhaus_urls,2026-09-30T12:22:31Z,CLEAR,0.5,phishing;malware-url;urlhaus_urls,https://urlhaus.abuse.ch/downloads/csv_recent/
url,https://urlhaus.abuse.ch/url/3925215,text_feeds:urlhaus_urls,2026-09-30T12:22:31Z,CLEAR,0.5,phishing;malware-url;urlhaus_urls,https://urlhaus.abuse.ch/downloads/csv_recent/
url,https://urlhaus.abuse.ch/url/3925216,text_feeds:urlhaus_urls,2026-09-30T12:22:31Z,CLEAR,0.5,phishing;malware-url;urlhaus_urls,https://urlhaus.abuse.ch/downloads/csv_recent/
url,https://urlhaus.abuse.ch/url/3925217,text_feeds:urlhaus_urls,2026-09-30T12:22:31Z,CLEAR,0.5,phishing;malware-url;urlhaus_urls,https://urlhaus.abuse.ch/downloads/csv_recent/
url,https://urlhaus.abuse.ch/url/3925218,text_feeds:urlhaus_urls,2026-09-30T12:22:31Z,CLEAR,0.5,phishing;malware-url;urlhaus_urls,https://urlhaus.abuse.ch/downloads/csv_recent/
url,https://urlhaus.abuse.ch/url/3925219,text_feeds:urlhaus_urls,2026-09-30T12:22:31Z,CLEAR,0.5,phishing;malware-url;urlhaus_urls,https://urlhaus.abuse.ch/downloads/csv_recent/
url,https://urlhaus.abuse.ch/url/3925220,text_feeds:urlhaus_urls,2026-09-30T12:22:31Z,CLEAR,0.5,phishing;malware-url;urlhaus_urls,https://urlhaus.abuse.ch/downloads/csv_recent/
url,https://urlhaus.abuse.ch/url/3925221,text_feeds:urlhaus_urls,2026-09-30T12:22:31Z,CLEAR,0.5,phishing;malware-url;urlhaus_urls,https://urlhaus.abuse.ch/downloads/csv_recent/
url,https://urlhaus.abuse.ch/url/3925222,text_feeds:urlhaus_urls,2026-09-30T12:22:31Z,CLEAR,0.5,phishing;malware-url;urlhaus_urls,https://urlhaus.abuse.ch/downloads/csv_recent/
url,https://urlhaus.abuse.ch/url/3925223,text_feeds:urlhaus_urls,2026-09-30T12:22:31Z,CLEAR,0.5,phishing;malware-url;urlhaus_urls,https://urlhaus.abuse.ch/downloads/csv_recent/
url,https://urlhaus.abuse.ch/url/3925224,text_feeds:urlhaus_urls,2026-09-30T12:22:31Z,CLEAR,0.5,phishing;malware-url;urlhaus_urls,https://urlhaus.abuse.ch/downloads/csv_recent/
url,https://urlhaus.abuse.ch/url/3925225,text_feeds:urlhaus_urls,2026-09-30T12:22:31Z,CLEAR,0.5,phishing;malware-url;urlhaus_urls,https://urlhaus.abuse.ch/downloads/csv_recent/
url,https://urlhaus.abuse.ch/url/3925226,text_feeds:urlhaus_urls,2026-09-30T12:22:31Z,CLEAR,0.5,phishing;malware-url;urlhaus_urls,https://urlhaus.abuse.ch/downloads/csv_recent/
url,https://urlhaus.abuse.ch/url/3925227,text_feeds:urlhaus_urls,2026-09-30T12:22:31Z,CLEAR,0.5,phishing;malware-url;urlhaus_urls,https://urlhaus.abuse.ch/downloads/csv_recent/
url,https://urlhaus.abuse.ch/url/3925228,text_feeds:urlhaus_urls,2026-09-30T12:22:31Z,CLEAR,0.5,phishing;malware-url;urlhaus_urls,https://urlhaus.abuse.ch/downloads/csv_recent/
url,https://urlhaus.abuse.ch/url/3925229,text_feeds:urlhaus_urls,2026-09-30T12:22:31Z,CLEAR,0.5,phishing;malware-url;urlhaus_urls,https://urlhaus.abuse.ch/downloads/csv_recent/
url,https://urlhaus.abuse.ch/url/3925230,text_feeds:urlhaus_urls,2026-09-30T12:22:31Z,CLEAR,0.5,phishing;malware-url;urlhaus_urls,https://urlhaus.abuse.ch/downloads/csv_recent/
url,https://urlhaus.abuse.ch/url/3925231,text_feeds:urlhaus_urls,2026-09-30T12:22:31Z,CLEAR,0.5,phishing;malware-url;urlhaus_urls,https://urlhaus.abuse.ch/downloads/csv_recent/
url,https://urlhaus.abuse.ch/url/3925232,text_feeds:urlhaus_urls,2026-09-30T12:22:31Z,CLEAR,0.5,phishing;malware-url;urlhaus_urls,https://urlhaus.abuse.ch/downloads/csv_recent/
url,https://urlhaus.abuse.ch/url/3925233,text_feeds:urlhaus_urls,2026-09-30T12:22:31Z,CLEAR,0.5,phishing;malware-url;urlhaus_urls,https://urlhaus.abuse.ch/downloads/csv_recent/
url,https://urlhaus.abuse.ch/url/3925234,text_feeds:urlhaus_urls,2026-09-30T12:22:31Z,CLEAR,0.5,phishing;malware-url;urlhaus_urls,https://urlhaus.abuse.ch/downloads/csv_recent/
url,https://urlhaus.abuse.ch/url/3925235,text_feeds:urlhaus_urls,2026-09-30T12:22:31Z,CLEAR,0.5,phishing;malware-url;urlhaus_urls,https://urlhaus.abuse.ch/downloads/csv_recent/
url,https://urlhaus.abuse.ch/url/3925236,text_feeds:urlhaus_urls,2026-09-30T12:22:31Z,CLEAR,0.5,phishing;malware-url;urlhaus_urls,https://urlhaus.abuse.ch/downloads/csv_recent/
url,https://urlhaus.abuse.ch/url/3925237,text_feeds:urlhaus_urls,2026-09-30T12:22:31Z,CLEAR,0.5,phishing;malware-url;urlhaus_urls,https://urlhaus.abuse.ch/downloads/csv_recent/
url,https://urlhaus.abuse.ch/url/3925238,text_feeds:urlhaus_urls,2026-09-30T12:22:31Z,CLEAR,0.5,phishing;malware-url;urlhaus_urls,https://urlhaus.abuse.ch/downloads/csv_recent/
url,https://urlhaus.abuse.ch/url/3925239,text_feeds:urlhaus_urls,2026-09-30T12:22:31Z,CLEAR,0.5,phishing;malware-url;urlhaus_urls,https://urlhaus.abuse.ch/downloads/csv_recent/
url,https://urlhaus.abuse.ch/url/3925240,text_feeds:urlhaus_urls,2026-09-30T12:22:31Z,CLEAR,0.5,phishing;malware-url;urlhaus_urls,https://urlhaus.abuse.ch/downloads/csv_recent/
url,https://urlhaus.abuse.ch/url/3925241,text_feeds:urlhaus_urls,2026-09-30T12:22:31Z,CLEAR,0.5,phishing;malware-url;urlhaus_urls,https://urlhaus.abuse.ch/downloads/csv_recent/
url,https://urlhaus.abuse.ch/url/3925242,text_feeds:urlhaus_urls,2026-09-30T12:22:31Z,CLEAR,0.5,phishing;malware-url;urlhaus_urls,https://urlhaus.abuse.ch/downloads/csv_recent/
url,https://urlhaus.abuse.ch/url/3925243,text_feeds:urlhaus_urls,2026-09-30T12:22:31Z,CLEAR,0.5,phishing;malware-url;urlhaus_urls,https://urlhaus.abuse.ch/downloads/csv_recent/
url,https://urlhaus.abuse.ch/url/3925244,text_feeds:urlhaus_urls,2026-09-30T12:22:31Z,CLEAR,0.5,phishing;malware-url;urlhaus_urls,https://urlhaus.abuse.ch/downloads/csv_recent/
url,https://urlhaus.abuse.ch/url/3925245,text_feeds:urlhaus_urls,2026-09-30T12:22:31Z,CLEAR,0.5,phishing;malware-url;urlhaus_urls,https://urlhaus.abuse.ch/downloads/csv_recent/
url,https://urlhaus.abuse.ch/url/3925246,text_feeds:urlhaus_urls,2026-09-30T12:22:31Z,CLEAR,0.5,phishing;malware-url;urlhaus_urls,https://urlhaus.abuse.ch/downloads/csv_recent/
url,https://urlhaus.abuse.ch/url/3925247,text_feeds:urlhaus_urls,2026-09-30T12:22:31Z,CLEAR,0.5,phishing;malware-url;urlhaus_urls,https://urlhaus.abuse.ch/downloads/csv_recent/
url,https://urlhaus.abuse.ch/url/3925248,text_feeds:urlhaus_urls,2026-09-30T12:22:31Z,CLEAR,0.5,phishing;malware-url;urlhaus_urls,https://urlhaus.abuse.ch/downloads/csv_recent/
url,https://urlhaus.abuse.ch/url/3925249,text_feeds:urlhaus_urls,2026-09-30T12:22:31Z,CLEAR,0.5,phishing;malware-url;urlhaus_urls,https://urlhaus.abuse.ch/downloads/csv_recent/
url,https://urlhaus.abuse.ch/url/3925250,text_feeds:urlhaus_urls,2026-09-30T12:22:31Z,CLEAR,0.5,phishing;malware-url;urlhaus_urls,https://urlhaus.abuse.ch/downloads/csv_recent/
url,https://urlhaus.abuse.ch/url/3925251,text_feeds:urlhaus_urls,2026-09-30T12:22:31Z,CLEAR,0.5,phishing;malware-url;urlhaus_urls,https://urlhaus.abuse.ch/downloads/csv_recent/
url,https://urlhaus.abuse.ch/url/3925252,text_feeds:urlhaus_urls,2026-09-30T12:22:31Z,CLEAR,0.5,phishing;malware-url;urlhaus_urls,https://urlhaus.abuse.ch/downloads/csv_recent/
url,https://urlhaus.abuse.ch/url/3925253,text_feeds:urlhaus_urls,2026-09-30T12:22:31Z,CLEAR,0.5,phishing;malware-url;urlhaus_urls,https://urlhaus.abuse.ch/downloads/csv_recent/
url,https://urlhaus.abuse.ch/url/3925254,text_feeds:urlhaus_urls,2026-09-30T12:22:31Z,CLEAR,0.5,phishing;malware-url;urlhaus_urls,https://urlhaus.abuse.ch/downloads/csv_recent/
url,https://urlhaus.abuse.ch/url/3925255,text_feeds:urlhaus_urls,2026-09-30T12:22:31Z,CLEAR,0.5,phishing;malware-url;urlhaus_urls,https://urlhaus.abuse.ch/downloads/csv_recent/
url,https://urlhaus.abuse.ch/url/3925256,text_feeds:urlhaus_urls,2026-09-30T12:22:31Z,CLEAR,0.5,phishing;malware-url;urlhaus_urls,https://urlhaus.abuse.ch/downloads/csv_recent/
url,https://urlhaus.abuse.ch/url/3925257,text_feeds:urlhaus_urls,2026-09-30T12:22:31Z,CLEAR,0.5,phishing;malware-url;urlhaus_urls,https://urlhaus.abuse.ch/downloads/csv_recent/
url,https://urlhaus.abuse.ch/url/3925258,text_feeds:urlhaus_urls,2026-09-30T12:22:31Z,CLEAR,0.5,phishing;malware-url;urlhaus_urls,https://urlhaus.abuse.ch/downloads/csv_recent/
url,https://urlhaus.abuse.ch/url/3925259,text_feeds:urlhaus_urls,2026-09-30T12:22:31Z,CLEAR,0.5,phishing;malware-url;urlhaus_urls,https://urlhaus.abuse.ch/downloads/csv_recent/
url,https://urlhaus.abuse.ch/url/3925260,text_feeds:urlhaus_urls,2026-09-30T12:22:31Z,CLEAR,0.5,phishing;malware-url;urlhaus_urls,https://urlhaus.abuse.ch/downloads/csv_recent/
url,https://urlhaus.abuse.ch/url/3925261,text_feeds:urlhaus_urls,2026-09-30T12:22:31Z,CLEAR,0.5,phishing;malware-url;urlhaus_urls,https://urlhaus.abuse.ch/downloads/csv_recent/
url,https://urlhaus.abuse.ch/url/3925262,text_feeds:urlhaus_urls,2026-09-30T12:22:31Z,CLEAR,0.5,phishing;malware-url;urlhaus_urls,https://urlhaus.abuse.ch/downloads/csv_recent/
url,https://urlhaus.abuse.ch/url/3925263,text_feeds:urlhaus_urls,2026-09-30T12:22:31Z,CLEAR,0.5,phishing;malware-url;urlhaus_urls,https://urlhaus.abuse.ch/downloads/csv_recent/
url,https://urlhaus.abuse.ch/url/3925264,text_feeds:urlhaus_urls,2026-09-30T12:22:31Z,CLEAR,0.5,phishing;malware-url;urlhaus_urls,https://urlhaus.abuse.ch/downloads/csv_recent/
url,https://urlhaus.abuse.ch/url/3925265,text_feeds:urlhaus_urls,2026-09-30T12:22:31Z,CLEAR,0.5,phishing;malware-url;urlhaus_urls,https://urlhaus.abuse.ch/downloads/csv_recent/
url,https://urlhaus.abuse.ch/url/3925266,text_feeds:urlhaus_urls,2026-09-30T12:22:31Z,CLEAR,0.5,phishing;malware-url;urlhaus_urls,https://urlhaus.abuse.ch/downloads/csv_recent/
url,https://urlhaus.abuse.ch/url/3925267,text_feeds:urlhaus_urls,2026-09-30T12:22:31Z,CLEAR,0.5,phishing;malware-url;urlhaus_urls,https://urlhaus.abuse.ch/downloads/csv_recent/
url,https://urlhaus.abuse.ch/url/3925268,text_feeds:urlhaus_urls,2026-09-30T12:22:31Z,CLEAR,0.5,phishing;malware-url;urlhaus_urls,https://urlhaus.abuse.ch/downloads/csv_recent/
url,https://urlhaus.abuse.ch/url/3925269,text_feeds:urlhaus_urls,2026-09-30T12:22:31Z,CLEAR,0.5,phishing;malware-url;urlhaus_urls,https://urlhaus.abuse.ch/downloads/csv_recent/
url,https://urlhaus.abuse.ch/url/3925270,text_feeds:urlhaus_urls,2026-09-30T12:22:31Z,CLEAR,0.5,phishing;malware-url;urlhaus_urls,https://urlhaus.abuse.ch/downloads/csv_recent/
url,https://urlhaus.abuse.ch/url/3925271,text_feeds:urlhaus_urls,2026-09-30T12:22:31Z,CLEAR,0.5,phishing;malware-url;urlhaus_urls,https://urlhaus.abuse.ch/downloads/csv_recent/
url,https://urlhaus.abuse.ch/url/3925272,text_feeds:urlhaus_urls,2026-09-30T12:22:31Z,CLEAR,0.5,phishing;malware-url;urlhaus_urls,https://urlhaus.abuse.ch/downloads/csv_recent/
url,https://urlhaus.abuse.ch/url/3925273,text_feeds:urlhaus_urls,2026-09-30T12:22:31Z,CLEAR,0.5,phishing;malware-url;urlhaus_urls,https://urlhaus.abuse.ch/downloads/csv_recent/
url,https://urlhaus.abuse.ch/url/3925274,text_feeds:urlhaus_urls,2026-09-30T12:22:31Z,CLEAR,0.5,phishing;malware-url;urlhaus_urls,https://urlhaus.abuse.ch/downloads/csv_recent/
url,https://urlhaus.abuse.ch/url/3925275,text_feeds:urlhaus_urls,2026-09-30T12:22:31Z,CLEAR,0.5,phishing;malware-url;urlhaus_urls,https://urlhaus.abuse.ch/downloads/csv_recent/
url,https://urlhaus.abuse.ch/url/3925276,text_feeds:urlhaus_urls,2026-09-30T12:22:31Z,CLEAR,0.5,phishing;malware-url;urlhaus_urls,https://urlhaus.abuse.ch/downloads/csv_recent/
url,https://urlhaus.abuse.ch/url/3925277,text_feeds:urlhaus_urls,2026-09-30T12:22:31Z,CLEAR,0.5,phishing;malware-url;urlhaus_urls,https://urlhaus.abuse.ch/downloads/csv_recent/
url,https://urlhaus.abuse.ch/url/3925278,text_feeds:urlhaus_urls,2026-09-30T12:22:31Z,CLEAR,0.5,phishing;malware-url;urlhaus_urls,https://urlhaus.abuse.ch/downloads/csv_recent/
url,https://urlhaus.abuse.ch/url/3925279,text_feeds:urlhaus_urls,2026-09-30T12:22:31Z,CLEAR,0.5,phishing;malware-url;urlhaus_urls,https://urlhaus.abuse.ch/downloads/csv_recent/
url,https://urlhaus.abuse.ch/url/3925280,text_feeds:urlhaus_urls,2026-09-30T12:22:31Z,CLEAR,0.5,phishing;malware-url;urlhaus_urls,https://urlhaus.abuse.ch/downloads/csv_recent/
url,https://urlhaus.abuse.ch/url/3925281,text_feeds:urlhaus_urls,2026-09-30T12:22:31Z,CLEAR,0.5,phishing;malware-url;urlhaus_urls,https://urlhaus.abuse.ch/downloads/csv_recent/
url,https://urlhaus.abuse.ch/url/3925282,text_feeds:urlhaus_urls,2026-09-30T12:22:31Z,CLEAR,0.5,phishing;malware-url;urlhaus_urls,https://urlhaus.abuse.ch/downloads/csv_recent/
url,https://urlhaus.abuse.ch/url/3925283,text_feeds:urlhaus_urls,2026-09-30T12:22:31Z,CLEAR,0.5,phishing;malware-url;urlhaus_urls,https://urlhaus.abuse.ch/downloads/csv_recent/
url,https://urlhaus.abuse.ch/url/3925284,text_feeds:urlhaus_urls,2026-09-30T12:22:31Z,CLEAR,0.5,phishing;malware-url;urlhaus_urls,https://urlhaus.abuse.ch/downloads/csv_recent/
url,https://urlhaus.abuse.ch/url/3925285,text_feeds:urlhaus_urls,2026-09-30T12:22:31Z,CLEAR,0.5,phishing;malware-url;urlhaus_urls,https://urlhaus.abuse.ch/downloads/csv_recent/
url,https://urlhaus.abuse.ch/url/3925286,text_feeds:urlhaus_urls,2026-09-30T12:22:31Z,CLEAR,0.5,phishing;malware-url;urlhaus_urls,https://urlhaus.abuse.ch/downloads/csv_recent/
url,https://urlhaus.abuse.ch/url/3925287,text_feeds:urlhaus_urls,2026-09-30T12:22:31Z,CLEAR,0.5,phishing;malware-url;urlhaus_urls,https://urlhaus.abuse.ch/downloads/csv_recent/
url,https://urlhaus.abuse.ch/url/3925288,text_feeds:urlhaus_urls,2026-09-30T12:22:31Z,CLEAR,0.5,phishing;malware-url;urlhaus_urls,https://urlhaus.abuse.ch/downloads/csv_recent/
url,https://urlhaus.abuse.ch/url/3925289,text_feeds:urlhaus_urls,2026-09-30T12:22:31Z,CLEAR,0.5,phishing;malware-url;urlhaus_urls,https://urlhaus.abuse.ch/downloads/csv_recent/
url,https://urlhaus.abuse.ch/url/3925290,text_feeds:urlhaus_urls,2026-09-30T12:22:31Z,CLEAR,0.5,phishing;malware-url;urlhaus_urls,https://urlhaus.abuse.ch/downloads/csv_recent/
url,https://urlhaus.abuse.ch/url/3925291,text_feeds:urlhaus_urls,2026-09-30T12:22:31Z,CLEAR,0.5,phishing;malware-url;urlhaus_urls,https://urlhaus.abuse.ch/downloads/csv_recent/
url,https://urlhaus.abuse.ch/url/3925292,text_feeds:urlhaus_urls,2026-09-30T12:22:31Z,CLEAR,0.5,phishing;malware-url;urlhaus_urls,https://urlhaus.abuse.ch/downloads/csv_recent/
url,https://urlhaus.abuse.ch/url/3925293,text_feeds:urlhaus_urls,2026-09-30T12:22:31Z,CLEAR,0.5,phishing;malware-url;urlhaus_urls,https://urlhaus.abuse.ch/downloads/csv_recent/
url,https://urlhaus.abuse.ch/url/3925294,text_feeds:urlhaus_urls,2026-09-30T12:22:31Z,CLEAR,0.5,phishing;malware-url;urlhaus_urls,https://urlhaus.abuse.ch/downloads/csv_recent/
url,https://urlhaus.abuse.ch/url/3925295,text_feeds:urlhaus_urls,2026-09-30T12:22:31Z,CLEAR,0.5,phishing;malware-url;urlhaus_urls,https://urlhaus.abuse.ch/downloads/csv_recent/
url,https://urlhaus.abuse.ch/url/3925296,text_feeds:urlhaus_urls,2026-09-30T12:22:31Z,CLEAR,0.5,phishing;malware-url;urlhaus_urls,https://urlhaus.abuse.ch/downloads/csv_recent/
url,https://urlhaus.abuse.ch/url/3925297,text_feeds:urlhaus_urls,2026-09-30T12:22:31Z,CLEAR,0.5,phishing;malware-url;urlhaus_urls,https://urlhaus.abuse.ch/downloads/csv_recent/
url,https://urlhaus.abuse.ch/url/3925298,text_feeds:urlhaus_urls,2026-09-30T12:22:31Z,CLEAR,0.5,phishing;malware-url;urlhaus_urls,https://urlhaus.abuse.ch/downloads/csv_recent/
url,https://urlhaus.abuse.ch/url/3925299,text_feeds:urlhaus_urls,2026-09-30T12:22:31Z,CLEAR,0.5,phishing;malware-url;urlhaus_urls,https://urlhaus.abuse.ch/downloads/csv_recent/
url,https://urlhaus.abuse.ch/url/3925300,text_feeds:urlhaus_urls,2026-09-30T12:22:31Z,CLEAR,0.5,phishing;malware-url;urlhaus_urls,https://urlhaus.abuse.ch/downloads/csv_recent/
url,https://urlhaus.abuse.ch/url/3925301,text_feeds:urlhaus_urls,2026-09-30T12:22:31Z,CLEAR,0.5,phishing;malware-url;urlhaus_urls,https://urlhaus.abuse.ch/downloads/csv_recent/
url,https://urlhaus.abuse.ch/url/3925302,text_feeds:urlhaus_urls,2026-09-30T12:22:31Z,CLEAR,0.5,phishing;malware-url;urlhaus_urls,https://urlhaus.abuse.ch/downloads/csv_recent/
url,https://urlhaus.abuse.ch/url/3925303,text_feeds:urlhaus_urls,2026-09-30T12:22:31Z,CLEAR,0.5,phishing;malware-url;urlhaus_urls,https://urlhaus.abuse.ch/downloads/csv_recent/
url,https://urlhaus.abuse.ch/url/3925304,text_feeds:urlhaus_urls,2026-09-30T12:22:31Z,CLEAR,0.5,phishing;malware-url;urlhaus_urls,https://urlhaus.abuse.ch/downloads/csv_recent/
url,https://urlhaus.abuse.ch/url/3925305,text_feeds:urlhaus_urls,2026-09-30T12:22:31Z,CLEAR,0.5,phishing;malware-url;urlhaus_urls,https://urlhaus.abuse.ch/downloads/csv_recent/
url,https://urlhaus.abuse.ch/url/3925306,text_feeds:urlhaus_urls,2026-09-30T12:22:31Z,CLEAR,0.5,phishing;malware-url;urlhaus_urls,https://urlhaus.abuse.ch/downloads/csv_recent/
url,https://urlhaus.abuse.ch/url/3925307,text_feeds:urlhaus_urls,2026-09-30T12:22:31Z,CLEAR,0.5,phishing;malware-url;urlhaus_urls,https://urlhaus.abuse.ch/downloads/csv_recent/
url,https://urlhaus.abuse.ch/url/3925308,text_feeds:urlhaus_urls,2026-09-30T12:22:31Z,CLEAR,0.5,phishing;malware-url;urlhaus_urls,https://urlhaus.abuse.ch/downloads/csv_recent/
url,https://urlhaus.abuse.ch/url/3925309,text_feeds:urlhaus_urls,2026-09-30T12:22:31Z,CLEAR,0.5,phishing;malware-url;urlhaus_urls,https://urlhaus.abuse.ch/downloads/csv_recent/
url,https://urlhaus.abuse.ch/url/3925310,text_feeds:urlhaus_urls,2026-09-30T12:22:31Z,CLEAR,0.5,phishing;malware-url;urlhaus_urls,https://urlhaus.abuse.ch/downloads/csv_recent/
url,https://urlhaus.abuse.ch/url/3925311,text_feeds:urlhaus_urls,2026-09-30T12:22:31Z,CLEAR,0.5,phishing;malware-url;urlhaus_urls,https://urlhaus.abuse.ch/downloads/csv_recent/
url,https://urlhaus.abuse.ch/url/3925312,text_feeds:urlhaus_urls,2026-09-30T12:22:31Z,CLEAR,0.5,phishing;malware-url;urlhaus_urls,https://urlhaus.abuse.ch/downloads/csv_recent/
url,https://urlhaus.abuse.ch/url/3925313,text_feeds:urlhaus_urls,2026-09-30T12:22:31Z,CLEAR,0.5,phishing;malware-url;urlhaus_urls,https://urlhaus.abuse.ch/downloads/csv_recent/
url,https://urlhaus.abuse.ch/url/3925314,text_feeds:urlhaus_urls,2026-09-30T12:22:31Z,CLEAR,0.5,phishing;malware-url;urlhaus_urls,https://urlhaus.abuse.ch/downloads/csv_recent/
url,https://urlhaus.abuse.ch/url/3925315,text_feeds:urlhaus_urls,2026-09-30T12:22:31Z,CLEAR,0.5,phishing;malware-url;urlhaus_urls,https://urlhaus.abuse.ch/downloads/csv_recent/
url,https://urlhaus.abuse.ch/url/3925316,text_feeds:urlhaus_urls,2026-09-30T12:22:31Z,CLEAR,0.5,phishing;malware-url;urlhaus_urls,https://urlhaus.abuse.ch/downloads/csv_recent/
url,https://urlhaus.abuse.ch/url/3925317,text_feeds:urlhaus_urls,2026-09-30T12:22:31Z,CLEAR,0.5,phishing;malware-url;urlhaus_urls,https://urlhaus.abuse.ch/downloads/csv_recent/
url,https://urlhaus.abuse.ch/url/3925318,text_feeds:urlhaus_urls,2026-09-30T12:22:31Z,CLEAR,0.5,phishing;malware-url;urlhaus_urls,https://urlhaus.abuse.ch/downloads/csv_recent/
url,https://urlhaus.abuse.ch/url/3925319,text_feeds:urlhaus_urls,2026-09-30T12:22:31Z,CLEAR,0.5,phishing;malware-url;urlhaus_urls,https://urlhaus.abuse.ch/downloads/csv_recent/
url,https://urlhaus.abuse.ch/url/3925320,text_feeds:urlhaus_urls,2026-09-30T12:22:31Z,CLEAR,0.5,phishing;malware-url;urlhaus_urls,https://urlhaus.abuse.ch/downloads/csv_recent/
url,https://urlhaus.abuse.ch/url/3925321,text_feeds:urlhaus_urls,2026-09-30T12:22:31Z,CLEAR,0.5,phishing;malware-url;urlhaus_urls,https://urlhaus.abuse.ch/downloads/csv_recent/
url,https://urlhaus.abuse.ch/url/3925322,text_feeds:urlhaus_urls,2026-09-30T12:22:31Z,CLEAR,0.5,phishing;malware-url;urlhaus_urls,https://urlhaus.abuse.ch/downloads/csv_recent/
url,https://urlhaus.abuse.ch/url/3925323,text_feeds:urlhaus_urls,2026-09-30T12:22:31Z,CLEAR,0.5,phishing;malware-url;urlhaus_urls,https://urlhaus.abuse.ch/downloads/csv_recent/
url,https://urlhaus.abuse.ch/url/3925324,text_feeds:urlhaus_urls,2026-09-30T12:22:31Z,CLEAR,0.5,phishing;malware-url;urlhaus_urls,https://urlhaus.abuse.ch/downloads/csv_recent/
url,https://urlhaus.abuse.ch/url/3925325,text_feeds:urlhaus_urls,2026-09-30T12:22:31Z,CLEAR,0.5,phishing;malware-url;urlhaus_urls,https://urlhaus.abuse.ch/downloads/csv_recent/
url,https://urlhaus.abuse.ch/url/3925326,text_feeds:urlhaus_urls,2026-09-30T12:22:31Z,CLEAR,0.5,phishing;malware-url;urlhaus_urls,https://urlhaus.abuse.ch/downloads/csv_recent/
url,https://urlhaus.abuse.ch/url/3925327,text_feeds:urlhaus_urls,2026-09-30T12:22:31Z,CLEAR,0.5,phishing;malware-url;urlhaus_urls,https://urlhaus.abuse.ch/downloads/csv_recent/
url,https://urlhaus.abuse.ch/url/3925328,text_feeds:urlhaus_urls,2026-09-30T12:22:31Z,CLEAR,0.5,phishing;malware-url;urlhaus_urls,https://urlhaus.abuse.ch/downloads/csv_recent/
url,https://urlhaus.abuse.ch/url/3925329,text_feeds:urlhaus_urls,2026-09-30T12:22:31Z,CLEAR,0.5,phishing;malware-url;urlhaus_urls,https://urlhaus.abuse.ch/downloads/csv_recent/
url,https://urlhaus.abuse.ch/url/3925330,text_feeds:urlhaus_urls,2026-09-30T12:22:31Z,CLEAR,0.5,phishing;malware-url;urlhaus_urls,https://urlhaus.abuse.ch/downloads/csv_recent/
url,https://urlhaus.abuse.ch/url/3925331,text_feeds:urlhaus_urls,2026-09-30T12:22:31Z,CLEAR,0.5,phishing;malware-url;urlhaus_urls,https://urlhaus.abuse.ch/downloads/csv_recent/
url,https://urlhaus.abuse.ch/url/3925332,text_feeds:urlhaus_urls,2026-09-30T12:22:31Z,CLEAR,0.5,phishing;malware-url;urlhaus_urls,https://urlhaus.abuse.ch/downloads/csv_recent/
url,https://urlhaus.abuse.ch/url/3925333,text_feeds:urlhaus_urls,2026-09-30T12:22:31Z,CLEAR,0.5,phishing;malware-url;urlhaus_urls,https://urlhaus.abuse.ch/downloads/csv_recent/
url,https://urlhaus.abuse.ch/url/3925334,text_feeds:urlhaus_urls,2026-09-30T12:22:31Z,CLEAR,0.5,phishing;malware-url;urlhaus_urls,https://urlhaus.abuse.ch/downloads/csv_recent/
url,https://urlhaus.abuse.ch/url/3925335,text_feeds:urlhaus_urls,2026-09-30T12:22:31Z,CLEAR,0.5,phishing;malware-url;urlhaus_urls,https://urlhaus.abuse.ch/downloads/csv_recent/
url,https://urlhaus.abuse.ch/url/3925336,text_feeds:urlhaus_urls,2026-09-30T12:22:31Z,CLEAR,0.5,phishing;malware-url;urlhaus_urls,https://urlhaus.abuse.ch/downloads/csv_recent/
url,https://urlhaus.abuse.ch/url/3925337,text_feeds:urlhaus_urls,2026-09-30T12:22:31Z,CLEAR,0.5,phishing;malware-url;urlhaus_urls,https://urlhaus.abuse.ch/downloads/csv_recent/
url,https://urlhaus.abuse.ch/url/3925338,text_feeds:urlhaus_urls,2026-09-30T12:22:31Z,CLEAR,0.5,phishing;malware-url;urlhaus_urls,https://urlhaus.abuse.ch/downloads/csv_recent/
url,https://urlhaus.abuse.ch/url/3925339,text_feeds:urlhaus_urls,2026-09-30T12:22:31Z,CLEAR,0.5,phishing;malware-url;urlhaus_urls,https://urlhaus.abuse.ch/downloads/csv_recent/
url,https://urlhaus.abuse.ch/url/3925340,text_feeds:urlhaus_urls,2026-09-30T12:22:31Z,CLEAR,0.5,phishing;malware-url;urlhaus_urls,https://urlhaus.abuse.ch/downloads/csv_recent/
url,https://urlhaus.abuse.ch/url/3925341,text_feeds:urlhaus_urls,2026-09-30T12:22:31Z,CLEAR,0.5,phishing;malware-url;urlhaus_urls,https://urlhaus.abuse.ch/downloads/csv_recent/
url,https://urlhaus.abuse.ch/url/3925342,text_feeds:urlhaus_urls,2026-09-30T12:22:31Z,CLEAR,0.5,phishing;malware-url;urlhaus_urls,https://urlhaus.abuse.ch/downloads/csv_recent/
url,https://urlhaus.abuse.ch/url/3925343,text_feeds:urlhaus_urls,2026-09-30T12:22:31Z,CLEAR,0.5,phishing;malware-url;urlhaus_urls,https://urlhaus.abuse.ch/downloads/csv_recent/
url,https://urlhaus.abuse.ch/url/3925344,text_feeds:urlhaus_urls,2026-09-30T12:22:31Z,CLEAR,0.5,phishing;malware-url;urlhaus_urls,https://urlhaus.abuse.ch/downloads/csv_recent/
url,https://urlhaus.abuse.ch/url/3925345,text_feeds:urlhaus_urls,2026-09-30T12:22:31Z,CLEAR,0.5,phishing;malware-url;urlhaus_urls,https://urlhaus.abuse.ch/downloads/csv_recent/
url,https://urlhaus.abuse.ch/url/3925346,text_feeds:urlhaus_urls,2026-09-30T12:22:31Z,CLEAR,0.5,phishing;malware-url;urlhaus_urls,https://urlhaus.abuse.ch/downloads/csv_recent/
url,https://urlhaus.abuse.ch/url/3925347,text_feeds:urlhaus_urls,2026-09-30T12:22:31Z,CLEAR,0.5,phishing;malware-url;urlhaus_urls,https://urlhaus.abuse.ch/downloads/csv_recent/
url,https://urlhaus.abuse.ch/url/3925348,text_feeds:urlhaus_urls,2026-09-30T12:22:31Z,CLEAR,0.5,phishing;malware-url;urlhaus_urls,https://urlhaus.abuse.ch/downloads/csv_recent/
url,https://urlhaus.abuse.ch/url/3925349,text_feeds:urlhaus_urls,2026-09-30T12:22:31Z,CLEAR,0.5,phishing;malware-url;urlhaus_urls,https://urlhaus.abuse.ch/downloads/csv_recent/
url,https://urlhaus.abuse.ch/url/3925350,text_feeds:urlhaus_urls,2026-09-30T12:22:31Z,CLEAR,0.5,phishing;malware-url;urlhaus_urls,https://urlhaus.abuse.ch/downloads/csv_recent/
url,https://urlhaus.abuse.ch/url/3925351,text_feeds:urlhaus_urls,2026-09-30T12:22:31Z,CLEAR,0.5,phishing;malware-url;urlhaus_urls,https://urlhaus.abuse.ch/downloads/csv_recent/
url,https://urlhaus.abuse.ch/url/3925352,text_feeds:urlhaus_urls,2026-09-30T12:22:31Z,CLEAR,0.5,phishing;malware-url;urlhaus_urls,https://urlhaus.abuse.ch/downloads/csv_recent/
url,https://urlhaus.abuse.ch/url/3925353,text_feeds:urlhaus_urls,2026-09-30T12:22:31Z,CLEAR,0.5,phishing;malware-url;urlhaus_urls,https://urlhaus.abuse.ch/downloads/csv_recent/
url,https://urlhaus.abuse.ch/url/3925354,text_feeds:urlhaus_urls,2026-09-30T12:22:31Z,CLEAR,0.5,phishing;malware-url;urlhaus_urls,https://urlhaus.abuse.ch/downloads/csv_recent/
url,https://urlhaus.abuse.ch/url/3925355,text_feeds:urlhaus_urls,2026-09-30T12:22:31Z,CLEAR,0.5,phishing;malware-url;urlhaus_urls,https://urlhaus.abuse.ch/downloads/csv_recent/
url,https://urlhaus.abuse.ch/url/3925356,text_feeds:urlhaus_urls,2026-09-30T12:22:31Z,CLEAR,0.5,phishing;malware-url;urlhaus_urls,https://urlhaus.abuse.ch/downloads/csv_recent/
url,https://urlhaus.abuse.ch/url/3925357,text_feeds:urlhaus_urls,2026-09-30T12:22:31Z,CLEAR,0.5,phishing;malware-url;urlhaus_urls,https://urlhaus.abuse.ch/downloads/csv_recent/
url,https://urlhaus.abuse.ch/url/3925358,text_feeds:urlhaus_urls,2026-09-30T12:22:31Z,CLEAR,0.5,phishing;malware-url;urlhaus_urls,https://urlhaus.abuse.ch/downloads/csv_recent/
url,https://urlhaus.abuse.ch/url/3925359,text_feeds:urlhaus_urls,2026-09-30T12:22:31Z,CLEAR,0.5,phishing;malware-url;urlhaus_urls,https://urlhaus.abuse.ch/downloads/csv_recent/
url,https://urlhaus.abuse.ch/url/3925360,text_feeds:urlhaus_urls,2026-09-30T12:22:31Z,CLEAR,0.5,phishing;malware-url;urlhaus_urls,https://urlhaus.abuse.ch/downloads/csv_recent/
url,https://urlhaus.abuse.ch/url/3925361,text_feeds:urlhaus_urls,2026-09-30T12:22:31Z,CLEAR,0.5,phishing;malware-url;urlhaus_urls,https://urlhaus.abuse.ch/downloads/csv_recent/
url,https://urlhaus.abuse.ch/url/3925362,text_feeds:urlhaus_urls,2026-09-30T12:22:31Z,CLEAR,0.5,phishing;malware-url;urlhaus_urls,https://urlhaus.abuse.ch/downloads/csv_recent/
url,https://urlhaus.abuse.ch/url/3925363,text_feeds:urlhaus_urls,2026-09-30T12:22:31Z,CLEAR,0.5,phishing;malware-url;urlhaus_urls,https://urlhaus.abuse.ch/downloads/csv_recent/
url,https://urlhaus.abuse.ch/url/3925364,text_feeds:urlhaus_urls,2026-09-30T12:22:31Z,CLEAR,0.5,phishing;malware-url;urlhaus_urls,https://urlhaus.abuse.ch/downloads/csv_recent/
url,https://urlhaus.abuse.ch/url/3925365,text_feeds:urlhaus_urls,2026-09-30T12:22:31Z,CLEAR,0.5,phishing;malware-url;urlhaus_urls,https://urlhaus.abuse.ch/downloads/csv_recent/
url,https://urlhaus.abuse.ch/url/3925366,text_feeds:urlhaus_urls,2026-09-30T12:22:31Z,CLEAR,0.5,phishing;malware-url;urlhaus_urls,https://urlhaus.abuse.ch/downloads/csv_recent/
url,https://urlhaus.abuse.ch/url/3925367,text_feeds:urlhaus_urls,2026-09-30T12:22:31Z,CLEAR,0.5,phishing;malware-url;urlhaus_urls,https://urlhaus.abuse.ch/downloads/csv_recent/
url,https://urlhaus.abuse.ch/url/3925368,text_feeds:urlhaus_urls,2026-09-30T12:22:31Z,CLEAR,0.5,phishing;malware-url;urlhaus_urls,https://urlhaus.abuse.ch/downloads/csv_recent/
url,https://urlhaus.abuse.ch/url/3925369,text_feeds:urlhaus_urls,2026-09-30T12:22:31Z,CLEAR,0.5,phishing;malware-url;urlhaus_urls,https://urlhaus.abuse.ch/downloads/csv_recent/
url,https://urlhaus.abuse.ch/url/3925370,text_feeds:urlhaus_urls,2026-09-30T12:22:31Z,CLEAR,0.5,phishing;malware-url;urlhaus_urls,https://urlhaus.abuse.ch/downloads/csv_recent/
url,https://urlhaus.abuse.ch/url/3925371,text_feeds:urlhaus_urls,2026-09-30T12:22:31Z,CLEAR,0.5,phishing;malware-url;urlhaus_urls,https://urlhaus.abuse.ch/downloads/csv_recent/
url,https://urlhaus.abuse.ch/url/3925372,text_feeds:urlhaus_urls,2026-09-30T12:22:31Z,CLEAR,0.5,phishing;malware-url;urlhaus_urls,https://urlhaus.abuse.ch/downloads/csv_recent/
url,https://urlhaus.abuse.ch/url/3925373,text_feeds:urlhaus_urls,2026-09-30T12:22:31Z,CLEAR,0.5,phishing;malware-url;urlhaus_urls,https://urlhaus.abuse.ch/downloads/csv_recent/
url,https://urlhaus.abuse.ch/url/3925374,text_feeds:urlhaus_urls,2026-09-30T12:22:31Z,CLEAR,0.5,phishing;malware-url;urlhaus_urls,https://urlhaus.abuse.ch/downloads/csv_recent/
url,https://urlhaus.abuse.ch/url/3925375,text_feeds:urlhaus_urls,2026-09-30T12:22:31Z,CLEAR,0.5,phishing;malware-url;urlhaus_urls,https://urlhaus.abuse.ch/downloads/csv_recent/
url,https://urlhaus.abuse.ch/url/3925376,text_feeds:urlhaus_urls,2026-09-30T12:22:31Z,CLEAR,0.5,phishing;malware-url;urlhaus_urls,https://urlhaus.abuse.ch/downloads/csv_recent/
url,https://urlhaus.abuse.ch/url/3925377,text_feeds:urlhaus_urls,2026-09-30T12:22:31Z,CLEAR,0.5,phishing;malware-url;urlhaus_urls,https://urlhaus.abuse.ch/downloads/csv_recent/
url,https://urlhaus.abuse.ch/url/3925378,text_feeds:urlhaus_urls,2026-09-30T12:22:31Z,CLEAR,0.5,phishing;malware-url;urlhaus_urls,https://urlhaus.abuse.ch/downloads/csv_recent/
url,https://urlhaus.abuse.ch/url/3925379,text_feeds:urlhaus_urls,2026-09-30T12:22:31Z,CLEAR,0.5,phishing;malware-url;urlhaus_urls,https://urlhaus.abuse.ch/downloads/csv_recent/
url,https://urlhaus.abuse.ch/url/3925380,text_feeds:urlhaus_urls,2026-09-30T12:22:31Z,CLEAR,0.5,phishing;malware-url;urlhaus_urls,https://urlhaus.abuse.ch/downloads/csv_recent/
url,https://urlhaus.abuse.ch/url/3925381,text_feeds:urlhaus_urls,2026-09-30T12:22:31Z,CLEAR,0.5,phishing;malware-url;urlhaus_urls,https://urlhaus.abuse.ch/downloads/csv_recent/
url,https://urlhaus.abuse.ch/url/3925382,text_feeds:urlhaus_urls,2026-09-30T12:22:31Z,CLEAR,0.5,phishing;malware-url;urlhaus_urls,https://urlhaus.abuse.ch/downloads/csv_recent/
url,https://urlhaus.abuse.ch/url/3925383,text_feeds:urlhaus_urls,2026-09-30T12:22:31Z,CLEAR,0.5,phishing;malware-url;urlhaus_urls,https://urlhaus.abuse.ch/downloads/csv_recent/
url,https://urlhaus.abuse.ch/url/3925384,text_feeds:urlhaus_urls,2026-09-30T12:22:31Z,CLEAR,0.5,phishing;malware-url;urlhaus_urls,https://urlhaus.abuse.ch/downloads/csv_recent/
url,https://urlhaus.abuse.ch/url/3925385,text_feeds:urlhaus_urls,2026-09-30T12:22:31Z,CLEAR,0.5,phishing;malware-url;urlhaus_urls,https://urlhaus.abuse.ch/downloads/csv_recent/
url,https://urlhaus.abuse.ch/url/3925386,text_feeds:urlhaus_urls,2026-09-30T12:22:31Z,CLEAR,0.5,phishing;malware-url;urlhaus_urls,https://urlhaus.abuse.ch/downloads/csv_recent/
url,https://urlhaus.abuse.ch/url/3925387,text_feeds:urlhaus_urls,2026-09-30T12:22:31Z,CLEAR,0.5,phishing;malware-url;urlhaus_urls,https://urlhaus.abuse.ch/downloads/csv_recent/
url,https://urlhaus.abuse.ch/url/3925388,text_feeds:urlhaus_urls,2026-09-30T12:22:31Z,CLEAR,0.5,phishing;malware-url;urlhaus_urls,https://urlhaus.abuse.ch/downloads/csv_recent/
url,https://urlhaus.abuse.ch/url/3925389,text_feeds:urlhaus_urls,2026-09-30T12:22:31Z,CLEAR,0.5,phishing;malware-url;urlhaus_urls,https://urlhaus.abuse.ch/downloads/csv_recent/
url,https://urlhaus.abuse.ch/url/3925390,text_feeds:urlhaus_urls,2026-09-30T12:22:31Z,CLEAR,0.5,phishing;malware-url;urlhaus_urls,https://urlhaus.abuse.ch/downloads/csv_recent/
url,https://urlhaus.abuse.ch/url/3925391,text_feeds:urlhaus_urls,2026-09-30T12:22:31Z,CLEAR,0.5,phishing;malware-url;urlhaus_urls,https://urlhaus.abuse.ch/downloads/csv_recent/
url,https://urlhaus.abuse.ch/url/3925392,text_feeds:urlhaus_urls,2026-09-30T12:22:31Z,CLEAR,0.5,phishing;malware-url;urlhaus_urls,https://urlhaus.abuse.ch/downloads/csv_recent/
url,https://urlhaus.abuse.ch/url/3925393,text_feeds:urlhaus_urls,2026-09-30T12:22:31Z,CLEAR,0.5,phishing;malware-url;urlhaus_urls,https://urlhaus.abuse.ch/downloads/csv_recent/
url,https://urlhaus.abuse.ch/url/3925394,text_feeds:urlhaus_urls,2026-09-30T12:22:31Z,CLEAR,0.5,phishing;malware-url;urlhaus_urls,https://urlhaus.abuse.ch/downloads/csv_recent/
url,https://urlhaus.abuse.ch/url/3925395,text_feeds:urlhaus_urls,2026-09-30T12:22:31Z,CLEAR,0.5,phishing;malware-url;urlhaus_urls,https://urlhaus.abuse.ch/downloads/csv_recent/
url,https://urlhaus.abuse.ch/url/3925396,text_feeds:urlhaus_urls,2026-09-30T12:22:31Z,CLEAR,0.5,phishing;malware-url;urlhaus_urls,https://urlhaus.abuse.ch/downloads/csv_recent/
url,https://urlhaus.abuse.ch/url/3925397,text_feeds:urlhaus_urls,2026-09-30T12:22:31Z,CLEAR,0.5,phishing;malware-url;urlhaus_urls,https://urlhaus.abuse.ch/downloads/csv_recent/
url,https://urlhaus.abuse.ch/url/3925398,text_feeds:urlhaus_urls,2026-09-30T12:22:31Z,CLEAR,0.5,phishing;malware-url;urlhaus_urls,https://urlhaus.abuse.ch/downloads/csv_recent/
url,https://urlhaus.abuse.ch/url/3925399,text_feeds:urlhaus_urls,2026-09-30T12:22:31Z,CLEAR,0.5,phishing;malware-url;urlhaus_urls,https://urlhaus.abuse.ch/downloads/csv_recent/
url,https://urlhaus.abuse.ch/url/3925400,text_feeds:urlhaus_urls,2026-09-30T12:22:31Z,CLEAR,0.5,phishing;malware-url;urlhaus_urls,https://urlhaus.abuse.ch/downloads/csv_recent/
url,https://urlhaus.abuse.ch/url/3925401,text_feeds:urlhaus_urls,2026-09-30T12:22:31Z,CLEAR,0.5,phishing;malware-url;urlhaus_urls,https://urlhaus.abuse.ch/downloads/csv_recent/
url,https://urlhaus.abuse.ch/url/3925402,text_feeds:urlhaus_urls,2026-09-30T12:22:31Z,CLEAR,0.5,phishing;malware-url;urlhaus_urls,https://urlhaus.abuse.ch/downloads/csv_recent/
url,https://urlhaus.abuse.ch/url/3925403,text_feeds:urlhaus_urls,2026-09-30T12:22:31Z,CLEAR,0.5,phishing;malware-url;urlhaus_urls,https://urlhaus.abuse.ch/downloads/csv_recent/
url,https://urlhaus.abuse.ch/url/3925404,text_feeds:urlhaus_urls,2026-09-30T12:22:31Z,CLEAR,0.5,phishing;malware-url;urlhaus_urls,https://urlhaus.abuse.ch/downloads/csv_recent/
url,https://urlhaus.abuse.ch/url/3925405,text_feeds:urlhaus_urls,2026-09-30T12:22:31Z,CLEAR,0.5,phishing;malware-url;urlhaus_urls,https://urlhaus.abuse.ch/downloads/csv_recent/
url,https://urlhaus.abuse.ch/url/3925406,text_feeds:urlhaus_urls,2026-09-30T12:22:31Z,CLEAR,0.5,phishing;malware-url;urlhaus_urls,https://urlhaus.abuse.ch/downloads/csv_recent/
url,https://urlhaus.abuse.ch/url/3925407,text_feeds:urlhaus_urls,2026-09-30T12:22:31Z,CLEAR,0.5,phishing;malware-url;urlhaus_urls,https://urlhaus.abuse.ch/downloads/csv_recent/
url,https://urlhaus.abuse.ch/url/3925408,text_feeds:urlhaus_urls,2026-09-30T12:22:31Z,CLEAR,0.5,phishing;malware-url;urlhaus_urls,https://urlhaus.abuse.ch/downloads/csv_recent/
url,https://urlhaus.abuse.ch/url/3925409,text_feeds:urlhaus_urls,2026-09-30T12:22:31Z,CLEAR,0.5,phishing;malware-url;urlhaus_urls,https://urlhaus.abuse.ch/downloads/csv_recent/
url,https://urlhaus.abuse.ch/url/3925410,text_feeds:urlhaus_urls,2026-09-30T12:22:31Z,CLEAR,0.5,phishing;malware-url;urlhaus_urls,https://urlhaus.abuse.ch/downloads/csv_recent/
url,https://urlhaus.abuse.ch/url/3925411,text_feeds:urlhaus_urls,2026-09-30T12:22:31Z,CLEAR,0.5,phishing;malware-url;urlhaus_urls,https://urlhaus.abuse.ch/downloads/csv_recent/
url,https://urlhaus.abuse.ch/url/3925412,text_feeds:urlhaus_urls,2026-09-30T12:22:31Z,CLEAR,0.5,phishing;malware-url;urlhaus_urls,https://urlhaus.abuse.ch/downloads/csv_recent/
url,https://urlhaus.abuse.ch/url/3925413,text_feeds:urlhaus_urls,2026-09-30T12:22:31Z,CLEAR,0.5,phishing;malware-url;urlhaus_urls,https://urlhaus.abuse.ch/downloads/csv_recent/
url,https://urlhaus.abuse.ch/url/3925414,text_feeds:urlhaus_urls,2026-09-30T12:22:31Z,CLEAR,0.5,phishing;malware-url;urlhaus_urls,https://urlhaus.abuse.ch/downloads/csv_recent/
url,https://urlhaus.abuse.ch/url/3925415,text_feeds:urlhaus_urls,2026-09-30T12:22:31Z,CLEAR,0.5,phishing;malware-url;urlhaus_urls,https://urlhaus.abuse.ch/downloads/csv_recent/
url,https://urlhaus.abuse.ch/url/3925416,text_feeds:urlhaus_urls,2026-09-30T12:22:31Z,CLEAR,0.5,phishing;malware-url;urlhaus_urls,https://urlhaus.abuse.ch/downloads/csv_recent/
url,https://urlhaus.abuse.ch/url/3925417,text_feeds:urlhaus_urls,2026-09-30T12:22:31Z,CLEAR,0.5,phishing;malware-url;urlhaus_urls,https://urlhaus.abuse.ch/downloads/csv_recent/
url,https://urlhaus.abuse.ch/url/3925418,text_feeds:urlhaus_urls,2026-09-30T12:22:31Z,CLEAR,0.5,phishing;malware-url;urlhaus_urls,https://urlhaus.abuse.ch/downloads/csv_recent/
url,https://urlhaus.abuse.ch/url/3925419,text_feeds:urlhaus_urls,2026-09-30T12:22:31Z,CLEAR,0.5,phishing;malware-url;urlhaus_urls,https://urlhaus.abuse.ch/downloads/csv_recent/
url,https://urlhaus.abuse.ch/url/3925420,text_feeds:urlhaus_urls,2026-09-30T12:22:31Z,CLEAR,0.5,phishing;malware-url;urlhaus_urls,https://urlhaus.abuse.ch/downloads/csv_recent/
url,https://urlhaus.abuse.ch/url/3925421,text_feeds:urlhaus_urls,2026-09-30T12:22:31Z,CLEAR,0.5,phishing;malware-url;urlhaus_urls,https://urlhaus.abuse.ch/downloads/csv_recent/
url,https://urlhaus.abuse.ch/url/3925422,text_feeds:urlhaus_urls,2026-09-30T12:22:31Z,CLEAR,0.5,phishing;malware-url;urlhaus_urls,https://urlhaus.abuse.ch/downloads/csv_recent/
url,https://urlhaus.abuse.ch/url/3925423,text_feeds:urlhaus_urls,2026-09-30T12:22:31Z,CLEAR,0.5,phishing;malware-url;urlhaus_urls,https://urlhaus.abuse.ch/downloads/csv_recent/
url,https://urlhaus.abuse.ch/url/3925424,text_feeds:urlhaus_urls,2026-09-30T12:22:31Z,CLEAR,0.5,phishing;malware-url;urlhaus_urls,https://urlhaus.abuse.ch/downloads/csv_recent/
url,https://urlhaus.abuse.ch/url/3925425,text_feeds:urlhaus_urls,2026-09-30T12:22:31Z,CLEAR,0.5,phishing;malware-url;urlhaus_urls,https://urlhaus.abuse.ch/downloads/csv_recent/
url,https://urlhaus.abuse.ch/url/3925426,text_feeds:urlhaus_urls,2026-09-30T12:22:31Z,CLEAR,0.5,phishing;malware-url;urlhaus_urls,https://urlhaus.abuse.ch/downloads/csv_recent/
url,https://urlhaus.abuse.ch/url/3925427,text_feeds:urlhaus_urls,2026-09-30T12:22:31Z,CLEAR,0.5,phishing;malware-url;urlhaus_urls,https://urlhaus.abuse.ch/downloads/csv_recent/
url,https://urlhaus.abuse.ch/url/3925428,text_feeds:urlhaus_urls,2026-09-30T12:22:31Z,CLEAR,0.5,phishing;malware-url;urlhaus_urls,https://urlhaus.abuse.ch/downloads/csv_recent/
url,https://urlhaus.abuse.ch/url/3925429,text_feeds:urlhaus_urls,2026-09-30T12:22:31Z,CLEAR,0.5,phishing;malware-url;urlhaus_urls,https://urlhaus.abuse.ch/downloads/csv_recent/
url,https://urlhaus.abuse.ch/url/3925430,text_feeds:urlhaus_urls,2026-09-30T12:22:31Z,CLEAR,0.5,phishing;malware-url;urlhaus_urls,https://urlhaus.abuse.ch/downloads/csv_recent/
url,https://urlhaus.abuse.ch/url/3925431,text_feeds:urlhaus_urls,2026-09-30T12:22:31Z,CLEAR,0.5,phishing;malware-url;urlhaus_urls,https://urlhaus.abuse.ch/downloads/csv_recent/
url,https://urlhaus.abuse.ch/url/3925432,text_feeds:urlhaus_urls,2026-09-30T12:22:31Z,CLEAR,0.5,phishing;malware-url;urlhaus_urls,https://urlhaus.abuse.ch/downloads/csv_recent/
url,https://urlhaus.abuse.ch/url/3925433,text_feeds:urlhaus_urls,2026-09-30T12:22:31Z,CLEAR,0.5,phishing;malware-url;urlhaus_urls,https://urlhaus.abuse.ch/downloads/csv_recent/
url,https://urlhaus.abuse.ch/url/3925434,text_feeds:urlhaus_urls,2026-09-30T12:22:31Z,CLEAR,0.5,phishing;malware-url;urlhaus_urls,https://urlhaus.abuse.ch/downloads/csv_recent/
url,https://urlhaus.abuse.ch/url/3925435,text_feeds:urlhaus_urls,2026-09-30T12:22:31Z,CLEAR,0.5,phishing;malware-url;urlhaus_urls,https://urlhaus.abuse.ch/downloads/csv_recent/
url,https://urlhaus.abuse.ch/url/3925436,text_feeds:urlhaus_urls,2026-09-30T12:22:31Z,CLEAR,0.5,phishing;malware-url;urlhaus_urls,https://urlhaus.abuse.ch/downloads/csv_recent/
url,https://urlhaus.abuse.ch/url/3925437,text_feeds:urlhaus_urls,2026-09-30T12:22:31Z,CLEAR,0.5,phishing;malware-url;urlhaus_urls,https://urlhaus.abuse.ch/downloads/csv_recent/
url,https://urlhaus.abuse.ch/url/3925438,text_feeds:urlhaus_urls,2026-09-30T12:22:31Z,CLEAR,0.5,phishing;malware-url;urlhaus_urls,https://urlhaus.abuse.ch/downloads/csv_recent/
url,https://urlhaus.abuse.ch/url/3925439,text_feeds:urlhaus_urls,2026-09-30T12:22:31Z,CLEAR,0.5,phishing;malware-url;urlhaus_urls,https://urlhaus.abuse.ch/downloads/csv_recent/
url,https://urlhaus.abuse.ch/url/3925440,text_feeds:urlhaus_urls,2026-09-30T12:22:31Z,CLEAR,0.5,phishing;malware-url;urlhaus_urls,https://urlhaus.abuse.ch/downloads/csv_recent/
url,https://urlhaus.abuse.ch/url/3925441,text_feeds:urlhaus_urls,2026-09-30T12:22:31Z,CLEAR,0.5,phishing;malware-url;urlhaus_urls,https://urlhaus.abuse.ch/downloads/csv_recent/
url,https://urlhaus.abuse.ch/url/3925442,text_feeds:urlhaus_urls,2026-09-30T12:22:31Z,CLEAR,0.5,phishing;malware-url;urlhaus_urls,https://urlhaus.abuse.ch/downloads/csv_recent/
url,https://urlhaus.abuse.ch/url/3925443,text_feeds:urlhaus_urls,2026-09-30T12:22:31Z,CLEAR,0.5,phishing;malware-url;urlhaus_urls,https://urlhaus.abuse.ch/downloads/csv_recent/
url,https://urlhaus.abuse.ch/url/3925444,text_feeds:urlhaus_urls,2026-09-30T12:22:31Z,CLEAR,0.5,phishing;malware-url;urlhaus_urls,https://urlhaus.abuse.ch/downloads/csv_recent/
url,https://urlhaus.abuse.ch/url/3925445,text_feeds:urlhaus_urls,2026-09-30T12:22:31Z,CLEAR,0.5,phishing;malware-url;urlhaus_urls,https://urlhaus.abuse.ch/downloads/csv_recent/
url,https://urlhaus.abuse.ch/url/3925446,text_feeds:urlhaus_urls,2026-09-30T12:22:31Z,CLEAR,0.5,phishing;malware-url;urlhaus_urls,https://urlhaus.abuse.ch/downloads/csv_recent/
url,https://urlhaus.abuse.ch/url/3925447,text_feeds:urlhaus_urls,2026-09-30T12:22:31Z,CLEAR,0.5,phishing;malware-url;urlhaus_urls,https://urlhaus.abuse.ch/downloads/csv_recent/
url,https://urlhaus.abuse.ch/url/3925448,text_feeds:urlhaus_urls,2026-09-30T12:22:31Z,CLEAR,0.5,phishing;malware-url;urlhaus_urls,https://urlhaus.abuse.ch/downloads/csv_recent/
url,https://urlhaus.abuse.ch/url/3925449,text_feeds:urlhaus_urls,2026-09-30T12:22:31Z,CLEAR,0.5,phishing;malware-url;urlhaus_urls,https://urlhaus.abuse.ch/downloads/csv_recent/
url,https://urlhaus.abuse.ch/url/3925450,text_feeds:urlhaus_urls,2026-09-30T12:22:31Z,CLEAR,0.5,phishing;malware-url;urlhaus_urls,https://urlhaus.abuse.ch/downloads/csv_recent/
url,https://urlhaus.abuse.ch/url/3925451,text_feeds:urlhaus_urls,2026-09-30T12:22:31Z,CLEAR,0.5,phishing;malware-url;urlhaus_urls,https://urlhaus.abuse.ch/downloads/csv_recent/
url,https://urlhaus.abuse.ch/url/3925452,text_feeds:urlhaus_urls,2026-09-30T12:22:31Z,CLEAR,0.5,phishing;malware-url;urlhaus_urls,https://urlhaus.abuse.ch/downloads/csv_recent/
url,https://urlhaus.abuse.ch/url/3925453,text_feeds:urlhaus_urls,2026-09-30T12:22:31Z,CLEAR,0.5,phishing;malware-url;urlhaus_urls,https://urlhaus.abuse.ch/downloads/csv_recent/
url,https://urlhaus.abuse.ch/url/3925454,text_feeds:urlhaus_urls,2026-09-30T12:22:31Z,CLEAR,0.5,phishing;malware-url;urlhaus_urls,https://urlhaus.abuse.ch/downloads/csv_recent/
url,https://urlhaus.abuse.ch/url/3925455,text_feeds:urlhaus_urls,2026-09-30T12:22:31Z,CLEAR,0.5,phishing;malware-url;urlhaus_urls,https://urlhaus.abuse.ch/downloads/csv_recent/
url,https://urlhaus.abuse.ch/url/3925456,text_feeds:urlhaus_urls,2026-09-30T12:22:31Z,CLEAR,0.5,phishing;malware-url;urlhaus_urls,https://urlhaus.abuse.ch/downloads/csv_recent/
url,https://urlhaus.abuse.ch/url/3925457,text_feeds:urlhaus_urls,2026-09-30T12:22:31Z,CLEAR,0.5,phishing;malware-url;urlhaus_urls,https://urlhaus.abuse.ch/downloads/csv_recent/
url,https://urlhaus.abuse.ch/url/3925458,text_feeds:urlhaus_urls,2026-09-30T12:22:31Z,CLEAR,0.5,phishing;malware-url;urlhaus_urls,https://urlhaus.abuse.ch/downloads/csv_recent/
url,https://urlhaus.abuse.ch/url/3925459,text_feeds:urlhaus_urls,2026-09-30T12:22:31Z,CLEAR,0.5,phishing;malware-url;urlhaus_urls,https://urlhaus.abuse.ch/downloads/csv_recent/
url,https://urlhaus.abuse.ch/url/3925460,text_feeds:urlhaus_urls,2026-09-30T12:22:31Z,CLEAR,0.5,phishing;malware-url;urlhaus_urls,https://urlhaus.abuse.ch/downloads/csv_recent/
url,https://urlhaus.abuse.ch/url/3925461,text_feeds:urlhaus_urls,2026-09-30T12:22:31Z,CLEAR,0.5,phishing;malware-url;urlhaus_urls,https://urlhaus.abuse.ch/downloads/csv_recent/
url,https://urlhaus.abuse.ch/url/3925462,text_feeds:urlhaus_urls,2026-09-30T12:22:31Z,CLEAR,0.5,phishing;malware-url;urlhaus_urls,https://urlhaus.abuse.ch/downloads/csv_recent/
url,https://urlhaus.abuse.ch/url/3925463,text_feeds:urlhaus_urls,2026-09-30T12:22:31Z,CLEAR,0.5,phishing;malware-url;urlhaus_urls,https://urlhaus.abuse.ch/downloads/csv_recent/
url,https://urlhaus.abuse.ch/url/3925464,text_feeds:urlhaus_urls,2026-09-30T12:22:31Z,CLEAR,0.5,phishing;malware-url;urlhaus_urls,https://urlhaus.abuse.ch/downloads/csv_recent/
url,https://urlhaus.abuse.ch/url/3925465,text_feeds:urlhaus_urls,2026-09-30T12:22:31Z,CLEAR,0.5,phishing;malware-url;urlhaus_urls,https://urlhaus.abuse.ch/downloads/csv_recent/
url,https://urlhaus.abuse.ch/url/3925466,text_feeds:urlhaus_urls,2026-09-30T12:22:31Z,CLEAR,0.5,phishing;malware-url;urlhaus_urls,https://urlhaus.abuse.ch/downloads/csv_recent/
url,https://urlhaus.abuse.ch/url/3925467,text_feeds:urlhaus_urls,2026-09-30T12:22:31Z,CLEAR,0.5,phishing;malware-url;urlhaus_urls,https://urlhaus.abuse.ch/downloads/csv_recent/
url,https://urlhaus.abuse.ch/url/3925468,text_feeds:urlhaus_urls,2026-09-30T12:22:31Z,CLEAR,0.5,phishing;malware-url;urlhaus_urls,https://urlhaus.abuse.ch/downloads/csv_recent/
url,https://urlhaus.abuse.ch/url/3925469,text_feeds:urlhaus_urls,2026-09-30T12:22:31Z,CLEAR,0.5,phishing;malware-url;urlhaus_urls,https://urlhaus.abuse.ch/downloads/csv_recent/
url,https://urlhaus.abuse.ch/url/3925470,text_feeds:urlhaus_urls,2026-09-30T12:22:31Z,CLEAR,0.5,phishing;malware-url;urlhaus_urls,https://urlhaus.abuse.ch/downloads/csv_recent/
url,https://urlhaus.abuse.ch/url/3925471,text_feeds:urlhaus_urls,2026-09-30T12:22:31Z,CLEAR,0.5,phishing;malware-url;urlhaus_urls,https://urlhaus.abuse.ch/downloads/csv_recent/
url,https://urlhaus.abuse.ch/url/3925472,text_feeds:urlhaus_urls,2026-09-30T12:22:31Z,CLEAR,0.5,phishing;malware-url;urlhaus_urls,https://urlhaus.abuse.ch/downloads/csv_recent/
url,https://urlhaus.abuse.ch/url/3925473,text_feeds:urlhaus_urls,2026-09-30T12:22:31Z,CLEAR,0.5,phishing;malware-url;urlhaus_urls,https://urlhaus.abuse.ch/downloads/csv_recent/
url,https://urlhaus.abuse.ch/url/3925474,text_feeds:urlhaus_urls,2026-09-30T12:22:31Z,CLEAR,0.5,phishing;malware-url;urlhaus_urls,https://urlhaus.abuse.ch/downloads/csv_recent/
url,https://urlhaus.abuse.ch/url/3925475,text_feeds:urlhaus_urls,2026-09-30T12:22:31Z,CLEAR,0.5,phishing;malware-url;urlhaus_urls,https://urlhaus.abuse.ch/downloads/csv_recent/
url,https://urlhaus.abuse.ch/url/3925476,text_feeds:urlhaus_urls,2026-09-30T12:22:31Z,CLEAR,0.5,phishing;malware-url;urlhaus_urls,https://urlhaus.abuse.ch/downloads/csv_recent/
url,https://urlhaus.abuse.ch/url/3925477,text_feeds:urlhaus_urls,2026-09-30T12:22:31Z,CLEAR,0.5,phishing;malware-url;urlhaus_urls,https://urlhaus.abuse.ch/downloads/csv_recent/
url,https://urlhaus.abuse.ch/url/3925478,text_feeds:urlhaus_urls,2026-09-30T12:22:31Z,CLEAR,0.5,phishing;malware-url;urlhaus_urls,https://urlhaus.abuse.ch/downloads/csv_recent/
url,https://urlhaus.abuse.ch/url/3925479,text_feeds:urlhaus_urls,2026-09-30T12:22:31Z,CLEAR,0.5,phishing;malware-url;urlhaus_urls,https://urlhaus.abuse.ch/downloads/csv_recent/
url,https://urlhaus.abuse.ch/url/3925480,text_feeds:urlhaus_urls,2026-09-30T12:22:31Z,CLEAR,0.5,phishing;malware-url;urlhaus_urls,https://urlhaus.abuse.ch/downloads/csv_recent/
url,https://urlhaus.abuse.ch/url/3925481,text_feeds:urlhaus_urls,2026-09-30T12:22:31Z,CLEAR,0.5,phishing;malware-url;urlhaus_urls,https://urlhaus.abuse.ch/downloads/csv_recent/
url,https://urlhaus.abuse.ch/url/3925482,text_feeds:urlhaus_urls,2026-09-30T12:22:31Z,CLEAR,0.5,phishing;malware-url;urlhaus_urls,https://urlhaus.abuse.ch/downloads/csv_recent/
url,https://urlhaus.abuse.ch/url/3925483,text_feeds:urlhaus_urls,2026-09-30T12:22:31Z,CLEAR,0.5,phishing;malware-url;urlhaus_urls,https://urlhaus.abuse.ch/downloads/csv_recent/
url,https://urlhaus.abuse.ch/url/3925484,text_feeds:urlhaus_urls,2026-09-30T12:22:31Z,CLEAR,0.5,phishing;malware-url;urlhaus_urls,https://urlhaus.abuse.ch/downloads/csv_recent/
url,https://urlhaus.abuse.ch/url/3925485,text_feeds:urlhaus_urls,2026-09-30T12:22:31Z,CLEAR,0.5,phishing;malware-url;urlhaus_urls,https://urlhaus.abuse.ch/downloads/csv_recent/
url,https://urlhaus.abuse.ch/url/3925486,text_feeds:urlhaus_urls,2026-09-30T12:22:31Z,CLEAR,0.5,phishing;malware-url;urlhaus_urls,https://urlhaus.abuse.ch/downloads/csv_recent/
url,https://urlhaus.abuse.ch/url/3925487,text_feeds:urlhaus_urls,2026-09-30T12:22:31Z,CLEAR,0.5,phishing;malware-url;urlhaus_urls,https://urlhaus.abuse.ch/downloads/csv_recent/
url,https://urlhaus.abuse.ch/url/3925488,text_feeds:urlhaus_urls,2026-09-30T12:22:31Z,CLEAR,0.5,phishing;malware-url;urlhaus_urls,https://urlhaus.abuse.ch/downloads/csv_recent/
url,https://urlhaus.abuse.ch/url/3925489,text_feeds:urlhaus_urls,2026-09-30T12:22:31Z,CLEAR,0.5,phishing;malware-url;urlhaus_urls,https://urlhaus.abuse.ch/downloads/csv_recent/
url,https://urlhaus.abuse.ch/url/3925490,text_feeds:urlhaus_urls,2026-09-30T12:22:31Z,CLEAR,0.5,phishing;malware-url;urlhaus_urls,https://urlhaus.abuse.ch/downloads/csv_recent/
url,https://urlhaus.abuse.ch/url/3925491,text_feeds:urlhaus_urls,2026-09-30T12:22:31Z,CLEAR,0.5,phishing;malware-url;urlhaus_urls,https://urlhaus.abuse.ch/downloads/csv_recent/
url,https://urlhaus.abuse.ch/url/3925492,text_feeds:urlhaus_urls,2026-09-30T12:22:31Z,CLEAR,0.5,phishing;malware-url;urlhaus_urls,https://urlhaus.abuse.ch/downloads/csv_recent/
url,https://urlhaus.abuse.ch/url/3925493,text_feeds:urlhaus_urls,2026-09-30T12:22:31Z,CLEAR,0.5,phishing;malware-url;urlhaus_urls,https://urlhaus.abuse.ch/downloads/csv_recent/
url,https://urlhaus.abuse.ch/url/3925494,text_feeds:urlhaus_urls,2026-09-30T12:22:31Z,CLEAR,0.5,phishing;malware-url;urlhaus_urls,https://urlhaus.abuse.ch/downloads/csv_recent/
url,https://urlhaus.abuse.ch/url/3925495,text_feeds:urlhaus_urls,2026-09-30T12:22:31Z,CLEAR,0.5,phishing;malware-url;urlhaus_urls,https://urlhaus.abuse.ch/downloads/csv_recent/
url,https://urlhaus.abuse.ch/url/3925496,text_feeds:urlhaus_urls,2026-09-30T12:22:31Z,CLEAR,0.5,phishing;malware-url;urlhaus_urls,https://urlhaus.abuse.ch/downloads/csv_recent/
url,https://urlhaus.abuse.ch/url/3925497,text_feeds:urlhaus_urls,2026-09-30T12:22:31Z,CLEAR,0.5,phishing;malware-url;urlhaus_urls,https://urlhaus.abuse.ch/downloads/csv_recent/
url,https://urlhaus.abuse.ch/url/3925498,text_feeds:urlhaus_urls,2026-09-30T12:22:31Z,CLEAR,0.5,phishing;malware-url;urlhaus_urls,https://urlhaus.abuse.ch/downloads/csv_recent/
url,https://urlhaus.abuse.ch/url/3925499,text_feeds:urlhaus_urls,2026-09-30T12:22:31Z,CLEAR,0.5,phishing;malware-url;urlhaus_urls,https://urlhaus.abuse.ch/downloads/csv_recent/
url,https://urlhaus.abuse.ch/url/3925500,text_feeds:urlhaus_urls,2026-09-30T12:22:31Z,CLEAR,0.5,phishing;malware-url;urlhaus_urls,https://urlhaus.abuse.ch/downloads/csv_recent/
url,https://urlhaus.abuse.ch/url/3925501,text_feeds:urlhaus_urls,2026-09-30T12:22:31Z,CLEAR,0.5,phishing;malware-url;urlhaus_urls,https://urlhaus.abuse.ch/downloads/csv_recent/
url,https://urlhaus.abuse.ch/url/3925502,text_feeds:urlhaus_urls,2026-09-30T12:22:31Z,CLEAR,0.5,phishing;malware-url;urlhaus_urls,https://urlhaus.abuse.ch/downloads/csv_recent/
url,https://urlhaus.abuse.ch/url/3925503,text_feeds:urlhaus_urls,2026-09-30T12:22:31Z,CLEAR,0.5,phishing;malware-url;urlhaus_urls,https://urlhaus.abuse.ch/downloads/csv_recent/
url,https://urlhaus.abuse.ch/url/3925504,text_feeds:urlhaus_urls,2026-09-30T12:22:31Z,CLEAR,0.5,phishing;malware-url;urlhaus_urls,https://urlhaus.abuse.ch/downloads/csv_recent/
url,https://urlhaus.abuse.ch/url/3925505,text_feeds:urlhaus_urls,2026-09-30T12:22:31Z,CLEAR,0.5,phishing;malware-url;urlhaus_urls,https://urlhaus.abuse.ch/downloads/csv_recent/
url,https://urlhaus.abuse.ch/url/3925506,text_feeds:urlhaus_urls,2026-09-30T12:22:31Z,CLEAR,0.5,phishing;malware-url;urlhaus_urls,https://urlhaus.abuse.ch/downloads/csv_recent/
url,https://x2.332toto.net,text_feeds:threatfox_c2,2026-09-30T10:25:45Z,CLEAR,0.5,c2;threatfox_c2,https://threatfox.abuse.ch/export/csv/recent/
url,https://x2.334v.org,text_feeds:threatfox_c2,2026-09-30T10:30:45Z,CLEAR,0.5,c2;threatfox_c2,https://threatfox.abuse.ch/export/csv/recent/
url,https://x2.369jk.org,text_feeds:threatfox_c2,2026-09-30T10:55:45Z,CLEAR,0.5,c2;threatfox_c2,https://threatfox.abuse.ch/export/csv/recent/
url,https://xaerosminimap.com/xaerosminimap-fabric-1.21.11.jar,text_feeds:urlhaus_urls,2026-09-30T12:22:31Z,CLEAR,0.5,phishing;malware-url;urlhaus_urls,https://urlhaus.abuse.ch/downloads/csv_recent/
url,https://xaerosminimap.com/xaerosminimap-fabric-1.21.4.jar,text_feeds:urlhaus_urls,2026-09-30T12:22:31Z,CLEAR,0.5,phishing;malware-url;urlhaus_urls,https://urlhaus.abuse.ch/downloads/csv_recent/
url,https://xt.32naga.net,text_feeds:threatfox_c2,2026-09-29T21:40:46Z,CLEAR,0.5,c2;threatfox_c2,https://threatfox.abuse.ch/export/csv/recent/
url,https://xt.5-rt.org,text_feeds:threatfox_c2,2026-09-30T05:49:01Z,CLEAR,0.5,c2;threatfox_c2,https://threatfox.abuse.ch/export/csv/recent/
